Workbook

Sheet DATA
A1: IMO_NOMBRE | B1: IMO_PILA | C1: IMO_EQUIPO | D1: IMO_TEL | E1: PX_NOMBRE | F1: PX_EQUIPO | G1: ESTADO | H1: FECHA_RESP | I1: OBSERVACIONES
A2: Nunez Tapia Mayra Alexandra | B2: Mayra | C2: EQUIPO 104 | D2: 0984946974 | E2: Jorge Jeyner Uceda Agapito | F2: EQUIPO 21 | G2: PENDIENTE
A3: Micolta Gracia Briana Kimberli | B3: Briana | C3: EQUIPO 105 | D3: 0983476990 | E3: Mary Laura Donayre Navarrete | F3: EQUIPO 22 | G3: PENDIENTE
A4: Esposito Farfan Daniela De La Trinidad | B4: Daniela | C4: EQUIPO 108 | D4: 0981188999 | E4: Yoneglis May-Ling Conde Garcia | F4: EQUIPO 23 | G4: PENDIENTE
A5: Cubillo Vera Liliana Lilibeth | B5: Liliana | C5: EQUIPO 109 | D5: 0996521133 | E5: Twiggy Carmen Aguirre Sanchez | F5: EQUIPO 23 | G5: PENDIENTE
A6: Rodriguez Gallegos Adrian Andre | B6: Adrian | C6: EQUIPO 109 | D6: 0981523455 | E6: Camila Celena Machaca Pacompia | F6: EQUIPO 24 | G6: PENDIENTE
A7: Lopez Chahua Sandra Marlene | B7: Sandra | C7: EQUIPO 14 | D7: 970870801 | E7: Moises Mancisidor Dominguez | F7: EQUIPO 17 | G7: PENDIENTE
A8: Lopez Chahua Sandra Marlene | B8: Sandra | C8: EQUIPO 14 | D8: 970870801 | E8: Lida Mancisidor Lopez | F8: EQUIPO 17 | G8: PENDIENTE
A9: Borjas Ormeno Roxana Florentina | B9: Roxana | C9: EQUIPO 14 | D9: 961718880 | E9: Belén María Gutiérrez Vásquez | F9: EQUIPO 17 | G9: PENDIENTE
A10: Borjas Ormeno Roxana Florentina | B10: Roxana | C10: EQUIPO 14 | D10: 961718880 | E10: Yessenia Brillith Robles Zamora | F10: EQUIPO 24 | G10: PENDIENTE
A11: Anaya Espinoza Nora | B11: Nora | C11: EQUIPO 14 | D11: 966103120 | E11: Anyeli Suney Prado Gómez | F11: EQUIPO 17 | G11: PENDIENTE
A12: Jaramillo Pinedo Reyna | B12: Reyna | C12: EQUIPO 14 | D12: 954821488 | E12: Magaly Yenny Jaramillo Pinedo | F12: EQUIPO 17 | G12: PENDIENTE
A13: Tello Sarmiento Flor De Cantuta | B13: Flor | C13: EQUIPO 14 | D13: 995864425 | E13: Silvia Cecilia Tello Rojas | F13: EQUIPO 17 | G13: PENDIENTE
... A747: Rivera Toyama Manuel Yakima | B747: Manuel | C747: EQUIPO 25 | D747: 996612880 | E747: Pedro Eder Espinoza Alva | F747: EQUIPO 19 | G747: PENDIENTE

Sheet MENSAJES_IMO
A1: 📨 CAMPAÑA REZAGADOS C1 E27 | Comunicaciones Crear Poder Sin Límites Perú | 1-3 mayo 2026
A2: ="IMOs: "&COUNTA(MENSAJES_IMO!B5:B9999)&" | Px campaña: "&COUNTA(DATA!E2:E9999)&" | Confirmados: "&COUNTIF(DATA!G:G,"CONFIRMADO")&" | Pendientes: "&COUNTIF(DATA!G:G,"PENDIENTE") -> IMOs: 282 | Px campaña: 746 | Confirmados: 0 | Pendientes: 746
A3: N° | B3: NOMBRE IMO | C3: EQUIPO IMO | D3: TEL. IMO | E3: PX TOTAL | F3: CONFIRMADOS | G3: ESTADO | H3: MENSAJE WA
A5: 1 | B5: Nunez Tapia Mayra Alexandra | C5: EQUIPO 104 | D5: 0984946974 | E5: =COUNTIF(DATA!A:A,B5) -> 1 | F5: =COUNTIFS(DATA!A:A,B5,DATA!G:G,"CONFIRMADO") -> 0 | G5: =IF(E5=0,"SIN DATA",IF(F5=E5,"✅ COMPLETO",IF(F5>0,"🔄 PARCIAL",IF(COUNTIFS(DATA!A:A,B5,DATA!G:G,"PENDIENTE")=E5,"⏳ PENDIENTE","⚠ MIXTO")))) -> ⏳ PENDIENTE | H5: ="Hola "&IFERROR(LEFT(TRIM(MID(B5,FIND(" ",B5,FIND(" ",B5)+1)+1,100)),IFERROR(FIND(" ",TRIM(MID(B5,FIND(" ",B5,FIND(" ",B5)+1)+1,100)))-1,100)),TRIM(MID(B5,FIND(" ",B5&" ")+1,100)))&", buen día."&CHAR(10)&CHAR(10)&"Te escribo porque una persona de tu equipo aún no se ha sentado en el Capítulo 1:"&CHAR(10)&CHAR(10)&"1. Jorge Jeyner Uceda Agapito"&CHAR(10)&CHAR(10)&"El próximo C1 es el 1, 2 y 3 de mayo. Necesito saber el estatus real de esta persona: si tiene la intención de sentarse, qué está pasando con su proceso y si cuenta con tu acompañamiento para llegar."&CHAR(10)&CHAR(10)&"Por favor respóndenos a este mismo número con el estatus de esta persona antes del viernes."&CHAR(10)&CHAR(10)&"Comunicaciones Crear Poder Sin Límites Perú" -> Hola Mayra, buen día. Te escribo porque una persona de tu equipo aún no se ha sentado en el Capítulo 1: 1. Jorge Jeyner Uceda Agapito El próximo C1 es el 1, 2 y 3 de mayo. Necesito saber el estatus real de esta persona: si tiene la intención de sentarse, qué está pasando con su proceso y si cuenta con tu acompañamiento para llegar. Por favor respóndenos a este mismo número con el estatus de esta persona antes del viernes. Comunicaciones Crear Poder Sin Límites Perú
A6: 2 | B6: Micolta Gracia Briana Kimberli | C6: EQUIPO 105 | D6: 0983476990 | E6: =COUNTIF(DATA!A:A,B6) -> 1 | F6: =COUNTIFS(DATA!A:A,B6,DATA!G:G,"CONFIRMADO") -> 0 | G6: =IF(E6=0,"SIN DATA",IF(F6=E6,"✅ COMPLETO",IF(F6>0,"🔄 PARCIAL",IF(COUNTIFS(DATA!A:A,B6,DATA!G:G,"PENDIENTE")=E6,"⏳ PENDIENTE","⚠ MIXTO")))) -> ⏳ PENDIENTE | H6: ="Hola "&IFERROR(LEFT(TRIM(MID(B6,FIND(" ",B6,FIND(" ",B6)+1)+1,100)),IFERROR(FIND(" ",TRIM(MID(B6,FIND(" ",B6,FIND(" ",B6)+1)+1,100)))-1,100)),TRIM(MID(B6,FIND(" ",B6&" ")+1,100)))&", buen día."&CHAR(10)&CHAR(10)&"Te escribo porque una persona de tu equipo aún no se ha sentado en el Capítulo 1:"&CHAR(10)&CHAR(10)&"1. Mary Laura Donayre Navarrete"&CHAR(10)&CHAR(10)&"El próximo C1 es el 1, 2 y 3 de mayo. Necesito saber el estatus real de esta persona: si tiene la intención de sentarse, qué está pasando con su proceso y si cuenta con tu acompañamiento para llegar."&CHAR(10)&CHAR(10)&"Por favor respóndenos a este mismo número con el estatus de esta persona antes del viernes."&CHAR(10)&CHAR(10)&"Comunicaciones Crear Poder Sin Límites Perú" -> Hola Briana, buen día. Te escribo porque una persona de tu equipo aún no se ha sentado en el Capítulo 1: 1. Mary Laura Donayre Navarrete El próximo C1 es el 1, 2 y 3 de mayo. Necesito saber el estatus real de esta persona: si tiene la intención de sentarse, qué está pasando con su proceso y si cuenta con tu acompañamiento para llegar. Por favor respóndenos a este mismo número con el estatus de esta persona antes del viernes. Comunicaciones Crear Poder Sin Límites Perú
A7: 3 | B7: Esposito Farfan Daniela De La Trinidad | C7: EQUIPO 108 | D7: 0981188999 | E7: =COUNTIF(DATA!A:A,B7) -> 1 | F7: =COUNTIFS(DATA!A:A,B7,DATA!G:G,"CONFIRMADO") -> 0 | G7: =IF(E7=0,"SIN DATA",IF(F7=E7,"✅ COMPLETO",IF(F7>0,"🔄 PARCIAL",IF(COUNTIFS(DATA!A:A,B7,DATA!G:G,"PENDIENTE")=E7,"⏳ PENDIENTE","⚠ MIXTO")))) -> ⏳ PENDIENTE | H7: ="Hola "&IFERROR(LEFT(TRIM(MID(B7,FIND(" ",B7,FIND(" ",B7)+1)+1,100)),IFERROR(FIND(" ",TRIM(MID(B7,FIND(" ",B7,FIND(" ",B7)+1)+1,100)))-1,100)),TRIM(MID(B7,FIND(" ",B7&" ")+1,100)))&", buen día."&CHAR(10)&CHAR(10)&"Te escribo porque una persona de tu equipo aún no se ha sentado en el Capítulo 1:"&CHAR(10)&CHAR(10)&"1. Yoneglis May-Ling Conde Garcia"&CHAR(10)&CHAR(10)&"El próximo C1 es el 1, 2 y 3 de mayo. Necesito saber el estatus real de esta persona: si tiene la intención de sentarse, qué está pasando con su proceso y si cuenta con tu acompañamiento para llegar."&CHAR(10)&CHAR(10)&"Por favor respóndenos a este mismo número con el estatus de esta persona antes del viernes."&CHAR(10)&CHAR(10)&"Comunicaciones Crear Poder Sin Límites Perú" -> Hola Daniela, buen día. Te escribo porque una persona de tu equipo aún no se ha sentado en el Capítulo 1: 1. Yoneglis May-Ling Conde Garcia El próximo C1 es el 1, 2 y 3 de mayo. Necesito saber el estatus real de esta persona: si tiene la intención de sentarse, qué está pasando con su proceso y si cuenta con tu acompañamiento para llegar. Por favor respóndenos a este mismo número con el estatus de esta persona antes del viernes. Comunicaciones Crear Poder Sin Límites Perú
A8: 4 | B8: Cubillo Vera Liliana Lilibeth | C8: EQUIPO 109 | D8: 0996521133 | E8: =COUNTIF(DATA!A:A,B8) -> 1 | F8: =COUNTIFS(DATA!A:A,B8,DATA!G:G,"CONFIRMADO") -> 0 | G8: =IF(E8=0,"SIN DATA",IF(F8=E8,"✅ COMPLETO",IF(F8>0,"🔄 PARCIAL",IF(COUNTIFS(DATA!A:A,B8,DATA!G:G,"PENDIENTE")=E8,"⏳ PENDIENTE","⚠ MIXTO")))) -> ⏳ PENDIENTE | H8: ="Hola "&IFERROR(LEFT(TRIM(MID(B8,FIND(" ",B8,FIND(" ",B8)+1)+1,100)),IFERROR(FIND(" ",TRIM(MID(B8,FIND(" ",B8,FIND(" ",B8)+1)+1,100)))-1,100)),TRIM(MID(B8,FIND(" ",B8&" ")+1,100)))&", buen día."&CHAR(10)&CHAR(10)&"Te escribo porque una persona de tu equipo aún no se ha sentado en el Capítulo 1:"&CHAR(10)&CHAR(10)&"1. Twiggy Carmen Aguirre Sanchez"&CHAR(10)&CHAR(10)&"El próximo C1 es el 1, 2 y 3 de mayo. Necesito saber el estatus real de esta persona: si tiene la intención de sentarse, qué está pasando con su proceso y si cuenta con tu acompañamiento para llegar."&CHAR(10)&CHAR(10)&"Por favor respóndenos a este mismo número con el estatus de esta persona antes del viernes."&CHAR(10)&CHAR(10)&"Comunicaciones Crear Poder Sin Límites Perú" -> Hola Liliana, buen día. Te escribo porque una persona de tu equipo aún no se ha sentado en el Capítulo 1: 1. Twiggy Carmen Aguirre Sanchez El próximo C1 es el 1, 2 y 3 de mayo. Necesito saber el estatus real de esta persona: si tiene la intención de sentarse, qué está pasando con su proceso y si cuenta con tu acompañamiento para llegar. Por favor respóndenos a este mismo número con el estatus de esta persona antes del viernes. Comunicaciones Crear Poder Sin Límites Perú
A9: 5 | B9: Rodriguez Gallegos Adrian Andre | C9: EQUIPO 109 | D9: 0981523455 | E9: =COUNTIF(DATA!A:A,B9) -> 1 | F9: =COUNTIFS(DATA!A:A,B9,DATA!G:G,"CONFIRMADO") -> 0 | G9: =IF(E9=0,"SIN DATA",IF(F9=E9,"✅ COMPLETO",IF(F9>0,"🔄 PARCIAL",IF(COUNTIFS(DATA!A:A,B9,DATA!G:G,"PENDIENTE")=E9,"⏳ PENDIENTE","⚠ MIXTO")))) -> ⏳ PENDIENTE | H9: ="Hola "&IFERROR(LEFT(TRIM(MID(B9,FIND(" ",B9,FIND(" ",B9)+1)+1,100)),IFERROR(FIND(" ",TRIM(MID(B9,FIND(" ",B9,FIND(" ",B9)+1)+1,100)))-1,100)),TRIM(MID(B9,FIND(" ",B9&" ")+1,100)))&", buen día."&CHAR(10)&CHAR(10)&"Te escribo porque una persona de tu equipo aún no se ha sentado en el Capítulo 1:"&CHAR(10)&CHAR(10)&"1. Camila Celena Machaca Pacompia"&CHAR(10)&CHAR(10)&"El próximo C1 es el 1, 2 y 3 de mayo. Necesito saber el estatus real de esta persona: si tiene la intención de sentarse, qué está pasando con su proceso y si cuenta con tu acompañamiento para llegar."&CHAR(10)&CHAR(10)&"Por favor respóndenos a este mismo número con el estatus de esta persona antes del viernes."&CHAR(10)&CHAR(10)&"Comunicaciones Crear Poder Sin Límites Perú" -> Hola Adrian, buen día. Te escribo porque una persona de tu equipo aún no se ha sentado en el Capítulo 1: 1. Camila Celena Machaca Pacompia El próximo C1 es el 1, 2 y 3 de mayo. Necesito saber el estatus real de esta persona: si tiene la intención de sentarse, qué está pasando con su proceso y si cuenta con tu acompañamiento para llegar. Por favor respóndenos a este mismo número con el estatus de esta persona antes del viernes. Comunicaciones Crear Poder Sin Límites Perú
A10: 6 | B10: Lopez Chahua Sandra Marlene | C10: EQUIPO 14 | D10: 970870801 | E10: =COUNTIF(DATA!A:A,B10) -> 2 | F10: =COUNTIFS(DATA!A:A,B10,DATA!G:G,"CONFIRMADO") -> 0 | G10: =IF(E10=0,"SIN DATA",IF(F10=E10,"✅ COMPLETO",IF(F10>0,"🔄 PARCIAL",IF(COUNTIFS(DATA!A:A,B10,DATA!G:G,"PENDIENTE")=E10,"⏳ PENDIENTE","⚠ MIXTO")))) -> ⏳ PENDIENTE | H10: ="Hola "&IFERROR(LEFT(TRIM(MID(B10,FIND(" ",B10,FIND(" ",B10)+1)+1,100)),IFERROR(FIND(" ",TRIM(MID(B10,FIND(" ",B10,FIND(" ",B10)+1)+1,100)))-1,100)),TRIM(MID(B10,FIND(" ",B10&" ")+1,100)))&", buen día."&CHAR(10)&CHAR(10)&"Te escribo porque "&E10&" personas de tu equipo aún no se han sentado en el Capítulo 1:"&CHAR(10)&CHAR(10)&"1. Moises Mancisidor Dominguez 2. Lida Mancisidor Lopez"&CHAR(10)&CHAR(10)&"El próximo C1 es el 1, 2 y 3 de mayo. Necesito saber el estatus real de cada uno: si tienen la intención de sentarse, qué está pasando con su proceso y si cuentan con tu acompañamiento para llegar."&CHAR(10)&CHAR(10)&"Por favor respóndenos a este mismo número con el estatus de cada uno antes del viernes."&CHAR(10)&CHAR(10)&"Comunicaciones Crear Poder Sin Límites Perú" -> Hola Sandra, buen día. Te escribo porque 2 personas de tu equipo aún no se han sentado en el Capítulo 1: 1. Moises Mancisidor Dominguez 2. Lida Mancisidor Lopez El próximo C1 es el 1, 2 y 3 de mayo. Necesito saber el estatus real de cada uno: si tienen la intención de sentarse, qué está pasando con su proceso y si cuentan con tu acompañamiento para llegar. Por favor respóndenos a este mismo número con el estatus de cada uno antes del viernes. Comunicaciones Crear Poder Sin Límites Perú
A11: 7 | B11: Borjas Ormeno Roxana Florentina | C11: EQUIPO 14 | D11: 961718880 | E11: =COUNTIF(DATA!A:A,B11) -> 2 | F11: =COUNTIFS(DATA!A:A,B11,DATA!G:G,"CONFIRMADO") -> 0 | G11: =IF(E11=0,"SIN DATA",IF(F11=E11,"✅ COMPLETO",IF(F11>0,"🔄 PARCIAL",IF(COUNTIFS(DATA!A:A,B11,DATA!G:G,"PENDIENTE")=E11,"⏳ PENDIENTE","⚠ MIXTO")))) -> ⏳ PENDIENTE | H11: ="Hola "&IFERROR(LEFT(TRIM(MID(B11,FIND(" ",B11,FIND(" ",B11)+1)+1,100)),IFERROR(FIND(" ",TRIM(MID(B11,FIND(" ",B11,FIND(" ",B11)+1)+1,100)))-1,100)),TRIM(MID(B11,FIND(" ",B11&" ")+1,100)))&", buen día."&CHAR(10)&CHAR(10)&"Te escribo porque "&E11&" personas de tu equipo aún no se han sentado en el Capítulo 1:"&CHAR(10)&CHAR(10)&"1. Belén María Gutiérrez Vásquez 2. Yessenia Brillith Robles Zamora"&CHAR(10)&CHAR(10)&"El próximo C1 es el 1, 2 y 3 de mayo. Necesito saber el estatus real de cada uno: si tienen la intención de sentarse, qué está pasando con su proceso y si cuentan con tu acompañamiento para llegar."&CHAR(10)&CHAR(10)&"Por favor respóndenos a este mismo número con el estatus de cada uno antes del viernes."&CHAR(10)&CHAR(10)&"Comunicaciones Crear Poder Sin Límites Perú" -> Hola Roxana, buen día. Te escribo porque 2 personas de tu equipo aún no se han sentado en el Capítulo 1: 1. Belén María Gutiérrez Vásquez 2. Yessenia Brillith Robles Zamora El próximo C1 es el 1, 2 y 3 de mayo. Necesito saber el estatus real de cada uno: si tienen la intención de sentarse, qué está pasando con su proceso y si cuentan con tu acompañamiento para llegar. Por favor respóndenos a este mismo número con el estatus de cada uno antes del viernes. Comunicaciones Crear Poder Sin Límites Perú
A12: 8 | B12: Anaya Espinoza Nora | C12: EQUIPO 14 | D12: 966103120 | E12: =COUNTIF(DATA!A:A,B12) -> 1 | F12: =COUNTIFS(DATA!A:A,B12,DATA!G:G,"CONFIRMADO") -> 0 | G12: =IF(E12=0,"SIN DATA",IF(F12=E12,"✅ COMPLETO",IF(F12>0,"🔄 PARCIAL",IF(COUNTIFS(DATA!A:A,B12,DATA!G:G,"PENDIENTE")=E12,"⏳ PENDIENTE","⚠ MIXTO")))) -> ⏳ PENDIENTE | H12: ="Hola "&IFERROR(LEFT(TRIM(MID(B12,FIND(" ",B12,FIND(" ",B12)+1)+1,100)),IFERROR(FIND(" ",TRIM(MID(B12,FIND(" ",B12,FIND(" ",B12)+1)+1,100)))-1,100)),TRIM(MID(B12,FIND(" ",B12&" ")+1,100)))&", buen día."&CHAR(10)&CHAR(10)&"Te escribo porque una persona de tu equipo aún no se ha sentado en el Capítulo 1:"&CHAR(10)&CHAR(10)&"1. Anyeli Suney Prado Gómez"&CHAR(10)&CHAR(10)&"El próximo C1 es el 1, 2 y 3 de mayo. Necesito saber el estatus real de esta persona: si tiene la intención de sentarse, qué está pasando con su proceso y si cuenta con tu acompañamiento para llegar."&CHAR(10)&CHAR(10)&"Por favor respóndenos a este mismo número con el estatus de esta persona antes del viernes."&CHAR(10)&CHAR(10)&"Comunicaciones Crear Poder Sin Límites Perú" -> Hola Nora, buen día. Te escribo porque una persona de tu equipo aún no se ha sentado en el Capítulo 1: 1. Anyeli Suney Prado Gómez El próximo C1 es el 1, 2 y 3 de mayo. Necesito saber el estatus real de esta persona: si tiene la intención de sentarse, qué está pasando con su proceso y si cuenta con tu acompañamiento para llegar. Por favor respóndenos a este mismo número con el estatus de esta persona antes del viernes. Comunicaciones Crear Poder Sin Límites Perú
A13: 9 | B13: Jaramillo Pinedo Reyna | C13: EQUIPO 14 | D13: 954821488 | E13: =COUNTIF(DATA!A:A,B13) -> 1 | F13: =COUNTIFS(DATA!A:A,B13,DATA!G:G,"CONFIRMADO") -> 0 | G13: =IF(E13=0,"SIN DATA",IF(F13=E13,"✅ COMPLETO",IF(F13>0,"🔄 PARCIAL",IF(COUNTIFS(DATA!A:A,B13,DATA!G:G,"PENDIENTE")=E13,"⏳ PENDIENTE","⚠ MIXTO")))) -> ⏳ PENDIENTE | H13: ="Hola "&IFERROR(LEFT(TRIM(MID(B13,FIND(" ",B13,FIND(" ",B13)+1)+1,100)),IFERROR(FIND(" ",TRIM(MID(B13,FIND(" ",B13,FIND(" ",B13)+1)+1,100)))-1,100)),TRIM(MID(B13,FIND(" ",B13&" ")+1,100)))&", buen día."&CHAR(10)&CHAR(10)&"Te escribo porque una persona de tu equipo aún no se ha sentado en el Capítulo 1:"&CHAR(10)&CHAR(10)&"1. Magaly Yenny Jaramillo Pinedo"&CHAR(10)&CHAR(10)&"El próximo C1 es el 1, 2 y 3 de mayo. Necesito saber el estatus real de esta persona: si tiene la intención de sentarse, qué está pasando con su proceso y si cuenta con tu acompañamiento para llegar."&CHAR(10)&CHAR(10)&"Por favor respóndenos a este mismo número con el estatus de esta persona antes del viernes."&CHAR(10)&CHAR(10)&"Comunicaciones Crear Poder Sin Límites Perú" -> Hola Reyna, buen día. Te escribo porque una persona de tu equipo aún no se ha sentado en el Capítulo 1: 1. Magaly Yenny Jaramillo Pinedo El próximo C1 es el 1, 2 y 3 de mayo. Necesito saber el estatus real de esta persona: si tiene la intención de sentarse, qué está pasando con su proceso y si cuenta con tu acompañamiento para llegar. Por favor respóndenos a este mismo número con el estatus de esta persona antes del viernes. Comunicaciones Crear Poder Sin Límites Perú
A14: 10 | B14: Tello Sarmiento Flor De Cantuta | C14: EQUIPO 14 | D14: 995864425 | E14: =COUNTIF(DATA!A:A,B14) -> 3 | F14: =COUNTIFS(DATA!A:A,B14,DATA!G:G,"CONFIRMADO") -> 0 | G14: =IF(E14=0,"SIN DATA",IF(F14=E14,"✅ COMPLETO",IF(F14>0,"🔄 PARCIAL",IF(COUNTIFS(DATA!A:A,B14,DATA!G:G,"PENDIENTE")=E14,"⏳ PENDIENTE","⚠ MIXTO")))) -> ⏳ PENDIENTE | H14: ="Hola "&IFERROR(LEFT(TRIM(MID(B14,FIND(" ",B14,FIND(" ",B14)+1)+1,100)),IFERROR(FIND(" ",TRIM(MID(B14,FIND(" ",B14,FIND(" ",B14)+1)+1,100)))-1,100)),TRIM(MID(B14,FIND(" ",B14&" ")+1,100)))&", buen día."&CHAR(10)&CHAR(10)&"Te escribo porque "&E14&" personas de tu equipo aún no se han sentado en el Capítulo 1:"&CHAR(10)&CHAR(10)&"1. Silvia Cecilia Tello Rojas 2. Julio Cesar Tello Rojas 3. Hermelinda Delgado Heredia"&CHAR(10)&CHAR(10)&"El próximo C1 es el 1, 2 y 3 de mayo. Necesito saber el estatus real de cada uno: si tienen la intención de sentarse, qué está pasando con su proceso y si cuentan con tu acompañamiento para llegar."&CHAR(10)&CHAR(10)&"Por favor respóndenos a este mismo número con el estatus de cada uno antes del viernes."&CHAR(10)&CHAR(10)&"Comunicaciones Crear Poder Sin Límites Perú" -> Hola Flor, buen día. Te escribo porque 3 personas de tu equipo aún no se han sentado en el Capítulo 1: 1. Silvia Cecilia Tello Rojas 2. Julio Cesar Tello Rojas 3. Hermelinda Delgado Heredia El próximo C1 es el 1, 2 y 3 de mayo. Necesito saber el estatus real de cada uno: si tienen la intención de sentarse, qué está pasando con su proceso y si cuentan con tu acompañamiento para llegar. Por favor respóndenos a este mismo número con el estatus de cada uno antes del viernes. Comunicaciones Crear Poder Sin Límites Perú
A15: 11 | B15: Conga Huarcaya Jessica | C15: EQUIPO 14 | D15: 974632398 | E15: =COUNTIF(DATA!A:A,B15) -> 1 | F15: =COUNTIFS(DATA!A:A,B15,DATA!G:G,"CONFIRMADO") -> 0 | G15: =IF(E15=0,"SIN DATA",IF(F15=E15,"✅ COMPLETO",IF(F15>0,"🔄 PARCIAL",IF(COUNTIFS(DATA!A:A,B15,DATA!G:G,"PENDIENTE")=E15,"⏳ PENDIENTE","⚠ MIXTO")))) -> ⏳ PENDIENTE | H15: ="Hola "&IFERROR(LEFT(TRIM(MID(B15,FIND(" ",B15,FIND(" ",B15)+1)+1,100)),IFERROR(FIND(" ",TRIM(MID(B15,FIND(" ",B15,FIND(" ",B15)+1)+1,100)))-1,100)),TRIM(MID(B15,FIND(" ",B15&" ")+1,100)))&", buen día."&CHAR(10)&CHAR(10)&"Te escribo porque una persona de tu equipo aún no se ha sentado en el Capítulo 1:"&CHAR(10)&CHAR(10)&"1. Carolina Floresmila Montoro Acosta"&CHAR(10)&CHAR(10)&"El próximo C1 es el 1, 2 y 3 de mayo. Necesito saber el estatus real de esta persona: si tiene la intención de sentarse, qué está pasando con su proceso y si cuenta con tu acompañamiento para llegar."&CHAR(10)&CHAR(10)&"Por favor respóndenos a este mismo número con el estatus de esta persona antes del viernes."&CHAR(10)&CHAR(10)&"Comunicaciones Crear Poder Sin Límites Perú" -> Hola Jessica, buen día. Te escribo porque una persona de tu equipo aún no se ha sentado en el Capítulo 1: 1. Carolina Floresmila Montoro Acosta El próximo C1 es el 1, 2 y 3 de mayo. Necesito saber el estatus real de esta persona: si tiene la intención de sentarse, qué está pasando con su proceso y si cuenta con tu acompañamiento para llegar. Por favor respóndenos a este mismo número con el estatus de esta persona antes del viernes. Comunicaciones Crear Poder Sin Límites Perú
A16: 12 | B16: Minchola Valdivia Gian Carlo Duval | C16: EQUIPO 14 | D16: 970784090 | E16: =COUNTIF(DATA!A:A,B16) -> 1 | F16: =COUNTIFS(DATA!A:A,B16,DATA!G:G,"CONFIRMADO") -> 0 | G16: =IF(E16=0,"SIN DATA",IF(F16=E16,"✅ COMPLETO",IF(F16>0,"🔄 PARCIAL",IF(COUNTIFS(DATA!A:A,B16,DATA!G:G,"PENDIENTE")=E16,"⏳ PENDIENTE","⚠ MIXTO")))) -> ⏳ PENDIENTE | H16: ="Hola "&IFERROR(LEFT(TRIM(MID(B16,FIND(" ",B16,FIND(" ",B16)+1)+1,100)),IFERROR(FIND(" ",TRIM(MID(B16,FIND(" ",B16,FIND(" ",B16)+1)+1,100)))-1,100)),TRIM(MID(B16,FIND(" ",B16&" ")+1,100)))&", buen día."&CHAR(10)&CHAR(10)&"Te escribo porque una persona de tu equipo aún no se ha sentado en el Capítulo 1:"&CHAR(10)&CHAR(10)&"1. Jose Luis Montoya Garcia"&CHAR(10)&CHAR(10)&"El próximo C1 es el 1, 2 y 3 de mayo. Necesito saber el estatus real de esta persona: si tiene la intención de sentarse, qué está pasando con su proceso y si cuenta con tu acompañamiento para llegar."&CHAR(10)&CHAR(10)&"Por favor respóndenos a este mismo número con el estatus de esta persona antes del viernes."&CHAR(10)&CHAR(10)&"Comunicaciones Crear Poder Sin Límites Perú" -> Hola Gian, buen día. Te escribo porque una persona de tu equipo aún no se ha sentado en el Capítulo 1: 1. Jose Luis Montoya Garcia El próximo C1 es el 1, 2 y 3 de mayo. Necesito saber el estatus real de esta persona: si tiene la intención de sentarse, qué está pasando con su proceso y si cuenta con tu acompañamiento para llegar. Por favor respóndenos a este mismo número con el estatus de esta persona antes del viernes. Comunicaciones Crear Poder Sin Límites Perú
A17: 13 | B17: Chavez Romero Marilin Leslie | C17: EQUIPO 14 | D17: 964212086 | E17: =COUNTIF(DATA!A:A,B17) -> 1 | F17: =COUNTIFS(DATA!A:A,B17,DATA!G:G,"CONFIRMADO") -> 0 | G17: =IF(E17=0,"SIN DATA",IF(F17=E17,"✅ COMPLETO",IF(F17>0,"🔄 PARCIAL",IF(COUNTIFS(DATA!A:A,B17,DATA!G:G,"PENDIENTE")=E17,"⏳ PENDIENTE","⚠ MIXTO")))) -> ⏳ PENDIENTE | H17: ="Hola "&IFERROR(LEFT(TRIM(MID(B17,FIND(" ",B17,FIND(" ",B17)+1)+1,100)),IFERROR(FIND(" ",TRIM(MID(B17,FIND(" ",B17,FIND(" ",B17)+1)+1,100)))-1,100)),TRIM(MID(B17,FIND(" ",B17&" ")+1,100)))&", buen día."&CHAR(10)&CHAR(10)&"Te escribo porque una persona de tu equipo aún no se ha sentado en el Capítulo 1:"&CHAR(10)&CHAR(10)&"1. Ruth Milagros Morán Morán"&CHAR(10)&CHAR(10)&"El próximo C1 es el 1, 2 y 3 de mayo. Necesito saber el estatus real de esta persona: si tiene la intención de sentarse, qué está pasando con su proceso y si cuenta con tu acompañamiento para llegar."&CHAR(10)&CHAR(10)&"Por favor respóndenos a este mismo número con el estatus de esta persona antes del viernes."&CHAR(10)&CHAR(10)&"Comunicaciones Crear Poder Sin Límites Perú" -> Hola Marilin, buen día. Te escribo porque una persona de tu equipo aún no se ha sentado en el Capítulo 1: 1. Ruth Milagros Morán Morán El próximo C1 es el 1, 2 y 3 de mayo. Necesito saber el estatus real de esta persona: si tiene la intención de sentarse, qué está pasando con su proceso y si cuenta con tu acompañamiento para llegar. Por favor respóndenos a este mismo número con el estatus de esta persona antes del viernes. Comunicaciones Crear Poder Sin Límites Perú
A18: 14 | B18: Perez Chinchay Carmen Gricelda | C18: EQUIPO 14 | D18: 936558835 | E18: =COUNTIF(DATA!A:A,B18) -> 1 | F18: =COUNTIFS(DATA!A:A,B18,DATA!G:G,"CONFIRMADO") -> 0 | G18: =IF(E18=0,"SIN DATA",IF(F18=E18,"✅ COMPLETO",IF(F18>0,"🔄 PARCIAL",IF(COUNTIFS(DATA!A:A,B18,DATA!G:G,"PENDIENTE")=E18,"⏳ PENDIENTE","⚠ MIXTO")))) -> ⏳ PENDIENTE | H18: ="Hola "&IFERROR(LEFT(TRIM(MID(B18,FIND(" ",B18,FIND(" ",B18)+1)+1,100)),IFERROR(FIND(" ",TRIM(MID(B18,FIND(" ",B18,FIND(" ",B18)+1)+1,100)))-1,100)),TRIM(MID(B18,FIND(" ",B18&" ")+1,100)))&", buen día."&CHAR(10)&CHAR(10)&"Te escribo porque una persona de tu equipo aún no se ha sentado en el Capítulo 1:"&CHAR(10)&CHAR(10)&"1. Mercedes Niquin Dominguez"&CHAR(10)&CHAR(10)&"El próximo C1 es el 1, 2 y 3 de mayo. Necesito saber el estatus real de esta persona: si tiene la intención de sentarse, qué está pasando con su proceso y si cuenta con tu acompañamiento para llegar."&CHAR(10)&CHAR(10)&"Por favor respóndenos a este mismo número con el estatus de esta persona antes del viernes."&CHAR(10)&CHAR(10)&"Comunicaciones Crear Poder Sin Límites Perú" -> Hola Carmen, buen día. Te escribo porque una persona de tu equipo aún no se ha sentado en el Capítulo 1: 1. Mercedes Niquin Dominguez El próximo C1 es el 1, 2 y 3 de mayo. Necesito saber el estatus real de esta persona: si tiene la intención de sentarse, qué está pasando con su proceso y si cuenta con tu acompañamiento para llegar. Por favor respóndenos a este mismo número con el estatus de esta persona antes del viernes. Comunicaciones Crear Poder Sin Límites Perú
A19: 15 | B19: Antaurco Perez Jesus Julio | C19: EQUIPO 14 | D19: 977473283 | E19: =COUNTIF(DATA!A:A,B19) -> 1 | F19: =COUNTIFS(DATA!A:A,B19,DATA!G:G,"CONFIRMADO") -> 0 | G19: =IF(E19=0,"SIN DATA",IF(F19=E19,"✅ COMPLETO",IF(F19>0,"🔄 PARCIAL",IF(COUNTIFS(DATA!A:A,B19,DATA!G:G,"PENDIENTE")=E19,"⏳ PENDIENTE","⚠ MIXTO")))) -> ⏳ PENDIENTE | H19: ="Hola "&IFERROR(LEFT(TRIM(MID(B19,FIND(" ",B19,FIND(" ",B19)+1)+1,100)),IFERROR(FIND(" ",TRIM(MID(B19,FIND(" ",B19,FIND(" ",B19)+1)+1,100)))-1,100)),TRIM(MID(B19,FIND(" ",B19&" ")+1,100)))&", buen día."&CHAR(10)&CHAR(10)&"Te escribo porque una persona de tu equipo aún no se ha sentado en el Capítulo 1:"&CHAR(10)&CHAR(10)&"1. Lessly Ossorio C."&CHAR(10)&CHAR(10)&"El próximo C1 es el 1, 2 y 3 de mayo. Necesito saber el estatus real de esta persona: si tiene la intención de sentarse, qué está pasando con su proceso y si cuenta con tu acompañamiento para llegar."&CHAR(10)&CHAR(10)&"Por favor respóndenos a este mismo número con el estatus de esta persona antes del viernes."&CHAR(10)&CHAR(10)&"Comunicaciones Crear Poder Sin Límites Perú" -> Hola Jesus, buen día. Te escribo porque una persona de tu equipo aún no se ha sentado en el Capítulo 1: 1. Lessly Ossorio C. El próximo C1 es el 1, 2 y 3 de mayo. Necesito saber el estatus real de esta persona: si tiene la intención de sentarse, qué está pasando con su proceso y si cuenta con tu acompañamiento para llegar. Por favor respóndenos a este mismo número con el estatus de esta persona antes del viernes. Comunicaciones Crear Poder Sin Límites Perú
A20: 16 | B20: Valencia Lazo Diego Marcelo | C20: EQUIPO 14 | D20: 940135875 | E20: =COUNTIF(DATA!A:A,B20) -> 2 | F20: =COUNTIFS(DATA!A:A,B20,DATA!G:G,"CONFIRMADO") -> 0 | G20: =IF(E20=0,"SIN DATA",IF(F20=E20,"✅ COMPLETO",IF(F20>0,"🔄 PARCIAL",IF(COUNTIFS(DATA!A:A,B20,DATA!G:G,"PENDIENTE")=E20,"⏳ PENDIENTE","⚠ MIXTO")))) -> ⏳ PENDIENTE | H20: ="Hola "&IFERROR(LEFT(TRIM(MID(B20,FIND(" ",B20,FIND(" ",B20)+1)+1,100)),IFERROR(FIND(" ",TRIM(MID(B20,FIND(" ",B20,FIND(" ",B20)+1)+1,100)))-1,100)),TRIM(MID(B20,FIND(" ",B20&" ")+1,100)))&", buen día."&CHAR(10)&CHAR(10)&"Te escribo porque "&E20&" personas de tu equipo aún no se han sentado en el Capítulo 1:"&CHAR(10)&CHAR(10)&"1. Kevin Pedro Perez Garcia 2. Jossymar Alberto Leon Alba"&CHAR(10)&CHAR(10)&"El próximo C1 es el 1, 2 y 3 de mayo. Necesito saber el estatus real de cada uno: si tienen la intención de sentarse, qué está pasando con su proceso y si cuentan con tu acompañamiento para llegar."&CHAR(10)&CHAR(10)&"Por favor respóndenos a este mismo número con el estatus de cada uno antes del viernes."&CHAR(10)&CHAR(10)&"Comunicaciones Crear Poder Sin Límites Perú" -> Hola Diego, buen día. Te escribo porque 2 personas de tu equipo aún no se han sentado en el Capítulo 1: 1. Kevin Pedro Perez Garcia 2. Jossymar Alberto Leon Alba El próximo C1 es el 1, 2 y 3 de mayo. Necesito saber el estatus real de cada uno: si tienen la intención de sentarse, qué está pasando con su proceso y si cuentan con tu acompañamiento para llegar. Por favor respóndenos a este mismo número con el estatus de cada uno antes del viernes. Comunicaciones Crear Poder Sin Límites Perú
A21: 17 | B21: Lopez Hanco Bryan Rodney | C21: EQUIPO 14 | D21: 907730431 | E21: =COUNTIF(DATA!A:A,B21) -> 3 | F21: =COUNTIFS(DATA!A:A,B21,DATA!G:G,"CONFIRMADO") -> 0 | G21: =IF(E21=0,"SIN DATA",IF(F21=E21,"✅ COMPLETO",IF(F21>0,"🔄 PARCIAL",IF(COUNTIFS(DATA!A:A,B21,DATA!G:G,"PENDIENTE")=E21,"⏳ PENDIENTE","⚠ MIXTO")))) -> ⏳ PENDIENTE | H21: ="Hola "&IFERROR(LEFT(TRIM(MID(B21,FIND(" ",B21,FIND(" ",B21)+1)+1,100)),IFERROR(FIND(" ",TRIM(MID(B21,FIND(" ",B21,FIND(" ",B21)+1)+1,100)))-1,100)),TRIM(MID(B21,FIND(" ",B21&" ")+1,100)))&", buen día."&CHAR(10)&CHAR(10)&"Te escribo porque "&E21&" personas de tu equipo aún no se han sentado en el Capítulo 1:"&CHAR(10)&CHAR(10)&"1. Gianella Brissete Gutierrez Narvaez 2. Zadid Días 3. Rosa Marysabell Romero Cárdenas"&CHAR(10)&CHAR(10)&"El próximo C1 es el 1, 2 y 3 de mayo. Necesito saber el estatus real de cada uno: si tienen la intención de sentarse, qué está pasando con su proceso y si cuentan con tu acompañamiento para llegar."&CHAR(10)&CHAR(10)&"Por favor respóndenos a este mismo número con el estatus de cada uno antes del viernes."&CHAR(10)&CHAR(10)&"Comunicaciones Crear Poder Sin Límites Perú" -> Hola Bryan, buen día. Te escribo porque 3 personas de tu equipo aún no se han sentado en el Capítulo 1: 1. Gianella Brissete Gutierrez Narvaez 2. Zadid Días 3. Rosa Marysabell Romero Cárdenas El próximo C1 es el 1, 2 y 3 de mayo. Necesito saber el estatus real de cada uno: si tienen la intención de sentarse, qué está pasando con su proceso y si cuentan con tu acompañamiento para llegar. Por favor respóndenos a este mismo número con el estatus de cada uno antes del viernes. Comunicaciones Crear Poder Sin Límites Perú
A22: 18 | B22: Landa Ochoa Nathaly | C22: EQUIPO 15 | D22: 918147583 | E22: =COUNTIF(DATA!A:A,B22) -> 1 | F22: =COUNTIFS(DATA!A:A,B22,DATA!G:G,"CONFIRMADO") -> 0 | G22: =IF(E22=0,"SIN DATA",IF(F22=E22,"✅ COMPLETO",IF(F22>0,"🔄 PARCIAL",IF(COUNTIFS(DATA!A:A,B22,DATA!G:G,"PENDIENTE")=E22,"⏳ PENDIENTE","⚠ MIXTO")))) -> ⏳ PENDIENTE | H22: ="Hola "&IFERROR(LEFT(TRIM(MID(B22,FIND(" ",B22,FIND(" ",B22)+1)+1,100)),IFERROR(FIND(" ",TRIM(MID(B22,FIND(" ",B22,FIND(" ",B22)+1)+1,100)))-1,100)),TRIM(MID(B22,FIND(" ",B22&" ")+1,100)))&", buen día."&CHAR(10)&CHAR(10)&"Te escribo porque una persona de tu equipo aún no se ha sentado en el Capítulo 1:"&CHAR(10)&CHAR(10)&"1. Thalia Giorgina Gamboa Valdivia"&CHAR(10)&CHAR(10)&"El próximo C1 es el 1, 2 y 3 de mayo. Necesito saber el estatus real de esta persona: si tiene la intención de sentarse, qué está pasando con su proceso y si cuenta con tu acompañamiento para llegar."&CHAR(10)&CHAR(10)&"Por favor respóndenos a este mismo número con el estatus de esta persona antes del viernes."&CHAR(10)&CHAR(10)&"Comunicaciones Crear Poder Sin Límites Perú" -> Hola Nathaly, buen día. Te escribo porque una persona de tu equipo aún no se ha sentado en el Capítulo 1: 1. Thalia Giorgina Gamboa Valdivia El próximo C1 es el 1, 2 y 3 de mayo. Necesito saber el estatus real de esta persona: si tiene la intención de sentarse, qué está pasando con su proceso y si cuenta con tu acompañamiento para llegar. Por favor respóndenos a este mismo número con el estatus de esta persona antes del viernes. Comunicaciones Crear Poder Sin Límites Perú
A23: 19 | B23: Tolentino Angulo Roberto Carlos | C23: EQUIPO 15 | D23: 944343392 | E23: =COUNTIF(DATA!A:A,B23) -> 1 | F23: =COUNTIFS(DATA!A:A,B23,DATA!G:G,"CONFIRMADO") -> 0 | G23: =IF(E23=0,"SIN DATA",IF(F23=E23,"✅ COMPLETO",IF(F23>0,"🔄 PARCIAL",IF(COUNTIFS(DATA!A:A,B23,DATA!G:G,"PENDIENTE")=E23,"⏳ PENDIENTE","⚠ MIXTO")))) -> ⏳ PENDIENTE | H23: ="Hola "&IFERROR(LEFT(TRIM(MID(B23,FIND(" ",B23,FIND(" ",B23)+1)+1,100)),IFERROR(FIND(" ",TRIM(MID(B23,FIND(" ",B23,FIND(" ",B23)+1)+1,100)))-1,100)),TRIM(MID(B23,FIND(" ",B23&" ")+1,100)))&", buen día."&CHAR(10)&CHAR(10)&"Te escribo porque una persona de tu equipo aún no se ha sentado en el Capítulo 1:"&CHAR(10)&CHAR(10)&"1. Richard Elvis Tolentino Angulo"&CHAR(10)&CHAR(10)&"El próximo C1 es el 1, 2 y 3 de mayo. Necesito saber el estatus real de esta persona: si tiene la intención de sentarse, qué está pasando con su proceso y si cuenta con tu acompañamiento para llegar."&CHAR(10)&CHAR(10)&"Por favor respóndenos a este mismo número con el estatus de esta persona antes del viernes."&CHAR(10)&CHAR(10)&"Comunicaciones Crear Poder Sin Límites Perú" -> Hola Roberto, buen día. Te escribo porque una persona de tu equipo aún no se ha sentado en el Capítulo 1: 1. Richard Elvis Tolentino Angulo El próximo C1 es el 1, 2 y 3 de mayo. Necesito saber el estatus real de esta persona: si tiene la intención de sentarse, qué está pasando con su proceso y si cuenta con tu acompañamiento para llegar. Por favor respóndenos a este mismo número con el estatus de esta persona antes del viernes. Comunicaciones Crear Poder Sin Límites Perú
A24: 20 | B24: Trujillo Mallqui Liz Carol | C24: EQUIPO 15 | D24: 980496819 | E24: =COUNTIF(DATA!A:A,B24) -> 1 | F24: =COUNTIFS(DATA!A:A,B24,DATA!G:G,"CONFIRMADO") -> 0 | G24: =IF(E24=0,"SIN DATA",IF(F24=E24,"✅ COMPLETO",IF(F24>0,"🔄 PARCIAL",IF(COUNTIFS(DATA!A:A,B24,DATA!G:G,"PENDIENTE")=E24,"⏳ PENDIENTE","⚠ MIXTO")))) -> ⏳ PENDIENTE | H24: ="Hola "&IFERROR(LEFT(TRIM(MID(B24,FIND(" ",B24,FIND(" ",B24)+1)+1,100)),IFERROR(FIND(" ",TRIM(MID(B24,FIND(" ",B24,FIND(" ",B24)+1)+1,100)))-1,100)),TRIM(MID(B24,FIND(" ",B24&" ")+1,100)))&", buen día."&CHAR(10)&CHAR(10)&"Te escribo porque una persona de tu equipo aún no se ha sentado en el Capítulo 1:"&CHAR(10)&CHAR(10)&"1. Vooictor Eugenio Rodolfo Guerrero Soto"&CHAR(10)&CHAR(10)&"El próximo C1 es el 1, 2 y 3 de mayo. Necesito saber el estatus real de esta persona: si tiene la intención de sentarse, qué está pasando con su proceso y si cuenta con tu acompañamiento para llegar."&CHAR(10)&CHAR(10)&"Por favor respóndenos a este mismo número con el estatus de esta persona antes del viernes."&CHAR(10)&CHAR(10)&"Comunicaciones Crear Poder Sin Límites Perú" -> Hola Liz, buen día. Te escribo porque una persona de tu equipo aún no se ha sentado en el Capítulo 1: 1. Vooictor Eugenio Rodolfo Guerrero Soto El próximo C1 es el 1, 2 y 3 de mayo. Necesito saber el estatus real de esta persona: si tiene la intención de sentarse, qué está pasando con su proceso y si cuenta con tu acompañamiento para llegar. Por favor respóndenos a este mismo número con el estatus de esta persona antes del viernes. Comunicaciones Crear Poder Sin Límites Perú
A25: 21 | B25: Trujillo Montoya Rodrigo Elias Enrique | C25: EQUIPO 15 | D25: 937410103 | E25: =COUNTIF(DATA!A:A,B25) -> 3 | F25: =COUNTIFS(DATA!A:A,B25,DATA!G:G,"CONFIRMADO") -> 0 | G25: =IF(E25=0,"SIN DATA",IF(F25=E25,"✅ COMPLETO",IF(F25>0,"🔄 PARCIAL",IF(COUNTIFS(DATA!A:A,B25,DATA!G:G,"PENDIENTE")=E25,"⏳ PENDIENTE","⚠ MIXTO")))) -> ⏳ PENDIENTE | H25: ="Hola "&IFERROR(LEFT(TRIM(MID(B25,FIND(" ",B25,FIND(" ",B25)+1)+1,100)),IFERROR(FIND(" ",TRIM(MID(B25,FIND(" ",B25,FIND(" ",B25)+1)+1,100)))-1,100)),TRIM(MID(B25,FIND(" ",B25&" ")+1,100)))&", buen día."&CHAR(10)&CHAR(10)&"Te escribo porque "&E25&" personas de tu equipo aún no se han sentado en el Capítulo 1:"&CHAR(10)&CHAR(10)&"1. David Eduardo Luque Tejada 2. Flor De María Montoya Cruzado 3. Mercedes Margot Flores Ipanaqui"&CHAR(10)&CHAR(10)&"El próximo C1 es el 1, 2 y 3 de mayo. Necesito saber el estatus real de cada uno: si tienen la intención de sentarse, qué está pasando con su proceso y si cuentan con tu acompañamiento para llegar."&CHAR(10)&CHAR(10)&"Por favor respóndenos a este mismo número con el estatus de cada uno antes del viernes."&CHAR(10)&CHAR(10)&"Comunicaciones Crear Poder Sin Límites Perú" -> Hola Rodrigo, buen día. Te escribo porque 3 personas de tu equipo aún no se han sentado en el Capítulo 1: 1. David Eduardo Luque Tejada 2. Flor De María Montoya Cruzado 3. Mercedes Margot Flores Ipanaqui El próximo C1 es el 1, 2 y 3 de mayo. Necesito saber el estatus real de cada uno: si tienen la intención de sentarse, qué está pasando con su proceso y si cuentan con tu acompañamiento para llegar. Por favor respóndenos a este mismo número con el estatus de cada uno antes del viernes. Comunicaciones Crear Poder Sin Límites Perú
A26: 22 | B26: Palomino Anaya Sebastian Manuel | C26: EQUIPO 15 | D26: 907434050 | E26: =COUNTIF(DATA!A:A,B26) -> 1 | F26: =COUNTIFS(DATA!A:A,B26,DATA!G:G,"CONFIRMADO") -> 0 | G26: =IF(E26=0,"SIN DATA",IF(F26=E26,"✅ COMPLETO",IF(F26>0,"🔄 PARCIAL",IF(COUNTIFS(DATA!A:A,B26,DATA!G:G,"PENDIENTE")=E26,"⏳ PENDIENTE","⚠ MIXTO")))) -> ⏳ PENDIENTE | H26: ="Hola "&IFERROR(LEFT(TRIM(MID(B26,FIND(" ",B26,FIND(" ",B26)+1)+1,100)),IFERROR(FIND(" ",TRIM(MID(B26,FIND(" ",B26,FIND(" ",B26)+1)+1,100)))-1,100)),TRIM(MID(B26,FIND(" ",B26&" ")+1,100)))&", buen día."&CHAR(10)&CHAR(10)&"Te escribo porque una persona de tu equipo aún no se ha sentado en el Capítulo 1:"&CHAR(10)&CHAR(10)&"1. Julián Aquino Huaman"&CHAR(10)&CHAR(10)&"El próximo C1 es el 1, 2 y 3 de mayo. Necesito saber el estatus real de esta persona: si tiene la intención de sentarse, qué está pasando con su proceso y si cuenta con tu acompañamiento para llegar."&CHAR(10)&CHAR(10)&"Por favor respóndenos a este mismo número con el estatus de esta persona antes del viernes."&CHAR(10)&CHAR(10)&"Comunicaciones Crear Poder Sin Límites Perú" -> Hola Sebastian, buen día. Te escribo porque una persona de tu equipo aún no se ha sentado en el Capítulo 1: 1. Julián Aquino Huaman El próximo C1 es el 1, 2 y 3 de mayo. Necesito saber el estatus real de esta persona: si tiene la intención de sentarse, qué está pasando con su proceso y si cuenta con tu acompañamiento para llegar. Por favor respóndenos a este mismo número con el estatus de esta persona antes del viernes. Comunicaciones Crear Poder Sin Límites Perú
A27: 23 | B27: De La Cruz Huaytalla Sheila | C27: EQUIPO 15 | D27: 917479833 | E27: =COUNTIF(DATA!A:A,B27) -> 3 | F27: =COUNTIFS(DATA!A:A,B27,DATA!G:G,"CONFIRMADO") -> 0 | G27: =IF(E27=0,"SIN DATA",IF(F27=E27,"✅ COMPLETO",IF(F27>0,"🔄 PARCIAL",IF(COUNTIFS(DATA!A:A,B27,DATA!G:G,"PENDIENTE")=E27,"⏳ PENDIENTE","⚠ MIXTO")))) -> ⏳ PENDIENTE | H27: ="Hola "&IFERROR(LEFT(TRIM(MID(B27,FIND(" ",B27,FIND(" ",B27)+1)+1,100)),IFERROR(FIND(" ",TRIM(MID(B27,FIND(" ",B27,FIND(" ",B27)+1)+1,100)))-1,100)),TRIM(MID(B27,FIND(" ",B27&" ")+1,100)))&", buen día."&CHAR(10)&CHAR(10)&"Te escribo porque "&E27&" personas de tu equipo aún no se han sentado en el Capítulo 1:"&CHAR(10)&CHAR(10)&"1. Rosalin Carolina Pernia Bandera 2. Lizbeth Briceño Heredia 3. Veronica Delgado Rimarachin"&CHAR(10)&CHAR(10)&"El próximo C1 es el 1, 2 y 3 de mayo. Necesito saber el estatus real de cada uno: si tienen la intención de sentarse, qué está pasando con su proceso y si cuentan con tu acompañamiento para llegar."&CHAR(10)&CHAR(10)&"Por favor respóndenos a este mismo número con el estatus de cada uno antes del viernes."&CHAR(10)&CHAR(10)&"Comunicaciones Crear Poder Sin Límites Perú" -> Hola Cruz, buen día. Te escribo porque 3 personas de tu equipo aún no se han sentado en el Capítulo 1: 1. Rosalin Carolina Pernia Bandera 2. Lizbeth Briceño Heredia 3. Veronica Delgado Rimarachin El próximo C1 es el 1, 2 y 3 de mayo. Necesito saber el estatus real de cada uno: si tienen la intención de sentarse, qué está pasando con su proceso y si cuentan con tu acompañamiento para llegar. Por favor respóndenos a este mismo número con el estatus de cada uno antes del viernes. Comunicaciones Crear Poder Sin Límites Perú
A28: 24 | B28: Matta Morales Mauricio Andre | C28: EQUIPO 15 | D28: 971092525 | E28: =COUNTIF(DATA!A:A,B28) -> 1 | F28: =COUNTIFS(DATA!A:A,B28,DATA!G:G,"CONFIRMADO") -> 0 | G28: =IF(E28=0,"SIN DATA",IF(F28=E28,"✅ COMPLETO",IF(F28>0,"🔄 PARCIAL",IF(COUNTIFS(DATA!A:A,B28,DATA!G:G,"PENDIENTE")=E28,"⏳ PENDIENTE","⚠ MIXTO")))) -> ⏳ PENDIENTE | H28: ="Hola "&IFERROR(LEFT(TRIM(MID(B28,FIND(" ",B28,FIND(" ",B28)+1)+1,100)),IFERROR(FIND(" ",TRIM(MID(B28,FIND(" ",B28,FIND(" ",B28)+1)+1,100)))-1,100)),TRIM(MID(B28,FIND(" ",B28&" ")+1,100)))&", buen día."&CHAR(10)&CHAR(10)&"Te escribo porque una persona de tu equipo aún no se ha sentado en el Capítulo 1:"&CHAR(10)&CHAR(10)&"1. Rafael Gonzales Aranzaens"&CHAR(10)&CHAR(10)&"El próximo C1 es el 1, 2 y 3 de mayo. Necesito saber el estatus real de esta persona: si tiene la intención de sentarse, qué está pasando con su proceso y si cuenta con tu acompañamiento para llegar."&CHAR(10)&CHAR(10)&"Por favor respóndenos a este mismo número con el estatus de esta persona antes del viernes."&CHAR(10)&CHAR(10)&"Comunicaciones Crear Poder Sin Límites Perú" -> Hola Mauricio, buen día. Te escribo porque una persona de tu equipo aún no se ha sentado en el Capítulo 1: 1. Rafael Gonzales Aranzaens El próximo C1 es el 1, 2 y 3 de mayo. Necesito saber el estatus real de esta persona: si tiene la intención de sentarse, qué está pasando con su proceso y si cuenta con tu acompañamiento para llegar. Por favor respóndenos a este mismo número con el estatus de esta persona antes del viernes. Comunicaciones Crear Poder Sin Límites Perú
A29: 25 | B29: Castillo Tipismana Carlos Alberto | C29: EQUIPO 15 | D29: 982791484 | E29: =COUNTIF(DATA!A:A,B29) -> 1 | F29: =COUNTIFS(DATA!A:A,B29,DATA!G:G,"CONFIRMADO") -> 0 | G29: =IF(E29=0,"SIN DATA",IF(F29=E29,"✅ COMPLETO",IF(F29>0,"🔄 PARCIAL",IF(COUNTIFS(DATA!A:A,B29,DATA!G:G,"PENDIENTE")=E29,"⏳ PENDIENTE","⚠ MIXTO")))) -> ⏳ PENDIENTE | H29: ="Hola "&IFERROR(LEFT(TRIM(MID(B29,FIND(" ",B29,FIND(" ",B29)+1)+1,100)),IFERROR(FIND(" ",TRIM(MID(B29,FIND(" ",B29,FIND(" ",B29)+1)+1,100)))-1,100)),TRIM(MID(B29,FIND(" ",B29&" ")+1,100)))&", buen día."&CHAR(10)&CHAR(10)&"Te escribo porque una persona de tu equipo aún no se ha sentado en el Capítulo 1:"&CHAR(10)&CHAR(10)&"1. Jhanet De La Cruz Bautista"&CHAR(10)&CHAR(10)&"El próximo C1 es el 1, 2 y 3 de mayo. Necesito saber el estatus real de esta persona: si tiene la intención de sentarse, qué está pasando con su proceso y si cuenta con tu acompañamiento para llegar."&CHAR(10)&CHAR(10)&"Por favor respóndenos a este mismo número con el estatus de esta persona antes del viernes."&CHAR(10)&CHAR(10)&"Comunicaciones Crear Poder Sin Límites Perú" -> Hola Carlos, buen día. Te escribo porque una persona de tu equipo aún no se ha sentado en el Capítulo 1: 1. Jhanet De La Cruz Bautista El próximo C1 es el 1, 2 y 3 de mayo. Necesito saber el estatus real de esta persona: si tiene la intención de sentarse, qué está pasando con su proceso y si cuenta con tu acompañamiento para llegar. Por favor respóndenos a este mismo número con el estatus de esta persona antes del viernes. Comunicaciones Crear Poder Sin Límites Perú
A30: 26 | B30: Quispe Choque Jorge Armando | C30: EQUIPO 15 | D30: 980502144 | E30: =COUNTIF(DATA!A:A,B30) -> 1 | F30: =COUNTIFS(DATA!A:A,B30,DATA!G:G,"CONFIRMADO") -> 0 | G30: =IF(E30=0,"SIN DATA",IF(F30=E30,"✅ COMPLETO",IF(F30>0,"🔄 PARCIAL",IF(COUNTIFS(DATA!A:A,B30,DATA!G:G,"PENDIENTE")=E30,"⏳ PENDIENTE","⚠ MIXTO")))) -> ⏳ PENDIENTE | H30: ="Hola "&IFERROR(LEFT(TRIM(MID(B30,FIND(" ",B30,FIND(" ",B30)+1)+1,100)),IFERROR(FIND(" ",TRIM(MID(B30,FIND(" ",B30,FIND(" ",B30)+1)+1,100)))-1,100)),TRIM(MID(B30,FIND(" ",B30&" ")+1,100)))&", buen día."&CHAR(10)&CHAR(10)&"Te escribo porque una persona de tu equipo aún no se ha sentado en el Capítulo 1:"&CHAR(10)&CHAR(10)&"1. Willy Adrian Quispe"&CHAR(10)&CHAR(10)&"El próximo C1 es el 1, 2 y 3 de mayo. Necesito saber el estatus real de esta persona: si tiene la intención de sentarse, qué está pasando con su proceso y si cuenta con tu acompañamiento para llegar."&CHAR(10)&CHAR(10)&"Por favor respóndenos a este mismo número con el estatus de esta persona antes del viernes."&CHAR(10)&CHAR(10)&"Comunicaciones Crear Poder Sin Límites Perú" -> Hola Jorge, buen día. Te escribo porque una persona de tu equipo aún no se ha sentado en el Capítulo 1: 1. Willy Adrian Quispe El próximo C1 es el 1, 2 y 3 de mayo. Necesito saber el estatus real de esta persona: si tiene la intención de sentarse, qué está pasando con su proceso y si cuenta con tu acompañamiento para llegar. Por favor respóndenos a este mismo número con el estatus de esta persona antes del viernes. Comunicaciones Crear Poder Sin Límites Perú
A31: 27 | B31: Matias Uriol Kresly Stefanny | C31: EQUIPO 15 | D31: 940280000 | E31: =COUNTIF(DATA!A:A,B31) -> 1 | F31: =COUNTIFS(DATA!A:A,B31,DATA!G:G,"CONFIRMADO") -> 0 | G31: =IF(E31=0,"SIN DATA",IF(F31=E31,"✅ COMPLETO",IF(F31>0,"🔄 PARCIAL",IF(COUNTIFS(DATA!A:A,B31,DATA!G:G,"PENDIENTE")=E31,"⏳ PENDIENTE","⚠ MIXTO")))) -> ⏳ PENDIENTE | H31: ="Hola "&IFERROR(LEFT(TRIM(MID(B31,FIND(" ",B31,FIND(" ",B31)+1)+1,100)),IFERROR(FIND(" ",TRIM(MID(B31,FIND(" ",B31,FIND(" ",B31)+1)+1,100)))-1,100)),TRIM(MID(B31,FIND(" ",B31&" ")+1,100)))&", buen día."&CHAR(10)&CHAR(10)&"Te escribo porque una persona de tu equipo aún no se ha sentado en el Capítulo 1:"&CHAR(10)&CHAR(10)&"1. Giannina Giselle Espiritu Palomino"&CHAR(10)&CHAR(10)&"El próximo C1 es el 1, 2 y 3 de mayo. Necesito saber el estatus real de esta persona: si tiene la intención de sentarse, qué está pasando con su proceso y si cuenta con tu acompañamiento para llegar."&CHAR(10)&CHAR(10)&"Por favor respóndenos a este mismo número con el estatus de esta persona antes del viernes."&CHAR(10)&CHAR(10)&"Comunicaciones Crear Poder Sin Límites Perú" -> Hola Kresly, buen día. Te escribo porque una persona de tu equipo aún no se ha sentado en el Capítulo 1: 1. Giannina Giselle Espiritu Palomino El próximo C1 es el 1, 2 y 3 de mayo. Necesito saber el estatus real de esta persona: si tiene la intención de sentarse, qué está pasando con su proceso y si cuenta con tu acompañamiento para llegar. Por favor respóndenos a este mismo número con el estatus de esta persona antes del viernes. Comunicaciones Crear Poder Sin Límites Perú
A32: 28 | B32: Medrano De Meza Luz Angelica | C32: EQUIPO 15 | D32: 955619099 | E32: =COUNTIF(DATA!A:A,B32) -> 1 | F32: =COUNTIFS(DATA!A:A,B32,DATA!G:G,"CONFIRMADO") -> 0 | G32: =IF(E32=0,"SIN DATA",IF(F32=E32,"✅ COMPLETO",IF(F32>0,"🔄 PARCIAL",IF(COUNTIFS(DATA!A:A,B32,DATA!G:G,"PENDIENTE")=E32,"⏳ PENDIENTE","⚠ MIXTO")))) -> ⏳ PENDIENTE | H32: ="Hola "&IFERROR(LEFT(TRIM(MID(B32,FIND(" ",B32,FIND(" ",B32)+1)+1,100)),IFERROR(FIND(" ",TRIM(MID(B32,FIND(" ",B32,FIND(" ",B32)+1)+1,100)))-1,100)),TRIM(MID(B32,FIND(" ",B32&" ")+1,100)))&", buen día."&CHAR(10)&CHAR(10)&"Te escribo porque una persona de tu equipo aún no se ha sentado en el Capítulo 1:"&CHAR(10)&CHAR(10)&"1. Vanesa Otrera"&CHAR(10)&CHAR(10)&"El próximo C1 es el 1, 2 y 3 de mayo. Necesito saber el estatus real de esta persona: si tiene la intención de sentarse, qué está pasando con su proceso y si cuenta con tu acompañamiento para llegar."&CHAR(10)&CHAR(10)&"Por favor respóndenos a este mismo número con el estatus de esta persona antes del viernes."&CHAR(10)&CHAR(10)&"Comunicaciones Crear Poder Sin Límites Perú" -> Hola Meza, buen día. Te escribo porque una persona de tu equipo aún no se ha sentado en el Capítulo 1: 1. Vanesa Otrera El próximo C1 es el 1, 2 y 3 de mayo. Necesito saber el estatus real de esta persona: si tiene la intención de sentarse, qué está pasando con su proceso y si cuenta con tu acompañamiento para llegar. Por favor respóndenos a este mismo número con el estatus de esta persona antes del viernes. Comunicaciones Crear Poder Sin Límites Perú
A33: 29 | B33: Malpartida Flores Nancy | C33: EQUIPO 15 | D33: 993577714 | E33: =COUNTIF(DATA!A:A,B33) -> 1 | F33: =COUNTIFS(DATA!A:A,B33,DATA!G:G,"CONFIRMADO") -> 0 | G33: =IF(E33=0,"SIN DATA",IF(F33=E33,"✅ COMPLETO",IF(F33>0,"🔄 PARCIAL",IF(COUNTIFS(DATA!A:A,B33,DATA!G:G,"PENDIENTE")=E33,"⏳ PENDIENTE","⚠ MIXTO")))) -> ⏳ PENDIENTE | H33: ="Hola "&IFERROR(LEFT(TRIM(MID(B33,FIND(" ",B33,FIND(" ",B33)+1)+1,100)),IFERROR(FIND(" ",TRIM(MID(B33,FIND(" ",B33,FIND(" ",B33)+1)+1,100)))-1,100)),TRIM(MID(B33,FIND(" ",B33&" ")+1,100)))&", buen día."&CHAR(10)&CHAR(10)&"Te escribo porque una persona de tu equipo aún no se ha sentado en el Capítulo 1:"&CHAR(10)&CHAR(10)&"1. Enrique Marco Navarro"&CHAR(10)&CHAR(10)&"El próximo C1 es el 1, 2 y 3 de mayo. Necesito saber el estatus real de esta persona: si tiene la intención de sentarse, qué está pasando con su proceso y si cuenta con tu acompañamiento para llegar."&CHAR(10)&CHAR(10)&"Por favor respóndenos a este mismo número con el estatus de esta persona antes del viernes."&CHAR(10)&CHAR(10)&"Comunicaciones Crear Poder Sin Límites Perú" -> Hola Nancy, buen día. Te escribo porque una persona de tu equipo aún no se ha sentado en el Capítulo 1: 1. Enrique Marco Navarro El próximo C1 es el 1, 2 y 3 de mayo. Necesito saber el estatus real de esta persona: si tiene la intención de sentarse, qué está pasando con su proceso y si cuenta con tu acompañamiento para llegar. Por favor respóndenos a este mismo número con el estatus de esta persona antes del viernes. Comunicaciones Crear Poder Sin Límites Perú
A34: 30 | B34: Alcantata Maurtua Mayra Alejandra | C34: EQUIPO 15 | D34: 977477566 | E34: =COUNTIF(DATA!A:A,B34) -> 2 | F34: =COUNTIFS(DATA!A:A,B34,DATA!G:G,"CONFIRMADO") -> 0 | G34: =IF(E34=0,"SIN DATA",IF(F34=E34,"✅ COMPLETO",IF(F34>0,"🔄 PARCIAL",IF(COUNTIFS(DATA!A:A,B34,DATA!G:G,"PENDIENTE")=E34,"⏳ PENDIENTE","⚠ MIXTO")))) -> ⏳ PENDIENTE | H34: ="Hola "&IFERROR(LEFT(TRIM(MID(B34,FIND(" ",B34,FIND(" ",B34)+1)+1,100)),IFERROR(FIND(" ",TRIM(MID(B34,FIND(" ",B34,FIND(" ",B34)+1)+1,100)))-1,100)),TRIM(MID(B34,FIND(" ",B34&" ")+1,100)))&", buen día."&CHAR(10)&CHAR(10)&"Te escribo porque "&E34&" personas de tu equipo aún no se han sentado en el Capítulo 1:"&CHAR(10)&CHAR(10)&"1. Héctor Wiliam Torres Choquez 2. Angella Marianne Hernandez Salvatierra"&CHAR(10)&CHAR(10)&"El próximo C1 es el 1, 2 y 3 de mayo. Necesito saber el estatus real de cada uno: si tienen la intención de sentarse, qué está pasando con su proceso y si cuentan con tu acompañamiento para llegar."&CHAR(10)&CHAR(10)&"Por favor respóndenos a este mismo número con el estatus de cada uno antes del viernes."&CHAR(10)&CHAR(10)&"Comunicaciones Crear Poder Sin Límites Perú" -> Hola Mayra, buen día. Te escribo porque 2 personas de tu equipo aún no se han sentado en el Capítulo 1: 1. Héctor Wiliam Torres Choquez 2. Angella Marianne Hernandez Salvatierra El próximo C1 es el 1, 2 y 3 de mayo. Necesito saber el estatus real de cada uno: si tienen la intención de sentarse, qué está pasando con su proceso y si cuentan con tu acompañamiento para llegar. Por favor respóndenos a este mismo número con el estatus de cada uno antes del viernes. Comunicaciones Crear Poder Sin Límites Perú
A35: 31 | B35: Antaurco Perez Joel | C35: EQUIPO 15 | D35: 933969837 | E35: =COUNTIF(DATA!A:A,B35) -> 1 | F35: =COUNTIFS(DATA!A:A,B35,DATA!G:G,"CONFIRMADO") -> 0 | G35: =IF(E35=0,"SIN DATA",IF(F35=E35,"✅ COMPLETO",IF(F35>0,"🔄 PARCIAL",IF(COUNTIFS(DATA!A:A,B35,DATA!G:G,"PENDIENTE")=E35,"⏳ PENDIENTE","⚠ MIXTO")))) -> ⏳ PENDIENTE | H35: ="Hola "&IFERROR(LEFT(TRIM(MID(B35,FIND(" ",B35,FIND(" ",B35)+1)+1,100)),IFERROR(FIND(" ",TRIM(MID(B35,FIND(" ",B35,FIND(" ",B35)+1)+1,100)))-1,100)),TRIM(MID(B35,FIND(" ",B35&" ")+1,100)))&", buen día."&CHAR(10)&CHAR(10)&"Te escribo porque una persona de tu equipo aún no se ha sentado en el Capítulo 1:"&CHAR(10)&CHAR(10)&"1. Alisson Yuviri Simón Cabello"&CHAR(10)&CHAR(10)&"El próximo C1 es el 1, 2 y 3 de mayo. Necesito saber el estatus real de esta persona: si tiene la intención de sentarse, qué está pasando con su proceso y si cuenta con tu acompañamiento para llegar."&CHAR(10)&CHAR(10)&"Por favor respóndenos a este mismo número con el estatus de esta persona antes del viernes."&CHAR(10)&CHAR(10)&"Comunicaciones Crear Poder Sin Límites Perú" -> Hola Joel, buen día. Te escribo porque una persona de tu equipo aún no se ha sentado en el Capítulo 1: 1. Alisson Yuviri Simón Cabello El próximo C1 es el 1, 2 y 3 de mayo. Necesito saber el estatus real de esta persona: si tiene la intención de sentarse, qué está pasando con su proceso y si cuenta con tu acompañamiento para llegar. Por favor respóndenos a este mismo número con el estatus de esta persona antes del viernes. Comunicaciones Crear Poder Sin Límites Perú
A36: 32 | B36: Arone Chachayma Cristian Jonathan | C36: EQUIPO 15 | D36: 961496514 | E36: =COUNTIF(DATA!A:A,B36) -> 2 | F36: =COUNTIFS(DATA!A:A,B36,DATA!G:G,"CONFIRMADO") -> 0 | G36: =IF(E36=0,"SIN DATA",IF(F36=E36,"✅ COMPLETO",IF(F36>0,"🔄 PARCIAL",IF(COUNTIFS(DATA!A:A,B36,DATA!G:G,"PENDIENTE")=E36,"⏳ PENDIENTE","⚠ MIXTO")))) -> ⏳ PENDIENTE | H36: ="Hola "&IFERROR(LEFT(TRIM(MID(B36,FIND(" ",B36,FIND(" ",B36)+1)+1,100)),IFERROR(FIND(" ",TRIM(MID(B36,FIND(" ",B36,FIND(" ",B36)+1)+1,100)))-1,100)),TRIM(MID(B36,FIND(" ",B36&" ")+1,100)))&", buen día."&CHAR(10)&CHAR(10)&"Te escribo porque "&E36&" personas de tu equipo aún no se han sentado en el Capítulo 1:"&CHAR(10)&CHAR(10)&"1. Diana Edith Sánchez Correa 2. Prudencio Arone Robles"&CHAR(10)&CHAR(10)&"El próximo C1 es el 1, 2 y 3 de mayo. Necesito saber el estatus real de cada uno: si tienen la intención de sentarse, qué está pasando con su proceso y si cuentan con tu acompañamiento para llegar."&CHAR(10)&CHAR(10)&"Por favor respóndenos a este mismo número con el estatus de cada uno antes del viernes."&CHAR(10)&CHAR(10)&"Comunicaciones Crear Poder Sin Límites Perú" -> Hola Cristian, buen día. Te escribo porque 2 personas de tu equipo aún no se han sentado en el Capítulo 1: 1. Diana Edith Sánchez Correa 2. Prudencio Arone Robles El próximo C1 es el 1, 2 y 3 de mayo. Necesito saber el estatus real de cada uno: si tienen la intención de sentarse, qué está pasando con su proceso y si cuentan con tu acompañamiento para llegar. Por favor respóndenos a este mismo número con el estatus de cada uno antes del viernes. Comunicaciones Crear Poder Sin Límites Perú
A37: 33 | B37: Ore Bendezu Silvia Raquel | C37: EQUIPO 15 | D37: 925530813 | E37: =COUNTIF(DATA!A:A,B37) -> 2 | F37: =COUNTIFS(DATA!A:A,B37,DATA!G:G,"CONFIRMADO") -> 0 | G37: =IF(E37=0,"SIN DATA",IF(F37=E37,"✅ COMPLETO",IF(F37>0,"🔄 PARCIAL",IF(COUNTIFS(DATA!A:A,B37,DATA!G:G,"PENDIENTE")=E37,"⏳ PENDIENTE","⚠ MIXTO")))) -> ⏳ PENDIENTE | H37: ="Hola "&IFERROR(LEFT(TRIM(MID(B37,FIND(" ",B37,FIND(" ",B37)+1)+1,100)),IFERROR(FIND(" ",TRIM(MID(B37,FIND(" ",B37,FIND(" ",B37)+1)+1,100)))-1,100)),TRIM(MID(B37,FIND(" ",B37&" ")+1,100)))&", buen día."&CHAR(10)&CHAR(10)&"Te escribo porque "&E37&" personas de tu equipo aún no se han sentado en el Capítulo 1:"&CHAR(10)&CHAR(10)&"1. Eugenia Karla Huamanin Leon 2. Lidia Sefora Vela Rodríguez De Rengifo Vela Rodriguez"&CHAR(10)&CHAR(10)&"El próximo C1 es el 1, 2 y 3 de mayo. Necesito saber el estatus real de cada uno: si tienen la intención de sentarse, qué está pasando con su proceso y si cuentan con tu acompañamiento para llegar."&CHAR(10)&CHAR(10)&"Por favor respóndenos a este mismo número con el estatus de cada uno antes del viernes."&CHAR(10)&CHAR(10)&"Comunicaciones Crear Poder Sin Límites Perú" -> Hola Silvia, buen día. Te escribo porque 2 personas de tu equipo aún no se han sentado en el Capítulo 1: 1. Eugenia Karla Huamanin Leon 2. Lidia Sefora Vela Rodríguez De Rengifo Vela Rodriguez El próximo C1 es el 1, 2 y 3 de mayo. Necesito saber el estatus real de cada uno: si tienen la intención de sentarse, qué está pasando con su proceso y si cuentan con tu acompañamiento para llegar. Por favor respóndenos a este mismo número con el estatus de cada uno antes del viernes. Comunicaciones Crear Poder Sin Límites Perú
A38: 34 | B38: Riano Zubieta Noris | C38: EQUIPO 15 | D38: 989577877 | E38: =COUNTIF(DATA!A:A,B38) -> 1 | F38: =COUNTIFS(DATA!A:A,B38,DATA!G:G,"CONFIRMADO") -> 0 | G38: =IF(E38=0,"SIN DATA",IF(F38=E38,"✅ COMPLETO",IF(F38>0,"🔄 PARCIAL",IF(COUNTIFS(DATA!A:A,B38,DATA!G:G,"PENDIENTE")=E38,"⏳ PENDIENTE","⚠ MIXTO")))) -> ⏳ PENDIENTE | H38: ="Hola "&IFERROR(LEFT(TRIM(MID(B38,FIND(" ",B38,FIND(" ",B38)+1)+1,100)),IFERROR(FIND(" ",TRIM(MID(B38,FIND(" ",B38,FIND(" ",B38)+1)+1,100)))-1,100)),TRIM(MID(B38,FIND(" ",B38&" ")+1,100)))&", buen día."&CHAR(10)&CHAR(10)&"Te escribo porque una persona de tu equipo aún no se ha sentado en el Capítulo 1:"&CHAR(10)&CHAR(10)&"1. Victor Filomon Espinal Chuquillanqui"&CHAR(10)&CHAR(10)&"El próximo C1 es el 1, 2 y 3 de mayo. Necesito saber el estatus real de esta persona: si tiene la intención de sentarse, qué está pasando con su proceso y si cuenta con tu acompañamiento para llegar."&CHAR(10)&CHAR(10)&"Por favor respóndenos a este mismo número con el estatus de esta persona antes del viernes."&CHAR(10)&CHAR(10)&"Comunicaciones Crear Poder Sin Límites Perú" -> Hola Noris, buen día. Te escribo porque una persona de tu equipo aún no se ha sentado en el Capítulo 1: 1. Victor Filomon Espinal Chuquillanqui El próximo C1 es el 1, 2 y 3 de mayo. Necesito saber el estatus real de esta persona: si tiene la intención de sentarse, qué está pasando con su proceso y si cuenta con tu acompañamiento para llegar. Por favor respóndenos a este mismo número con el estatus de esta persona antes del viernes. Comunicaciones Crear Poder Sin Límites Perú
A39: 35 | B39: Roca De La Cruz Maria Purina | C39: EQUIPO 15 | D39: 978095350 | E39: =COUNTIF(DATA!A:A,B39) -> 1 | F39: =COUNTIFS(DATA!A:A,B39,DATA!G:G,"CONFIRMADO") -> 0 | G39: =IF(E39=0,"SIN DATA",IF(F39=E39,"✅ COMPLETO",IF(F39>0,"🔄 PARCIAL",IF(COUNTIFS(DATA!A:A,B39,DATA!G:G,"PENDIENTE")=E39,"⏳ PENDIENTE","⚠ MIXTO")))) -> ⏳ PENDIENTE | H39: ="Hola "&IFERROR(LEFT(TRIM(MID(B39,FIND(" ",B39,FIND(" ",B39)+1)+1,100)),IFERROR(FIND(" ",TRIM(MID(B39,FIND(" ",B39,FIND(" ",B39)+1)+1,100)))-1,100)),TRIM(MID(B39,FIND(" ",B39&" ")+1,100)))&", buen día."&CHAR(10)&CHAR(10)&"Te escribo porque una persona de tu equipo aún no se ha sentado en el Capítulo 1:"&CHAR(10)&CHAR(10)&"1. Leydi Estefany Ochoa Vega"&CHAR(10)&CHAR(10)&"El próximo C1 es el 1, 2 y 3 de mayo. Necesito saber el estatus real de esta persona: si tiene la intención de sentarse, qué está pasando con su proceso y si cuenta con tu acompañamiento para llegar."&CHAR(10)&CHAR(10)&"Por favor respóndenos a este mismo número con el estatus de esta persona antes del viernes."&CHAR(10)&CHAR(10)&"Comunicaciones Crear Poder Sin Límites Perú" -> Hola La, buen día. Te escribo porque una persona de tu equipo aún no se ha sentado en el Capítulo 1: 1. Leydi Estefany Ochoa Vega El próximo C1 es el 1, 2 y 3 de mayo. Necesito saber el estatus real de esta persona: si tiene la intención de sentarse, qué está pasando con su proceso y si cuenta con tu acompañamiento para llegar. Por favor respóndenos a este mismo número con el estatus de esta persona antes del viernes. Comunicaciones Crear Poder Sin Límites Perú
A40: 36 | B40: Morales Carcelen Elizabeth Milagros | C40: EQUIPO 15 | D40: 998450224 | E40: =COUNTIF(DATA!A:A,B40) -> 2 | F40: =COUNTIFS(DATA!A:A,B40,DATA!G:G,"CONFIRMADO") -> 0 | G40: =IF(E40=0,"SIN DATA",IF(F40=E40,"✅ COMPLETO",IF(F40>0,"🔄 PARCIAL",IF(COUNTIFS(DATA!A:A,B40,DATA!G:G,"PENDIENTE")=E40,"⏳ PENDIENTE","⚠ MIXTO")))) -> ⏳ PENDIENTE | H40: ="Hola "&IFERROR(LEFT(TRIM(MID(B40,FIND(" ",B40,FIND(" ",B40)+1)+1,100)),IFERROR(FIND(" ",TRIM(MID(B40,FIND(" ",B40,FIND(" ",B40)+1)+1,100)))-1,100)),TRIM(MID(B40,FIND(" ",B40&" ")+1,100)))&", buen día."&CHAR(10)&CHAR(10)&"Te escribo porque "&E40&" personas de tu equipo aún no se han sentado en el Capítulo 1:"&CHAR(10)&CHAR(10)&"1. Jaqueline Roman Contreras 2. Marco Morales Carcelen"&CHAR(10)&CHAR(10)&"El próximo C1 es el 1, 2 y 3 de mayo. Necesito saber el estatus real de cada uno: si tienen la intención de sentarse, qué está pasando con su proceso y si cuentan con tu acompañamiento para llegar."&CHAR(10)&CHAR(10)&"Por favor respóndenos a este mismo número con el estatus de cada uno antes del viernes."&CHAR(10)&CHAR(10)&"Comunicaciones Crear Poder Sin Límites Perú" -> Hola Elizabeth, buen día. Te escribo porque 2 personas de tu equipo aún no se han sentado en el Capítulo 1: 1. Jaqueline Roman Contreras 2. Marco Morales Carcelen El próximo C1 es el 1, 2 y 3 de mayo. Necesito saber el estatus real de cada uno: si tienen la intención de sentarse, qué está pasando con su proceso y si cuentan con tu acompañamiento para llegar. Por favor respóndenos a este mismo número con el estatus de cada uno antes del viernes. Comunicaciones Crear Poder Sin Límites Perú
A41: 37 | B41: Capcha Cabello Maura | C41: EQUIPO 15 | D41: 999369692 | E41: =COUNTIF(DATA!A:A,B41) -> 1 | F41: =COUNTIFS(DATA!A:A,B41,DATA!G:G,"CONFIRMADO") -> 0 | G41: =IF(E41=0,"SIN DATA",IF(F41=E41,"✅ COMPLETO",IF(F41>0,"🔄 PARCIAL",IF(COUNTIFS(DATA!A:A,B41,DATA!G:G,"PENDIENTE")=E41,"⏳ PENDIENTE","⚠ MIXTO")))) -> ⏳ PENDIENTE | H41: ="Hola "&IFERROR(LEFT(TRIM(MID(B41,FIND(" ",B41,FIND(" ",B41)+1)+1,100)),IFERROR(FIND(" ",TRIM(MID(B41,FIND(" ",B41,FIND(" ",B41)+1)+1,100)))-1,100)),TRIM(MID(B41,FIND(" ",B41&" ")+1,100)))&", buen día."&CHAR(10)&CHAR(10)&"Te escribo porque una persona de tu equipo aún no se ha sentado en el Capítulo 1:"&CHAR(10)&CHAR(10)&"1. Antonio Capcha Cabello"&CHAR(10)&CHAR(10)&"El próximo C1 es el 1, 2 y 3 de mayo. Necesito saber el estatus real de esta persona: si tiene la intención de sentarse, qué está pasando con su proceso y si cuenta con tu acompañamiento para llegar."&CHAR(10)&CHAR(10)&"Por favor respóndenos a este mismo número con el estatus de esta persona antes del viernes."&CHAR(10)&CHAR(10)&"Comunicaciones Crear Poder Sin Límites Perú" -> Hola Maura, buen día. Te escribo porque una persona de tu equipo aún no se ha sentado en el Capítulo 1: 1. Antonio Capcha Cabello El próximo C1 es el 1, 2 y 3 de mayo. Necesito saber el estatus real de esta persona: si tiene la intención de sentarse, qué está pasando con su proceso y si cuenta con tu acompañamiento para llegar. Por favor respóndenos a este mismo número con el estatus de esta persona antes del viernes. Comunicaciones Crear Poder Sin Límites Perú
A42: 38 | B42: Jaramillo Pinedo Jutsu | C42: EQUIPO 15 | D42: 942005665 | E42: =COUNTIF(DATA!A:A,B42) -> 1 | F42: =COUNTIFS(DATA!A:A,B42,DATA!G:G,"CONFIRMADO") -> 0 | G42: =IF(E42=0,"SIN DATA",IF(F42=E42,"✅ COMPLETO",IF(F42>0,"🔄 PARCIAL",IF(COUNTIFS(DATA!A:A,B42,DATA!G:G,"PENDIENTE")=E42,"⏳ PENDIENTE","⚠ MIXTO")))) -> ⏳ PENDIENTE | H42: ="Hola "&IFERROR(LEFT(TRIM(MID(B42,FIND(" ",B42,FIND(" ",B42)+1)+1,100)),IFERROR(FIND(" ",TRIM(MID(B42,FIND(" ",B42,FIND(" ",B42)+1)+1,100)))-1,100)),TRIM(MID(B42,FIND(" ",B42&" ")+1,100)))&", buen día."&CHAR(10)&CHAR(10)&"Te escribo porque una persona de tu equipo aún no se ha sentado en el Capítulo 1:"&CHAR(10)&CHAR(10)&"1. Santiago Jaramillo Pinedo"&CHAR(10)&CHAR(10)&"El próximo C1 es el 1, 2 y 3 de mayo. Necesito saber el estatus real de esta persona: si tiene la intención de sentarse, qué está pasando con su proceso y si cuenta con tu acompañamiento para llegar."&CHAR(10)&CHAR(10)&"Por favor respóndenos a este mismo número con el estatus de esta persona antes del viernes."&CHAR(10)&CHAR(10)&"Comunicaciones Crear Poder Sin Límites Perú" -> Hola Jutsu, buen día. Te escribo porque una persona de tu equipo aún no se ha sentado en el Capítulo 1: 1. Santiago Jaramillo Pinedo El próximo C1 es el 1, 2 y 3 de mayo. Necesito saber el estatus real de esta persona: si tiene la intención de sentarse, qué está pasando con su proceso y si cuenta con tu acompañamiento para llegar. Por favor respóndenos a este mismo número con el estatus de esta persona antes del viernes. Comunicaciones Crear Poder Sin Límites Perú
A43: 39 | B43: Espana Zambrano Maribel Roberta | C43: EQUIPO 15 | D43: 976507454 | E43: =COUNTIF(DATA!A:A,B43) -> 2 | F43: =COUNTIFS(DATA!A:A,B43,DATA!G:G,"CONFIRMADO") -> 0 | G43: =IF(E43=0,"SIN DATA",IF(F43=E43,"✅ COMPLETO",IF(F43>0,"🔄 PARCIAL",IF(COUNTIFS(DATA!A:A,B43,DATA!G:G,"PENDIENTE")=E43,"⏳ PENDIENTE","⚠ MIXTO")))) -> ⏳ PENDIENTE | H43: ="Hola "&IFERROR(LEFT(TRIM(MID(B43,FIND(" ",B43,FIND(" ",B43)+1)+1,100)),IFERROR(FIND(" ",TRIM(MID(B43,FIND(" ",B43,FIND(" ",B43)+1)+1,100)))-1,100)),TRIM(MID(B43,FIND(" ",B43&" ")+1,100)))&", buen día."&CHAR(10)&CHAR(10)&"Te escribo porque "&E43&" personas de tu equipo aún no se han sentado en el Capítulo 1:"&CHAR(10)&CHAR(10)&"1. Sonia Iris Espana Zambrano 2. Michael Willy Espana Diaz"&CHAR(10)&CHAR(10)&"El próximo C1 es el 1, 2 y 3 de mayo. Necesito saber el estatus real de cada uno: si tienen la intención de sentarse, qué está pasando con su proceso y si cuentan con tu acompañamiento para llegar."&CHAR(10)&CHAR(10)&"Por favor respóndenos a este mismo número con el estatus de cada uno antes del viernes."&CHAR(10)&CHAR(10)&"Comunicaciones Crear Poder Sin Límites Perú" -> Hola Maribel, buen día. Te escribo porque 2 personas de tu equipo aún no se han sentado en el Capítulo 1: 1. Sonia Iris Espana Zambrano 2. Michael Willy Espana Diaz El próximo C1 es el 1, 2 y 3 de mayo. Necesito saber el estatus real de cada uno: si tienen la intención de sentarse, qué está pasando con su proceso y si cuentan con tu acompañamiento para llegar. Por favor respóndenos a este mismo número con el estatus de cada uno antes del viernes. Comunicaciones Crear Poder Sin Límites Perú
A44: 40 | B44: Requejo Linares Daysi | C44: EQUIPO 15 | D44: 945111938 | E44: =COUNTIF(DATA!A:A,B44) -> 2 | F44: =COUNTIFS(DATA!A:A,B44,DATA!G:G,"CONFIRMADO") -> 0 | G44: =IF(E44=0,"SIN DATA",IF(F44=E44,"✅ COMPLETO",IF(F44>0,"🔄 PARCIAL",IF(COUNTIFS(DATA!A:A,B44,DATA!G:G,"PENDIENTE")=E44,"⏳ PENDIENTE","⚠ MIXTO")))) -> ⏳ PENDIENTE | H44: ="Hola "&IFERROR(LEFT(TRIM(MID(B44,FIND(" ",B44,FIND(" ",B44)+1)+1,100)),IFERROR(FIND(" ",TRIM(MID(B44,FIND(" ",B44,FIND(" ",B44)+1)+1,100)))-1,100)),TRIM(MID(B44,FIND(" ",B44&" ")+1,100)))&", buen día."&CHAR(10)&CHAR(10)&"Te escribo porque "&E44&" personas de tu equipo aún no se han sentado en el Capítulo 1:"&CHAR(10)&CHAR(10)&"1. Raquel Ramirez Pisco 2. Veronica Chafloque Chafloque"&CHAR(10)&CHAR(10)&"El próximo C1 es el 1, 2 y 3 de mayo. Necesito saber el estatus real de cada uno: si tienen la intención de sentarse, qué está pasando con su proceso y si cuentan con tu acompañamiento para llegar."&CHAR(10)&CHAR(10)&"Por favor respóndenos a este mismo número con el estatus de cada uno antes del viernes."&CHAR(10)&CHAR(10)&"Comunicaciones Crear Poder Sin Límites Perú" -> Hola Daysi, buen día. Te escribo porque 2 personas de tu equipo aún no se han sentado en el Capítulo 1: 1. Raquel Ramirez Pisco 2. Veronica Chafloque Chafloque El próximo C1 es el 1, 2 y 3 de mayo. Necesito saber el estatus real de cada uno: si tienen la intención de sentarse, qué está pasando con su proceso y si cuentan con tu acompañamiento para llegar. Por favor respóndenos a este mismo número con el estatus de cada uno antes del viernes. Comunicaciones Crear Poder Sin Límites Perú
A45: 41 | B45: Toledo Orellana Brenda Lorena | C45: EQUIPO 16 | D45: 945258797 | E45: =COUNTIF(DATA!A:A,B45) -> 1 | F45: =COUNTIFS(DATA!A:A,B45,DATA!G:G,"CONFIRMADO") -> 0 | G45: =IF(E45=0,"SIN DATA",IF(F45=E45,"✅ COMPLETO",IF(F45>0,"🔄 PARCIAL",IF(COUNTIFS(DATA!A:A,B45,DATA!G:G,"PENDIENTE")=E45,"⏳ PENDIENTE","⚠ MIXTO")))) -> ⏳ PENDIENTE | H45: ="Hola "&IFERROR(LEFT(TRIM(MID(B45,FIND(" ",B45,FIND(" ",B45)+1)+1,100)),IFERROR(FIND(" ",TRIM(MID(B45,FIND(" ",B45,FIND(" ",B45)+1)+1,100)))-1,100)),TRIM(MID(B45,FIND(" ",B45&" ")+1,100)))&", buen día."&CHAR(10)&CHAR(10)&"Te escribo porque una persona de tu equipo aún no se ha sentado en el Capítulo 1:"&CHAR(10)&CHAR(10)&"1. José Enrique Zafra Ortiz"&CHAR(10)&CHAR(10)&"El próximo C1 es el 1, 2 y 3 de mayo. Necesito saber el estatus real de esta persona: si tiene la intención de sentarse, qué está pasando con su proceso y si cuenta con tu acompañamiento para llegar."&CHAR(10)&CHAR(10)&"Por favor respóndenos a este mismo número con el estatus de esta persona antes del viernes."&CHAR(10)&CHAR(10)&"Comunicaciones Crear Poder Sin Límites Perú" -> Hola Brenda, buen día. Te escribo porque una persona de tu equipo aún no se ha sentado en el Capítulo 1: 1. José Enrique Zafra Ortiz El próximo C1 es el 1, 2 y 3 de mayo. Necesito saber el estatus real de esta persona: si tiene la intención de sentarse, qué está pasando con su proceso y si cuenta con tu acompañamiento para llegar. Por favor respóndenos a este mismo número con el estatus de esta persona antes del viernes. Comunicaciones Crear Poder Sin Límites Perú
A46: 42 | B46: Chachayma Marcos Blanca Luz | C46: EQUIPO 16 | D46: 977694959 | E46: =COUNTIF(DATA!A:A,B46) -> 1 | F46: =COUNTIFS(DATA!A:A,B46,DATA!G:G,"CONFIRMADO") -> 0 | G46: =IF(E46=0,"SIN DATA",IF(F46=E46,"✅ COMPLETO",IF(F46>0,"🔄 PARCIAL",IF(COUNTIFS(DATA!A:A,B46,DATA!G:G,"PENDIENTE")=E46,"⏳ PENDIENTE","⚠ MIXTO")))) -> ⏳ PENDIENTE | H46: ="Hola "&IFERROR(LEFT(TRIM(MID(B46,FIND(" ",B46,FIND(" ",B46)+1)+1,100)),IFERROR(FIND(" ",TRIM(MID(B46,FIND(" ",B46,FIND(" ",B46)+1)+1,100)))-1,100)),TRIM(MID(B46,FIND(" ",B46&" ")+1,100)))&", buen día."&CHAR(10)&CHAR(10)&"Te escribo porque una persona de tu equipo aún no se ha sentado en el Capítulo 1:"&CHAR(10)&CHAR(10)&"1. Alejandro Chachayma Cardenas"&CHAR(10)&CHAR(10)&"El próximo C1 es el 1, 2 y 3 de mayo. Necesito saber el estatus real de esta persona: si tiene la intención de sentarse, qué está pasando con su proceso y si cuenta con tu acompañamiento para llegar."&CHAR(10)&CHAR(10)&"Por favor respóndenos a este mismo número con el estatus de esta persona antes del viernes."&CHAR(10)&CHAR(10)&"Comunicaciones Crear Poder Sin Límites Perú" -> Hola Blanca, buen día. Te escribo porque una persona de tu equipo aún no se ha sentado en el Capítulo 1: 1. Alejandro Chachayma Cardenas El próximo C1 es el 1, 2 y 3 de mayo. Necesito saber el estatus real de esta persona: si tiene la intención de sentarse, qué está pasando con su proceso y si cuenta con tu acompañamiento para llegar. Por favor respóndenos a este mismo número con el estatus de esta persona antes del viernes. Comunicaciones Crear Poder Sin Límites Perú
A47: 43 | B47: Jaimes Vega Celia | C47: EQUIPO 16 | D47: 901762670 | E47: =COUNTIF(DATA!A:A,B47) -> 1 | F47: =COUNTIFS(DATA!A:A,B47,DATA!G:G,"CONFIRMADO") -> 0 | G47: =IF(E47=0,"SIN DATA",IF(F47=E47,"✅ COMPLETO",IF(F47>0,"🔄 PARCIAL",IF(COUNTIFS(DATA!A:A,B47,DATA!G:G,"PENDIENTE")=E47,"⏳ PENDIENTE","⚠ MIXTO")))) -> ⏳ PENDIENTE | H47: ="Hola "&IFERROR(LEFT(TRIM(MID(B47,FIND(" ",B47,FIND(" ",B47)+1)+1,100)),IFERROR(FIND(" ",TRIM(MID(B47,FIND(" ",B47,FIND(" ",B47)+1)+1,100)))-1,100)),TRIM(MID(B47,FIND(" ",B47&" ")+1,100)))&", buen día."&CHAR(10)&CHAR(10)&"Te escribo porque una persona de tu equipo aún no se ha sentado en el Capítulo 1:"&CHAR(10)&CHAR(10)&"1. Wilimar Adrianet Blanco Narváez"&CHAR(10)&CHAR(10)&"El próximo C1 es el 1, 2 y 3 de mayo. Necesito saber el estatus real de esta persona: si tiene la intención de sentarse, qué está pasando con su proceso y si cuenta con tu acompañamiento para llegar."&CHAR(10)&CHAR(10)&"Por favor respóndenos a este mismo número con el estatus de esta persona antes del viernes."&CHAR(10)&CHAR(10)&"Comunicaciones Crear Poder Sin Límites Perú" -> Hola Celia, buen día. Te escribo porque una persona de tu equipo aún no se ha sentado en el Capítulo 1: 1. Wilimar Adrianet Blanco Narváez El próximo C1 es el 1, 2 y 3 de mayo. Necesito saber el estatus real de esta persona: si tiene la intención de sentarse, qué está pasando con su proceso y si cuenta con tu acompañamiento para llegar. Por favor respóndenos a este mismo número con el estatus de esta persona antes del viernes. Comunicaciones Crear Poder Sin Límites Perú
A48: 44 | B48: Cardenas Rios Daniel Adolfo | C48: EQUIPO 16 | D48: 959107202 | E48: =COUNTIF(DATA!A:A,B48) -> 2 | F48: =COUNTIFS(DATA!A:A,B48,DATA!G:G,"CONFIRMADO") -> 0 | G48: =IF(E48=0,"SIN DATA",IF(F48=E48,"✅ COMPLETO",IF(F48>0,"🔄 PARCIAL",IF(COUNTIFS(DATA!A:A,B48,DATA!G:G,"PENDIENTE")=E48,"⏳ PENDIENTE","⚠ MIXTO")))) -> ⏳ PENDIENTE | H48: ="Hola "&IFERROR(LEFT(TRIM(MID(B48,FIND(" ",B48,FIND(" ",B48)+1)+1,100)),IFERROR(FIND(" ",TRIM(MID(B48,FIND(" ",B48,FIND(" ",B48)+1)+1,100)))-1,100)),TRIM(MID(B48,FIND(" ",B48&" ")+1,100)))&", buen día."&CHAR(10)&CHAR(10)&"Te escribo porque "&E48&" personas de tu equipo aún no se han sentado en el Capítulo 1:"&CHAR(10)&CHAR(10)&"1. Alexander Parco Flores 2. Fernanda Caballero Contreras"&CHAR(10)&CHAR(10)&"El próximo C1 es el 1, 2 y 3 de mayo. Necesito saber el estatus real de cada uno: si tienen la intención de sentarse, qué está pasando con su proceso y si cuentan con tu acompañamiento para llegar."&CHAR(10)&CHAR(10)&"Por favor respóndenos a este mismo número con el estatus de cada uno antes del viernes."&CHAR(10)&CHAR(10)&"Comunicaciones Crear Poder Sin Límites Perú" -> Hola Daniel, buen día. Te escribo porque 2 personas de tu equipo aún no se han sentado en el Capítulo 1: 1. Alexander Parco Flores 2. Fernanda Caballero Contreras El próximo C1 es el 1, 2 y 3 de mayo. Necesito saber el estatus real de cada uno: si tienen la intención de sentarse, qué está pasando con su proceso y si cuentan con tu acompañamiento para llegar. Por favor respóndenos a este mismo número con el estatus de cada uno antes del viernes. Comunicaciones Crear Poder Sin Límites Perú
A49: 45 | B49: Quispe Arenas Katherine Lilibet | C49: EQUIPO 16 | D49: 983227317 | E49: =COUNTIF(DATA!A:A,B49) -> 1 | F49: =COUNTIFS(DATA!A:A,B49,DATA!G:G,"CONFIRMADO") -> 0 | G49: =IF(E49=0,"SIN DATA",IF(F49=E49,"✅ COMPLETO",IF(F49>0,"🔄 PARCIAL",IF(COUNTIFS(DATA!A:A,B49,DATA!G:G,"PENDIENTE")=E49,"⏳ PENDIENTE","⚠ MIXTO")))) -> ⏳ PENDIENTE | H49: ="Hola "&IFERROR(LEFT(TRIM(MID(B49,FIND(" ",B49,FIND(" ",B49)+1)+1,100)),IFERROR(FIND(" ",TRIM(MID(B49,FIND(" ",B49,FIND(" ",B49)+1)+1,100)))-1,100)),TRIM(MID(B49,FIND(" ",B49&" ")+1,100)))&", buen día."&CHAR(10)&CHAR(10)&"Te escribo porque una persona de tu equipo aún no se ha sentado en el Capítulo 1:"&CHAR(10)&CHAR(10)&"1. Lilian Sidney Morales Laura"&CHAR(10)&CHAR(10)&"El próximo C1 es el 1, 2 y 3 de mayo. Necesito saber el estatus real de esta persona: si tiene la intención de sentarse, qué está pasando con su proceso y si cuenta con tu acompañamiento para llegar."&CHAR(10)&CHAR(10)&"Por favor respóndenos a este mismo número con el estatus de esta persona antes del viernes."&CHAR(10)&CHAR(10)&"Comunicaciones Crear Poder Sin Límites Perú" -> Hola Katherine, buen día. Te escribo porque una persona de tu equipo aún no se ha sentado en el Capítulo 1: 1. Lilian Sidney Morales Laura El próximo C1 es el 1, 2 y 3 de mayo. Necesito saber el estatus real de esta persona: si tiene la intención de sentarse, qué está pasando con su proceso y si cuenta con tu acompañamiento para llegar. Por favor respóndenos a este mismo número con el estatus de esta persona antes del viernes. Comunicaciones Crear Poder Sin Límites Perú
A50: 46 | B50: Plasencia Aguilar Jimena Maribel | C50: EQUIPO 16 | D50: 959235763 | E50: =COUNTIF(DATA!A:A,B50) -> 1 | F50: =COUNTIFS(DATA!A:A,B50,DATA!G:G,"CONFIRMADO") -> 0 | G50: =IF(E50=0,"SIN DATA",IF(F50=E50,"✅ COMPLETO",IF(F50>0,"🔄 PARCIAL",IF(COUNTIFS(DATA!A:A,B50,DATA!G:G,"PENDIENTE")=E50,"⏳ PENDIENTE","⚠ MIXTO")))) -> ⏳ PENDIENTE | H50: ="Hola "&IFERROR(LEFT(TRIM(MID(B50,FIND(" ",B50,FIND(" ",B50)+1)+1,100)),IFERROR(FIND(" ",TRIM(MID(B50,FIND(" ",B50,FIND(" ",B50)+1)+1,100)))-1,100)),TRIM(MID(B50,FIND(" ",B50&" ")+1,100)))&", buen día."&CHAR(10)&CHAR(10)&"Te escribo porque una persona de tu equipo aún no se ha sentado en el Capítulo 1:"&CHAR(10)&CHAR(10)&"1. Vania Roxana Rivasplata Torres"&CHAR(10)&CHAR(10)&"El próximo C1 es el 1, 2 y 3 de mayo. Necesito saber el estatus real de esta persona: si tiene la intención de sentarse, qué está pasando con su proceso y si cuenta con tu acompañamiento para llegar."&CHAR(10)&CHAR(10)&"Por favor respóndenos a este mismo número con el estatus de esta persona antes del viernes."&CHAR(10)&CHAR(10)&"Comunicaciones Crear Poder Sin Límites Perú" -> Hola Jimena, buen día. Te escribo porque una persona de tu equipo aún no se ha sentado en el Capítulo 1: 1. Vania Roxana Rivasplata Torres El próximo C1 es el 1, 2 y 3 de mayo. Necesito saber el estatus real de esta persona: si tiene la intención de sentarse, qué está pasando con su proceso y si cuenta con tu acompañamiento para llegar. Por favor respóndenos a este mismo número con el estatus de esta persona antes del viernes. Comunicaciones Crear Poder Sin Límites Perú
A51: 47 | B51: Moscoso Robles Diana Yesenia | C51: EQUIPO 16 | D51: 924105061 | E51: =COUNTIF(DATA!A:A,B51) -> 9 | F51: =COUNTIFS(DATA!A:A,B51,DATA!G:G,"CONFIRMADO") -> 0 | G51: =IF(E51=0,"SIN DATA",IF(F51=E51,"✅ COMPLETO",IF(F51>0,"🔄 PARCIAL",IF(COUNTIFS(DATA!A:A,B51,DATA!G:G,"PENDIENTE")=E51,"⏳ PENDIENTE","⚠ MIXTO")))) -> ⏳ PENDIENTE | H51: ="Hola "&IFERROR(LEFT(TRIM(MID(B51,FIND(" ",B51,FIND(" ",B51)+1)+1,100)),IFERROR(FIND(" ",TRIM(MID(B51,FIND(" ",B51,FIND(" ",B51)+1)+1,100)))-1,100)),TRIM(MID(B51,FIND(" ",B51&" ")+1,100)))&", buen día."&CHAR(10)&CHAR(10)&"Te escribo porque "&E51&" personas de tu equipo aún no se han sentado en el Capítulo 1:"&CHAR(10)&CHAR(10)&"1. Rosa Carolina Espinoza Huanca 2. Jhovana Betsiban Damián Almerco 3. Milto Chocan Morales 4. Mario Vizcarra Pacheco 5. Adys Idania Cordova Cordova 6. Wendy Berusca Arquinego Quispe 7. Thalia Porras Sinche 8. Deysi Melo Vizcarra 9. Elena Romero Cajaleon"&CHAR(10)&CHAR(10)&"El próximo C1 es el 1, 2 y 3 de mayo. Necesito saber el estatus real de cada uno: si tienen la intención de sentarse, qué está pasando con su proceso y si cuentan con tu acompañamiento para llegar."&CHAR(10)&CHAR(10)&"Por favor respóndenos a este mismo número con el estatus de cada uno antes del viernes."&CHAR(10)&CHAR(10)&"Comunicaciones Crear Poder Sin Límites Perú" -> Hola Diana, buen día. Te escribo porque 9 personas de tu equipo aún no se han sentado en el Capítulo 1: 1. Rosa Carolina Espinoza Huanca 2. Jhovana Betsiban Damián Almerco 3. Milto Chocan Morales 4. Mario Vizcarra Pacheco 5. Adys Idania Cordova Cordova 6. Wendy Berusca Arquinego Quispe 7. Thalia Porras Sinche 8. Deysi Melo Vizcarra 9. Elena Romero Cajaleon El próximo C1 es el 1, 2 y 3 de mayo. Necesito saber el estatus real de cada uno: si tienen la intención de sentarse, qué está pasando con su proceso y si cuentan con tu acompañamiento para llegar. Por favor respóndenos a este mismo número con el estatus de cada uno antes del viernes. Comunicaciones Crear Poder Sin Límites Perú
A52: 48 | B52: Leon Suarez D´Yanira Allyzon | C52: EQUIPO 16 | D52: 991215652 | E52: =COUNTIF(DATA!A:A,B52) -> 3 | F52: =COUNTIFS(DATA!A:A,B52,DATA!G:G,"CONFIRMADO") -> 0 | G52: =IF(E52=0,"SIN DATA",IF(F52=E52,"✅ COMPLETO",IF(F52>0,"🔄 PARCIAL",IF(COUNTIFS(DATA!A:A,B52,DATA!G:G,"PENDIENTE")=E52,"⏳ PENDIENTE","⚠ MIXTO")))) -> ⏳ PENDIENTE | H52: ="Hola "&IFERROR(LEFT(TRIM(MID(B52,FIND(" ",B52,FIND(" ",B52)+1)+1,100)),IFERROR(FIND(" ",TRIM(MID(B52,FIND(" ",B52,FIND(" ",B52)+1)+1,100)))-1,100)),TRIM(MID(B52,FIND(" ",B52&" ")+1,100)))&", buen día."&CHAR(10)&CHAR(10)&"Te escribo porque "&E52&" personas de tu equipo aún no se han sentado en el Capítulo 1:"&CHAR(10)&CHAR(10)&"1. Jhon Hildebrando Alvarado Zuniga 2. Rissel Leon Suarez 3. Flor De Maria Martinez Melchor"&CHAR(10)&CHAR(10)&"El próximo C1 es el 1, 2 y 3 de mayo. Necesito saber el estatus real de cada uno: si tienen la intención de sentarse, qué está pasando con su proceso y si cuentan con tu acompañamiento para llegar."&CHAR(10)&CHAR(10)&"Por favor respóndenos a este mismo número con el estatus de cada uno antes del viernes."&CHAR(10)&CHAR(10)&"Comunicaciones Crear Poder Sin Límites Perú" -> Hola D´Yanira, buen día. Te escribo porque 3 personas de tu equipo aún no se han sentado en el Capítulo 1: 1. Jhon Hildebrando Alvarado Zuniga 2. Rissel Leon Suarez 3. Flor De Maria Martinez Melchor El próximo C1 es el 1, 2 y 3 de mayo. Necesito saber el estatus real de cada uno: si tienen la intención de sentarse, qué está pasando con su proceso y si cuentan con tu acompañamiento para llegar. Por favor respóndenos a este mismo número con el estatus de cada uno antes del viernes. Comunicaciones Crear Poder Sin Límites Perú
A53: 49 | B53: Trujillo Montoya Rossana Stephany | C53: EQUIPO 16 | D53: 941870186 | E53: =COUNTIF(DATA!A:A,B53) -> 1 | F53: =COUNTIFS(DATA!A:A,B53,DATA!G:G,"CONFIRMADO") -> 0 | G53: =IF(E53=0,"SIN DATA",IF(F53=E53,"✅ COMPLETO",IF(F53>0,"🔄 PARCIAL",IF(COUNTIFS(DATA!A:A,B53,DATA!G:G,"PENDIENTE")=E53,"⏳ PENDIENTE","⚠ MIXTO")))) -> ⏳ PENDIENTE | H53: ="Hola "&IFERROR(LEFT(TRIM(MID(B53,FIND(" ",B53,FIND(" ",B53)+1)+1,100)),IFERROR(FIND(" ",TRIM(MID(B53,FIND(" ",B53,FIND(" ",B53)+1)+1,100)))-1,100)),TRIM(MID(B53,FIND(" ",B53&" ")+1,100)))&", buen día."&CHAR(10)&CHAR(10)&"Te escribo porque una persona de tu equipo aún no se ha sentado en el Capítulo 1:"&CHAR(10)&CHAR(10)&"1. Noelia Lizeth Fontenla Montoya"&CHAR(10)&CHAR(10)&"El próximo C1 es el 1, 2 y 3 de mayo. Necesito saber el estatus real de esta persona: si tiene la intención de sentarse, qué está pasando con su proceso y si cuenta con tu acompañamiento para llegar."&CHAR(10)&CHAR(10)&"Por favor respóndenos a este mismo número con el estatus de esta persona antes del viernes."&CHAR(10)&CHAR(10)&"Comunicaciones Crear Poder Sin Límites Perú" -> Hola Rossana, buen día. Te escribo porque una persona de tu equipo aún no se ha sentado en el Capítulo 1: 1. Noelia Lizeth Fontenla Montoya El próximo C1 es el 1, 2 y 3 de mayo. Necesito saber el estatus real de esta persona: si tiene la intención de sentarse, qué está pasando con su proceso y si cuenta con tu acompañamiento para llegar. Por favor respóndenos a este mismo número con el estatus de esta persona antes del viernes. Comunicaciones Crear Poder Sin Límites Perú
A54: 50 | B54: Mendoza Picoaga Carlos Humberto | C54: EQUIPO 16 | D54: 996593722 | E54: =COUNTIF(DATA!A:A,B54) -> 1 | F54: =COUNTIFS(DATA!A:A,B54,DATA!G:G,"CONFIRMADO") -> 0 | G54: =IF(E54=0,"SIN DATA",IF(F54=E54,"✅ COMPLETO",IF(F54>0,"🔄 PARCIAL",IF(COUNTIFS(DATA!A:A,B54,DATA!G:G,"PENDIENTE")=E54,"⏳ PENDIENTE","⚠ MIXTO")))) -> ⏳ PENDIENTE | H54: ="Hola "&IFERROR(LEFT(TRIM(MID(B54,FIND(" ",B54,FIND(" ",B54)+1)+1,100)),IFERROR(FIND(" ",TRIM(MID(B54,FIND(" ",B54,FIND(" ",B54)+1)+1,100)))-1,100)),TRIM(MID(B54,FIND(" ",B54&" ")+1,100)))&", buen día."&CHAR(10)&CHAR(10)&"Te escribo porque una persona de tu equipo aún no se ha sentado en el Capítulo 1:"&CHAR(10)&CHAR(10)&"1. Margareth Mercedes Tapia Pacheco"&CHAR(10)&CHAR(10)&"El próximo C1 es el 1, 2 y 3 de mayo. Necesito saber el estatus real de esta persona: si tiene la intención de sentarse, qué está pasando con su proceso y si cuenta con tu acompañamiento para llegar."&CHAR(10)&CHAR(10)&"Por favor respóndenos a este mismo número con el estatus de esta persona antes del viernes."&CHAR(10)&CHAR(10)&"Comunicaciones Crear Poder Sin Límites Perú" -> Hola Carlos, buen día. Te escribo porque una persona de tu equipo aún no se ha sentado en el Capítulo 1: 1. Margareth Mercedes Tapia Pacheco El próximo C1 es el 1, 2 y 3 de mayo. Necesito saber el estatus real de esta persona: si tiene la intención de sentarse, qué está pasando con su proceso y si cuenta con tu acompañamiento para llegar. Por favor respóndenos a este mismo número con el estatus de esta persona antes del viernes. Comunicaciones Crear Poder Sin Límites Perú
A55: 51 | B55: Espinal Baltazar Jenny Betsabet | C55: EQUIPO 16 | D55: 922770592 | E55: =COUNTIF(DATA!A:A,B55) -> 1 | F55: =COUNTIFS(DATA!A:A,B55,DATA!G:G,"CONFIRMADO") -> 0 | G55: =IF(E55=0,"SIN DATA",IF(F55=E55,"✅ COMPLETO",IF(F55>0,"🔄 PARCIAL",IF(COUNTIFS(DATA!A:A,B55,DATA!G:G,"PENDIENTE")=E55,"⏳ PENDIENTE","⚠ MIXTO")))) -> ⏳ PENDIENTE | H55: ="Hola "&IFERROR(LEFT(TRIM(MID(B55,FIND(" ",B55,FIND(" ",B55)+1)+1,100)),IFERROR(FIND(" ",TRIM(MID(B55,FIND(" ",B55,FIND(" ",B55)+1)+1,100)))-1,100)),TRIM(MID(B55,FIND(" ",B55&" ")+1,100)))&", buen día."&CHAR(10)&CHAR(10)&"Te escribo porque una persona de tu equipo aún no se ha sentado en el Capítulo 1:"&CHAR(10)&CHAR(10)&"1. Milagros Iliana Acuna Espinar"&CHAR(10)&CHAR(10)&"El próximo C1 es el 1, 2 y 3 de mayo. Necesito saber el estatus real de esta persona: si tiene la intención de sentarse, qué está pasando con su proceso y si cuenta con tu acompañamiento para llegar."&CHAR(10)&CHAR(10)&"Por favor respóndenos a este mismo número con el estatus de esta persona antes del viernes."&CHAR(10)&CHAR(10)&"Comunicaciones Crear Poder Sin Límites Perú" -> Hola Jenny, buen día. Te escribo porque una persona de tu equipo aún no se ha sentado en el Capítulo 1: 1. Milagros Iliana Acuna Espinar El próximo C1 es el 1, 2 y 3 de mayo. Necesito saber el estatus real de esta persona: si tiene la intención de sentarse, qué está pasando con su proceso y si cuenta con tu acompañamiento para llegar. Por favor respóndenos a este mismo número con el estatus de esta persona antes del viernes. Comunicaciones Crear Poder Sin Límites Perú
A56: 52 | B56: Martinez Flores Daina Ayelen | C56: EQUIPO 16 | D56: 915187986 | E56: =COUNTIF(DATA!A:A,B56) -> 1 | F56: =COUNTIFS(DATA!A:A,B56,DATA!G:G,"CONFIRMADO") -> 0 | G56: =IF(E56=0,"SIN DATA",IF(F56=E56,"✅ COMPLETO",IF(F56>0,"🔄 PARCIAL",IF(COUNTIFS(DATA!A:A,B56,DATA!G:G,"PENDIENTE")=E56,"⏳ PENDIENTE","⚠ MIXTO")))) -> ⏳ PENDIENTE | H56: ="Hola "&IFERROR(LEFT(TRIM(MID(B56,FIND(" ",B56,FIND(" ",B56)+1)+1,100)),IFERROR(FIND(" ",TRIM(MID(B56,FIND(" ",B56,FIND(" ",B56)+1)+1,100)))-1,100)),TRIM(MID(B56,FIND(" ",B56&" ")+1,100)))&", buen día."&CHAR(10)&CHAR(10)&"Te escribo porque una persona de tu equipo aún no se ha sentado en el Capítulo 1:"&CHAR(10)&CHAR(10)&"1. Estefani Rosaura Mancilla Gomez"&CHAR(10)&CHAR(10)&"El próximo C1 es el 1, 2 y 3 de mayo. Necesito saber el estatus real de esta persona: si tiene la intención de sentarse, qué está pasando con su proceso y si cuenta con tu acompañamiento para llegar."&CHAR(10)&CHAR(10)&"Por favor respóndenos a este mismo número con el estatus de esta persona antes del viernes."&CHAR(10)&CHAR(10)&"Comunicaciones Crear Poder Sin Límites Perú" -> Hola Daina, buen día. Te escribo porque una persona de tu equipo aún no se ha sentado en el Capítulo 1: 1. Estefani Rosaura Mancilla Gomez El próximo C1 es el 1, 2 y 3 de mayo. Necesito saber el estatus real de esta persona: si tiene la intención de sentarse, qué está pasando con su proceso y si cuenta con tu acompañamiento para llegar. Por favor respóndenos a este mismo número con el estatus de esta persona antes del viernes. Comunicaciones Crear Poder Sin Límites Perú
A57: 53 | B57: Asenjo Becerra Milagros Lucero | C57: EQUIPO 16 | D57: 926066064 | E57: =COUNTIF(DATA!A:A,B57) -> 1 | F57: =COUNTIFS(DATA!A:A,B57,DATA!G:G,"CONFIRMADO") -> 0 | G57: =IF(E57=0,"SIN DATA",IF(F57=E57,"✅ COMPLETO",IF(F57>0,"🔄 PARCIAL",IF(COUNTIFS(DATA!A:A,B57,DATA!G:G,"PENDIENTE")=E57,"⏳ PENDIENTE","⚠ MIXTO")))) -> ⏳ PENDIENTE | H57: ="Hola "&IFERROR(LEFT(TRIM(MID(B57,FIND(" ",B57,FIND(" ",B57)+1)+1,100)),IFERROR(FIND(" ",TRIM(MID(B57,FIND(" ",B57,FIND(" ",B57)+1)+1,100)))-1,100)),TRIM(MID(B57,FIND(" ",B57&" ")+1,100)))&", buen día."&CHAR(10)&CHAR(10)&"Te escribo porque una persona de tu equipo aún no se ha sentado en el Capítulo 1:"&CHAR(10)&CHAR(10)&"1. Melanie Darlene Palomino Asenjo"&CHAR(10)&CHAR(10)&"El próximo C1 es el 1, 2 y 3 de mayo. Necesito saber el estatus real de esta persona: si tiene la intención de sentarse, qué está pasando con su proceso y si cuenta con tu acompañamiento para llegar."&CHAR(10)&CHAR(10)&"Por favor respóndenos a este mismo número con el estatus de esta persona antes del viernes."&CHAR(10)&CHAR(10)&"Comunicaciones Crear Poder Sin Límites Perú" -> Hola Milagros, buen día. Te escribo porque una persona de tu equipo aún no se ha sentado en el Capítulo 1: 1. Melanie Darlene Palomino Asenjo El próximo C1 es el 1, 2 y 3 de mayo. Necesito saber el estatus real de esta persona: si tiene la intención de sentarse, qué está pasando con su proceso y si cuenta con tu acompañamiento para llegar. Por favor respóndenos a este mismo número con el estatus de esta persona antes del viernes. Comunicaciones Crear Poder Sin Límites Perú
A58: 54 | B58: Garcia Llovera Yusmely Desiree | C58: EQUIPO 17 | D58: 921979246 | E58: =COUNTIF(DATA!A:A,B58) -> 1 | F58: =COUNTIFS(DATA!A:A,B58,DATA!G:G,"CONFIRMADO") -> 0 | G58: =IF(E58=0,"SIN DATA",IF(F58=E58,"✅ COMPLETO",IF(F58>0,"🔄 PARCIAL",IF(COUNTIFS(DATA!A:A,B58,DATA!G:G,"PENDIENTE")=E58,"⏳ PENDIENTE","⚠ MIXTO")))) -> ⏳ PENDIENTE | H58: ="Hola "&IFERROR(LEFT(TRIM(MID(B58,FIND(" ",B58,FIND(" ",B58)+1)+1,100)),IFERROR(FIND(" ",TRIM(MID(B58,FIND(" ",B58,FIND(" ",B58)+1)+1,100)))-1,100)),TRIM(MID(B58,FIND(" ",B58&" ")+1,100)))&", buen día."&CHAR(10)&CHAR(10)&"Te escribo porque una persona de tu equipo aún no se ha sentado en el Capítulo 1:"&CHAR(10)&CHAR(10)&"1. Juan Carlos Huillca Cruz"&CHAR(10)&CHAR(10)&"El próximo C1 es el 1, 2 y 3 de mayo. Necesito saber el estatus real de esta persona: si tiene la intención de sentarse, qué está pasando con su proceso y si cuenta con tu acompañamiento para llegar."&CHAR(10)&CHAR(10)&"Por favor respóndenos a este mismo número con el estatus de esta persona antes del viernes."&CHAR(10)&CHAR(10)&"Comunicaciones Crear Poder Sin Límites Perú" -> Hola Yusmely, buen día. Te escribo porque una persona de tu equipo aún no se ha sentado en el Capítulo 1: 1. Juan Carlos Huillca Cruz El próximo C1 es el 1, 2 y 3 de mayo. Necesito saber el estatus real de esta persona: si tiene la intención de sentarse, qué está pasando con su proceso y si cuenta con tu acompañamiento para llegar. Por favor respóndenos a este mismo número con el estatus de esta persona antes del viernes. Comunicaciones Crear Poder Sin Límites Perú
A59: 55 | B59: Larico Limachi Irena | C59: EQUIPO 17 | D59: 51966514255 | E59: =COUNTIF(DATA!A:A,B59) -> 2 | F59: =COUNTIFS(DATA!A:A,B59,DATA!G:G,"CONFIRMADO") -> 0 | G59: =IF(E59=0,"SIN DATA",IF(F59=E59,"✅ COMPLETO",IF(F59>0,"🔄 PARCIAL",IF(COUNTIFS(DATA!A:A,B59,DATA!G:G,"PENDIENTE")=E59,"⏳ PENDIENTE","⚠ MIXTO")))) -> ⏳ PENDIENTE | H59: ="Hola "&IFERROR(LEFT(TRIM(MID(B59,FIND(" ",B59,FIND(" ",B59)+1)+1,100)),IFERROR(FIND(" ",TRIM(MID(B59,FIND(" ",B59,FIND(" ",B59)+1)+1,100)))-1,100)),TRIM(MID(B59,FIND(" ",B59&" ")+1,100)))&", buen día."&CHAR(10)&CHAR(10)&"Te escribo porque "&E59&" personas de tu equipo aún no se han sentado en el Capítulo 1:"&CHAR(10)&CHAR(10)&"1. Maria Gaspar Chocca 2. Marycruz Huamani Zanabria"&CHAR(10)&CHAR(10)&"El próximo C1 es el 1, 2 y 3 de mayo. Necesito saber el estatus real de cada uno: si tienen la intención de sentarse, qué está pasando con su proceso y si cuentan con tu acompañamiento para llegar."&CHAR(10)&CHAR(10)&"Por favor respóndenos a este mismo número con el estatus de cada uno antes del viernes."&CHAR(10)&CHAR(10)&"Comunicaciones Crear Poder Sin Límites Perú" -> Hola Irena, buen día. Te escribo porque 2 personas de tu equipo aún no se han sentado en el Capítulo 1: 1. Maria Gaspar Chocca 2. Marycruz Huamani Zanabria El próximo C1 es el 1, 2 y 3 de mayo. Necesito saber el estatus real de cada uno: si tienen la intención de sentarse, qué está pasando con su proceso y si cuentan con tu acompañamiento para llegar. Por favor respóndenos a este mismo número con el estatus de cada uno antes del viernes. Comunicaciones Crear Poder Sin Límites Perú
A60: 56 | B60: Lay Guillen Ursula | C60: EQUIPO 17 | D60: 996153386 | E60: =COUNTIF(DATA!A:A,B60) -> 1 | F60: =COUNTIFS(DATA!A:A,B60,DATA!G:G,"CONFIRMADO") -> 0 | G60: =IF(E60=0,"SIN DATA",IF(F60=E60,"✅ COMPLETO",IF(F60>0,"🔄 PARCIAL",IF(COUNTIFS(DATA!A:A,B60,DATA!G:G,"PENDIENTE")=E60,"⏳ PENDIENTE","⚠ MIXTO")))) -> ⏳ PENDIENTE | H60: ="Hola "&IFERROR(LEFT(TRIM(MID(B60,FIND(" ",B60,FIND(" ",B60)+1)+1,100)),IFERROR(FIND(" ",TRIM(MID(B60,FIND(" ",B60,FIND(" ",B60)+1)+1,100)))-1,100)),TRIM(MID(B60,FIND(" ",B60&" ")+1,100)))&", buen día."&CHAR(10)&CHAR(10)&"Te escribo porque una persona de tu equipo aún no se ha sentado en el Capítulo 1:"&CHAR(10)&CHAR(10)&"1. Ronald Arturo Huapaya Chumpitazi"&CHAR(10)&CHAR(10)&"El próximo C1 es el 1, 2 y 3 de mayo. Necesito saber el estatus real de esta persona: si tiene la intención de sentarse, qué está pasando con su proceso y si cuenta con tu acompañamiento para llegar."&CHAR(10)&CHAR(10)&"Por favor respóndenos a este mismo número con el estatus de esta persona antes del viernes."&CHAR(10)&CHAR(10)&"Comunicaciones Crear Poder Sin Límites Perú" -> Hola Ursula, buen día. Te escribo porque una persona de tu equipo aún no se ha sentado en el Capítulo 1: 1. Ronald Arturo Huapaya Chumpitazi El próximo C1 es el 1, 2 y 3 de mayo. Necesito saber el estatus real de esta persona: si tiene la intención de sentarse, qué está pasando con su proceso y si cuenta con tu acompañamiento para llegar. Por favor respóndenos a este mismo número con el estatus de esta persona antes del viernes. Comunicaciones Crear Poder Sin Límites Perú
A61: 57 | B61: Falcon Rojas Juana Maria | C61: EQUIPO 17 | D61: 973827510 | E61: =COUNTIF(DATA!A:A,B61) -> 2 | F61: =COUNTIFS(DATA!A:A,B61,DATA!G:G,"CONFIRMADO") -> 0 | G61: =IF(E61=0,"SIN DATA",IF(F61=E61,"✅ COMPLETO",IF(F61>0,"🔄 PARCIAL",IF(COUNTIFS(DATA!A:A,B61,DATA!G:G,"PENDIENTE")=E61,"⏳ PENDIENTE","⚠ MIXTO")))) -> ⏳ PENDIENTE | H61: ="Hola "&IFERROR(LEFT(TRIM(MID(B61,FIND(" ",B61,FIND(" ",B61)+1)+1,100)),IFERROR(FIND(" ",TRIM(MID(B61,FIND(" ",B61,FIND(" ",B61)+1)+1,100)))-1,100)),TRIM(MID(B61,FIND(" ",B61&" ")+1,100)))&", buen día."&CHAR(10)&CHAR(10)&"Te escribo porque "&E61&" personas de tu equipo aún no se han sentado en el Capítulo 1:"&CHAR(10)&CHAR(10)&"1. Cesarea Herrera Abal 2. Jhanna Ross Arias Barron"&CHAR(10)&CHAR(10)&"El próximo C1 es el 1, 2 y 3 de mayo. Necesito saber el estatus real de cada uno: si tienen la intención de sentarse, qué está pasando con su proceso y si cuentan con tu acompañamiento para llegar."&CHAR(10)&CHAR(10)&"Por favor respóndenos a este mismo número con el estatus de cada uno antes del viernes."&CHAR(10)&CHAR(10)&"Comunicaciones Crear Poder Sin Límites Perú" -> Hola Juana, buen día. Te escribo porque 2 personas de tu equipo aún no se han sentado en el Capítulo 1: 1. Cesarea Herrera Abal 2. Jhanna Ross Arias Barron El próximo C1 es el 1, 2 y 3 de mayo. Necesito saber el estatus real de cada uno: si tienen la intención de sentarse, qué está pasando con su proceso y si cuentan con tu acompañamiento para llegar. Por favor respóndenos a este mismo número con el estatus de cada uno antes del viernes. Comunicaciones Crear Poder Sin Límites Perú
A62: 58 | B62: Galvez López Claudia Olenka | C62: EQUIPO 17 | D62: 987548364 | E62: =COUNTIF(DATA!A:A,B62) -> 1 | F62: =COUNTIFS(DATA!A:A,B62,DATA!G:G,"CONFIRMADO") -> 0 | G62: =IF(E62=0,"SIN DATA",IF(F62=E62,"✅ COMPLETO",IF(F62>0,"🔄 PARCIAL",IF(COUNTIFS(DATA!A:A,B62,DATA!G:G,"PENDIENTE")=E62,"⏳ PENDIENTE","⚠ MIXTO")))) -> ⏳ PENDIENTE | H62: ="Hola "&IFERROR(LEFT(TRIM(MID(B62,FIND(" ",B62,FIND(" ",B62)+1)+1,100)),IFERROR(FIND(" ",TRIM(MID(B62,FIND(" ",B62,FIND(" ",B62)+1)+1,100)))-1,100)),TRIM(MID(B62,FIND(" ",B62&" ")+1,100)))&", buen día."&CHAR(10)&CHAR(10)&"Te escribo porque una persona de tu equipo aún no se ha sentado en el Capítulo 1:"&CHAR(10)&CHAR(10)&"1. Joshua Andre Barrientos Calderon"&CHAR(10)&CHAR(10)&"El próximo C1 es el 1, 2 y 3 de mayo. Necesito saber el estatus real de esta persona: si tiene la intención de sentarse, qué está pasando con su proceso y si cuenta con tu acompañamiento para llegar."&CHAR(10)&CHAR(10)&"Por favor respóndenos a este mismo número con el estatus de esta persona antes del viernes."&CHAR(10)&CHAR(10)&"Comunicaciones Crear Poder Sin Límites Perú" -> Hola Claudia, buen día. Te escribo porque una persona de tu equipo aún no se ha sentado en el Capítulo 1: 1. Joshua Andre Barrientos Calderon El próximo C1 es el 1, 2 y 3 de mayo. Necesito saber el estatus real de esta persona: si tiene la intención de sentarse, qué está pasando con su proceso y si cuenta con tu acompañamiento para llegar. Por favor respóndenos a este mismo número con el estatus de esta persona antes del viernes. Comunicaciones Crear Poder Sin Límites Perú
A63: 59 | B63: Sotomayor Bazan Geraldine Vanessa | C63: EQUIPO 17 | D63: 983701400 | E63: =COUNTIF(DATA!A:A,B63) -> 5 | F63: =COUNTIFS(DATA!A:A,B63,DATA!G:G,"CONFIRMADO") -> 0 | G63: =IF(E63=0,"SIN DATA",IF(F63=E63,"✅ COMPLETO",IF(F63>0,"🔄 PARCIAL",IF(COUNTIFS(DATA!A:A,B63,DATA!G:G,"PENDIENTE")=E63,"⏳ PENDIENTE","⚠ MIXTO")))) -> ⏳ PENDIENTE | H63: ="Hola "&IFERROR(LEFT(TRIM(MID(B63,FIND(" ",B63,FIND(" ",B63)+1)+1,100)),IFERROR(FIND(" ",TRIM(MID(B63,FIND(" ",B63,FIND(" ",B63)+1)+1,100)))-1,100)),TRIM(MID(B63,FIND(" ",B63&" ")+1,100)))&", buen día."&CHAR(10)&CHAR(10)&"Te escribo porque "&E63&" personas de tu equipo aún no se han sentado en el Capítulo 1:"&CHAR(10)&CHAR(10)&"1. Luis Alberto Sotomayor Zarate 2. Rafael Urrutia Huaman 3. Vania Alexandra Arana Espinoza 4. Zoila Cavero Reap 5. Doris Javier Jimenez"&CHAR(10)&CHAR(10)&"El próximo C1 es el 1, 2 y 3 de mayo. Necesito saber el estatus real de cada uno: si tienen la intención de sentarse, qué está pasando con su proceso y si cuentan con tu acompañamiento para llegar."&CHAR(10)&CHAR(10)&"Por favor respóndenos a este mismo número con el estatus de cada uno antes del viernes."&CHAR(10)&CHAR(10)&"Comunicaciones Crear Poder Sin Límites Perú" -> Hola Geraldine, buen día. Te escribo porque 5 personas de tu equipo aún no se han sentado en el Capítulo 1: 1. Luis Alberto Sotomayor Zarate 2. Rafael Urrutia Huaman 3. Vania Alexandra Arana Espinoza 4. Zoila Cavero Reap 5. Doris Javier Jimenez El próximo C1 es el 1, 2 y 3 de mayo. Necesito saber el estatus real de cada uno: si tienen la intención de sentarse, qué está pasando con su proceso y si cuentan con tu acompañamiento para llegar. Por favor respóndenos a este mismo número con el estatus de cada uno antes del viernes. Comunicaciones Crear Poder Sin Límites Perú
A64: 60 | B64: Rios Zea Jean Carlos | C64: EQUIPO 17 | D64: 991512467 | E64: =COUNTIF(DATA!A:A,B64) -> 2 | F64: =COUNTIFS(DATA!A:A,B64,DATA!G:G,"CONFIRMADO") -> 0 | G64: =IF(E64=0,"SIN DATA",IF(F64=E64,"✅ COMPLETO",IF(F64>0,"🔄 PARCIAL",IF(COUNTIFS(DATA!A:A,B64,DATA!G:G,"PENDIENTE")=E64,"⏳ PENDIENTE","⚠ MIXTO")))) -> ⏳ PENDIENTE | H64: ="Hola "&IFERROR(LEFT(TRIM(MID(B64,FIND(" ",B64,FIND(" ",B64)+1)+1,100)),IFERROR(FIND(" ",TRIM(MID(B64,FIND(" ",B64,FIND(" ",B64)+1)+1,100)))-1,100)),TRIM(MID(B64,FIND(" ",B64&" ")+1,100)))&", buen día."&CHAR(10)&CHAR(10)&"Te escribo porque "&E64&" personas de tu equipo aún no se han sentado en el Capítulo 1:"&CHAR(10)&CHAR(10)&"1. Marivi Nicole Luna Alcarraz 2. Francisco Navarro Lazo"&CHAR(10)&CHAR(10)&"El próximo C1 es el 1, 2 y 3 de mayo. Necesito saber el estatus real de cada uno: si tienen la intención de sentarse, qué está pasando con su proceso y si cuentan con tu acompañamiento para llegar."&CHAR(10)&CHAR(10)&"Por favor respóndenos a este mismo número con el estatus de cada uno antes del viernes."&CHAR(10)&CHAR(10)&"Comunicaciones Crear Poder Sin Límites Perú" -> Hola Jean, buen día. Te escribo porque 2 personas de tu equipo aún no se han sentado en el Capítulo 1: 1. Marivi Nicole Luna Alcarraz 2. Francisco Navarro Lazo El próximo C1 es el 1, 2 y 3 de mayo. Necesito saber el estatus real de cada uno: si tienen la intención de sentarse, qué está pasando con su proceso y si cuentan con tu acompañamiento para llegar. Por favor respóndenos a este mismo número con el estatus de cada uno antes del viernes. Comunicaciones Crear Poder Sin Límites Perú
A65: 61 | B65: Delgado Quinones Britney Safiro Olenka | C65: EQUIPO 17 | D65: 981087758 | E65: =COUNTIF(DATA!A:A,B65) -> 3 | F65: =COUNTIFS(DATA!A:A,B65,DATA!G:G,"CONFIRMADO") -> 0 | G65: =IF(E65=0,"SIN DATA",IF(F65=E65,"✅ COMPLETO",IF(F65>0,"🔄 PARCIAL",IF(COUNTIFS(DATA!A:A,B65,DATA!G:G,"PENDIENTE")=E65,"⏳ PENDIENTE","⚠ MIXTO")))) -> ⏳ PENDIENTE | H65: ="Hola "&IFERROR(LEFT(TRIM(MID(B65,FIND(" ",B65,FIND(" ",B65)+1)+1,100)),IFERROR(FIND(" ",TRIM(MID(B65,FIND(" ",B65,FIND(" ",B65)+1)+1,100)))-1,100)),TRIM(MID(B65,FIND(" ",B65&" ")+1,100)))&", buen día."&CHAR(10)&CHAR(10)&"Te escribo porque "&E65&" personas de tu equipo aún no se han sentado en el Capítulo 1:"&CHAR(10)&CHAR(10)&"1. Yury Omonte Chavez 2. Jenifer Pierina Gamarra Paredes 3. Alejandro Cotrina Sulca"&CHAR(10)&CHAR(10)&"El próximo C1 es el 1, 2 y 3 de mayo. Necesito saber el estatus real de cada uno: si tienen la intención de sentarse, qué está pasando con su proceso y si cuentan con tu acompañamiento para llegar."&CHAR(10)&CHAR(10)&"Por favor respóndenos a este mismo número con el estatus de cada uno antes del viernes."&CHAR(10)&CHAR(10)&"Comunicaciones Crear Poder Sin Límites Perú" -> Hola Britney, buen día. Te escribo porque 3 personas de tu equipo aún no se han sentado en el Capítulo 1: 1. Yury Omonte Chavez 2. Jenifer Pierina Gamarra Paredes 3. Alejandro Cotrina Sulca El próximo C1 es el 1, 2 y 3 de mayo. Necesito saber el estatus real de cada uno: si tienen la intención de sentarse, qué está pasando con su proceso y si cuentan con tu acompañamiento para llegar. Por favor respóndenos a este mismo número con el estatus de cada uno antes del viernes. Comunicaciones Crear Poder Sin Límites Perú
A66: 62 | B66: De La Cruz Huaytalla Rocio | C66: EQUIPO 17 | D66: 929406665 | E66: =COUNTIF(DATA!A:A,B66) -> 7 | F66: =COUNTIFS(DATA!A:A,B66,DATA!G:G,"CONFIRMADO") -> 0 | G66: =IF(E66=0,"SIN DATA",IF(F66=E66,"✅ COMPLETO",IF(F66>0,"🔄 PARCIAL",IF(COUNTIFS(DATA!A:A,B66,DATA!G:G,"PENDIENTE")=E66,"⏳ PENDIENTE","⚠ MIXTO")))) -> ⏳ PENDIENTE | H66: ="Hola "&IFERROR(LEFT(TRIM(MID(B66,FIND(" ",B66,FIND(" ",B66)+1)+1,100)),IFERROR(FIND(" ",TRIM(MID(B66,FIND(" ",B66,FIND(" ",B66)+1)+1,100)))-1,100)),TRIM(MID(B66,FIND(" ",B66&" ")+1,100)))&", buen día."&CHAR(10)&CHAR(10)&"Te escribo porque "&E66&" personas de tu equipo aún no se han sentado en el Capítulo 1:"&CHAR(10)&CHAR(10)&"1. Gabriela Milagros Palacios Lindo 2. Elva Carolina Huamani Misaico 3. Luzmila Edith Mendoza Tupia 4. Maria Huamani Obregon 5. Kruspskaya Katrin Lopez Yupari 6. Rosa Colos Tineo 7. Selmy Humpire Rodas"&CHAR(10)&CHAR(10)&"El próximo C1 es el 1, 2 y 3 de mayo. Necesito saber el estatus real de cada uno: si tienen la intención de sentarse, qué está pasando con su proceso y si cuentan con tu acompañamiento para llegar."&CHAR(10)&CHAR(10)&"Por favor respóndenos a este mismo número con el estatus de cada uno antes del viernes."&CHAR(10)&CHAR(10)&"Comunicaciones Crear Poder Sin Límites Perú" -> Hola Cruz, buen día. Te escribo porque 7 personas de tu equipo aún no se han sentado en el Capítulo 1: 1. Gabriela Milagros Palacios Lindo 2. Elva Carolina Huamani Misaico 3. Luzmila Edith Mendoza Tupia 4. Maria Huamani Obregon 5. Kruspskaya Katrin Lopez Yupari 6. Rosa Colos Tineo 7. Selmy Humpire Rodas El próximo C1 es el 1, 2 y 3 de mayo. Necesito saber el estatus real de cada uno: si tienen la intención de sentarse, qué está pasando con su proceso y si cuentan con tu acompañamiento para llegar. Por favor respóndenos a este mismo número con el estatus de cada uno antes del viernes. Comunicaciones Crear Poder Sin Límites Perú
A67: 63 | B67: De La Cruz Huaytalla Pilar | C67: EQUIPO 17 | D67: 985461746 | E67: =COUNTIF(DATA!A:A,B67) -> 1 | F67: =COUNTIFS(DATA!A:A,B67,DATA!G:G,"CONFIRMADO") -> 0 | G67: =IF(E67=0,"SIN DATA",IF(F67=E67,"✅ COMPLETO",IF(F67>0,"🔄 PARCIAL",IF(COUNTIFS(DATA!A:A,B67,DATA!G:G,"PENDIENTE")=E67,"⏳ PENDIENTE","⚠ MIXTO")))) -> ⏳ PENDIENTE | H67: ="Hola "&IFERROR(LEFT(TRIM(MID(B67,FIND(" ",B67,FIND(" ",B67)+1)+1,100)),IFERROR(FIND(" ",TRIM(MID(B67,FIND(" ",B67,FIND(" ",B67)+1)+1,100)))-1,100)),TRIM(MID(B67,FIND(" ",B67&" ")+1,100)))&", buen día."&CHAR(10)&CHAR(10)&"Te escribo porque una persona de tu equipo aún no se ha sentado en el Capítulo 1:"&CHAR(10)&CHAR(10)&"1. Marleni Arango Huaytalla"&CHAR(10)&CHAR(10)&"El próximo C1 es el 1, 2 y 3 de mayo. Necesito saber el estatus real de esta persona: si tiene la intención de sentarse, qué está pasando con su proceso y si cuenta con tu acompañamiento para llegar."&CHAR(10)&CHAR(10)&"Por favor respóndenos a este mismo número con el estatus de esta persona antes del viernes."&CHAR(10)&CHAR(10)&"Comunicaciones Crear Poder Sin Límites Perú" -> Hola Cruz, buen día. Te escribo porque una persona de tu equipo aún no se ha sentado en el Capítulo 1: 1. Marleni Arango Huaytalla El próximo C1 es el 1, 2 y 3 de mayo. Necesito saber el estatus real de esta persona: si tiene la intención de sentarse, qué está pasando con su proceso y si cuenta con tu acompañamiento para llegar. Por favor respóndenos a este mismo número con el estatus de esta persona antes del viernes. Comunicaciones Crear Poder Sin Límites Perú
A68: 64 | B68: Fernandez Espinoza Gustavo Adolfo | C68: EQUIPO 17 | D68: 930326809 | E68: =COUNTIF(DATA!A:A,B68) -> 4 | F68: =COUNTIFS(DATA!A:A,B68,DATA!G:G,"CONFIRMADO") -> 0 | G68: =IF(E68=0,"SIN DATA",IF(F68=E68,"✅ COMPLETO",IF(F68>0,"🔄 PARCIAL",IF(COUNTIFS(DATA!A:A,B68,DATA!G:G,"PENDIENTE")=E68,"⏳ PENDIENTE","⚠ MIXTO")))) -> ⏳ PENDIENTE | H68: ="Hola "&IFERROR(LEFT(TRIM(MID(B68,FIND(" ",B68,FIND(" ",B68)+1)+1,100)),IFERROR(FIND(" ",TRIM(MID(B68,FIND(" ",B68,FIND(" ",B68)+1)+1,100)))-1,100)),TRIM(MID(B68,FIND(" ",B68&" ")+1,100)))&", buen día."&CHAR(10)&CHAR(10)&"Te escribo porque "&E68&" personas de tu equipo aún no se han sentado en el Capítulo 1:"&CHAR(10)&CHAR(10)&"1. Cristel Yahaira Gregorio Sosa 2. Oliva Sosa Mirante 3. Carlos Humberto Valdero Rojas 4. Jordan Anthony Rojas"&CHAR(10)&CHAR(10)&"El próximo C1 es el 1, 2 y 3 de mayo. Necesito saber el estatus real de cada uno: si tienen la intención de sentarse, qué está pasando con su proceso y si cuentan con tu acompañamiento para llegar."&CHAR(10)&CHAR(10)&"Por favor respóndenos a este mismo número con el estatus de cada uno antes del viernes."&CHAR(10)&CHAR(10)&"Comunicaciones Crear Poder Sin Límites Perú" -> Hola Gustavo, buen día. Te escribo porque 4 personas de tu equipo aún no se han sentado en el Capítulo 1: 1. Cristel Yahaira Gregorio Sosa 2. Oliva Sosa Mirante 3. Carlos Humberto Valdero Rojas 4. Jordan Anthony Rojas El próximo C1 es el 1, 2 y 3 de mayo. Necesito saber el estatus real de cada uno: si tienen la intención de sentarse, qué está pasando con su proceso y si cuentan con tu acompañamiento para llegar. Por favor respóndenos a este mismo número con el estatus de cada uno antes del viernes. Comunicaciones Crear Poder Sin Límites Perú
A69: 65 | B69: Chipana Quispe Elmer Angel | C69: EQUIPO 17 | D69: 954101100 | E69: =COUNTIF(DATA!A:A,B69) -> 1 | F69: =COUNTIFS(DATA!A:A,B69,DATA!G:G,"CONFIRMADO") -> 0 | G69: =IF(E69=0,"SIN DATA",IF(F69=E69,"✅ COMPLETO",IF(F69>0,"🔄 PARCIAL",IF(COUNTIFS(DATA!A:A,B69,DATA!G:G,"PENDIENTE")=E69,"⏳ PENDIENTE","⚠ MIXTO")))) -> ⏳ PENDIENTE | H69: ="Hola "&IFERROR(LEFT(TRIM(MID(B69,FIND(" ",B69,FIND(" ",B69)+1)+1,100)),IFERROR(FIND(" ",TRIM(MID(B69,FIND(" ",B69,FIND(" ",B69)+1)+1,100)))-1,100)),TRIM(MID(B69,FIND(" ",B69&" ")+1,100)))&", buen día."&CHAR(10)&CHAR(10)&"Te escribo porque una persona de tu equipo aún no se ha sentado en el Capítulo 1:"&CHAR(10)&CHAR(10)&"1. Betsy Nicole Reynaga Rojas"&CHAR(10)&CHAR(10)&"El próximo C1 es el 1, 2 y 3 de mayo. Necesito saber el estatus real de esta persona: si tiene la intención de sentarse, qué está pasando con su proceso y si cuenta con tu acompañamiento para llegar."&CHAR(10)&CHAR(10)&"Por favor respóndenos a este mismo número con el estatus de esta persona antes del viernes."&CHAR(10)&CHAR(10)&"Comunicaciones Crear Poder Sin Límites Perú" -> Hola Elmer, buen día. Te escribo porque una persona de tu equipo aún no se ha sentado en el Capítulo 1: 1. Betsy Nicole Reynaga Rojas El próximo C1 es el 1, 2 y 3 de mayo. Necesito saber el estatus real de esta persona: si tiene la intención de sentarse, qué está pasando con su proceso y si cuenta con tu acompañamiento para llegar. Por favor respóndenos a este mismo número con el estatus de esta persona antes del viernes. Comunicaciones Crear Poder Sin Límites Perú
A70: 66 | B70: Cruzado Mamani Saul Flavio | C70: EQUIPO 17 | D70: 932571530 | E70: =COUNTIF(DATA!A:A,B70) -> 1 | F70: =COUNTIFS(DATA!A:A,B70,DATA!G:G,"CONFIRMADO") -> 0 | G70: =IF(E70=0,"SIN DATA",IF(F70=E70,"✅ COMPLETO",IF(F70>0,"🔄 PARCIAL",IF(COUNTIFS(DATA!A:A,B70,DATA!G:G,"PENDIENTE")=E70,"⏳ PENDIENTE","⚠ MIXTO")))) -> ⏳ PENDIENTE | H70: ="Hola "&IFERROR(LEFT(TRIM(MID(B70,FIND(" ",B70,FIND(" ",B70)+1)+1,100)),IFERROR(FIND(" ",TRIM(MID(B70,FIND(" ",B70,FIND(" ",B70)+1)+1,100)))-1,100)),TRIM(MID(B70,FIND(" ",B70&" ")+1,100)))&", buen día."&CHAR(10)&CHAR(10)&"Te escribo porque una persona de tu equipo aún no se ha sentado en el Capítulo 1:"&CHAR(10)&CHAR(10)&"1. Luz Veronica Perez Padilla"&CHAR(10)&CHAR(10)&"El próximo C1 es el 1, 2 y 3 de mayo. Necesito saber el estatus real de esta persona: si tiene la intención de sentarse, qué está pasando con su proceso y si cuenta con tu acompañamiento para llegar."&CHAR(10)&CHAR(10)&"Por favor respóndenos a este mismo número con el estatus de esta persona antes del viernes."&CHAR(10)&CHAR(10)&"Comunicaciones Crear Poder Sin Límites Perú" -> Hola Saul, buen día. Te escribo porque una persona de tu equipo aún no se ha sentado en el Capítulo 1: 1. Luz Veronica Perez Padilla El próximo C1 es el 1, 2 y 3 de mayo. Necesito saber el estatus real de esta persona: si tiene la intención de sentarse, qué está pasando con su proceso y si cuenta con tu acompañamiento para llegar. Por favor respóndenos a este mismo número con el estatus de esta persona antes del viernes. Comunicaciones Crear Poder Sin Límites Perú
A71: 67 | B71: Morales Vega Pamela Melisa | C71: EQUIPO 17 | D71: 952372756 | E71: =COUNTIF(DATA!A:A,B71) -> 4 | F71: =COUNTIFS(DATA!A:A,B71,DATA!G:G,"CONFIRMADO") -> 0 | G71: =IF(E71=0,"SIN DATA",IF(F71=E71,"✅ COMPLETO",IF(F71>0,"🔄 PARCIAL",IF(COUNTIFS(DATA!A:A,B71,DATA!G:G,"PENDIENTE")=E71,"⏳ PENDIENTE","⚠ MIXTO")))) -> ⏳ PENDIENTE | H71: ="Hola "&IFERROR(LEFT(TRIM(MID(B71,FIND(" ",B71,FIND(" ",B71)+1)+1,100)),IFERROR(FIND(" ",TRIM(MID(B71,FIND(" ",B71,FIND(" ",B71)+1)+1,100)))-1,100)),TRIM(MID(B71,FIND(" ",B71&" ")+1,100)))&", buen día."&CHAR(10)&CHAR(10)&"Te escribo porque "&E71&" personas de tu equipo aún no se han sentado en el Capítulo 1:"&CHAR(10)&CHAR(10)&"1. Renzo Gustavo Montes Ramirez 2. Bertha Quicano Flores 3. Yamali Silva Mejia 4. Cristina Del Pilar Olazabal Ochoa"&CHAR(10)&CHAR(10)&"El próximo C1 es el 1, 2 y 3 de mayo. Necesito saber el estatus real de cada uno: si tienen la intención de sentarse, qué está pasando con su proceso y si cuentan con tu acompañamiento para llegar."&CHAR(10)&CHAR(10)&"Por favor respóndenos a este mismo número con el estatus de cada uno antes del viernes."&CHAR(10)&CHAR(10)&"Comunicaciones Crear Poder Sin Límites Perú" -> Hola Pamela, buen día. Te escribo porque 4 personas de tu equipo aún no se han sentado en el Capítulo 1: 1. Renzo Gustavo Montes Ramirez 2. Bertha Quicano Flores 3. Yamali Silva Mejia 4. Cristina Del Pilar Olazabal Ochoa El próximo C1 es el 1, 2 y 3 de mayo. Necesito saber el estatus real de cada uno: si tienen la intención de sentarse, qué está pasando con su proceso y si cuentan con tu acompañamiento para llegar. Por favor respóndenos a este mismo número con el estatus de cada uno antes del viernes. Comunicaciones Crear Poder Sin Límites Perú
A72: 68 | B72: Naupari Vasquez Gabriela | C72: EQUIPO 17 | D72: 999876726 | E72: =COUNTIF(DATA!A:A,B72) -> 2 | F72: =COUNTIFS(DATA!A:A,B72,DATA!G:G,"CONFIRMADO") -> 0 | G72: =IF(E72=0,"SIN DATA",IF(F72=E72,"✅ COMPLETO",IF(F72>0,"🔄 PARCIAL",IF(COUNTIFS(DATA!A:A,B72,DATA!G:G,"PENDIENTE")=E72,"⏳ PENDIENTE","⚠ MIXTO")))) -> ⏳ PENDIENTE | H72: ="Hola "&IFERROR(LEFT(TRIM(MID(B72,FIND(" ",B72,FIND(" ",B72)+1)+1,100)),IFERROR(FIND(" ",TRIM(MID(B72,FIND(" ",B72,FIND(" ",B72)+1)+1,100)))-1,100)),TRIM(MID(B72,FIND(" ",B72&" ")+1,100)))&", buen día."&CHAR(10)&CHAR(10)&"Te escribo porque "&E72&" personas de tu equipo aún no se han sentado en el Capítulo 1:"&CHAR(10)&CHAR(10)&"1. Paola Del Rocio Naveda Tipismana 2. Claudia Katherine Pardo Figueroa Quea"&CHAR(10)&CHAR(10)&"El próximo C1 es el 1, 2 y 3 de mayo. Necesito saber el estatus real de cada uno: si tienen la intención de sentarse, qué está pasando con su proceso y si cuentan con tu acompañamiento para llegar."&CHAR(10)&CHAR(10)&"Por favor respóndenos a este mismo número con el estatus de cada uno antes del viernes."&CHAR(10)&CHAR(10)&"Comunicaciones Crear Poder Sin Límites Perú" -> Hola Gabriela, buen día. Te escribo porque 2 personas de tu equipo aún no se han sentado en el Capítulo 1: 1. Paola Del Rocio Naveda Tipismana 2. Claudia Katherine Pardo Figueroa Quea El próximo C1 es el 1, 2 y 3 de mayo. Necesito saber el estatus real de cada uno: si tienen la intención de sentarse, qué está pasando con su proceso y si cuentan con tu acompañamiento para llegar. Por favor respóndenos a este mismo número con el estatus de cada uno antes del viernes. Comunicaciones Crear Poder Sin Límites Perú
A73: 69 | B73: Castillo Herrera Zara | C73: EQUIPO 17 | D73: 51961491513 | E73: =COUNTIF(DATA!A:A,B73) -> 7 | F73: =COUNTIFS(DATA!A:A,B73,DATA!G:G,"CONFIRMADO") -> 0 | G73: =IF(E73=0,"SIN DATA",IF(F73=E73,"✅ COMPLETO",IF(F73>0,"🔄 PARCIAL",IF(COUNTIFS(DATA!A:A,B73,DATA!G:G,"PENDIENTE")=E73,"⏳ PENDIENTE","⚠ MIXTO")))) -> ⏳ PENDIENTE | H73: ="Hola "&IFERROR(LEFT(TRIM(MID(B73,FIND(" ",B73,FIND(" ",B73)+1)+1,100)),IFERROR(FIND(" ",TRIM(MID(B73,FIND(" ",B73,FIND(" ",B73)+1)+1,100)))-1,100)),TRIM(MID(B73,FIND(" ",B73&" ")+1,100)))&", buen día."&CHAR(10)&CHAR(10)&"Te escribo porque "&E73&" personas de tu equipo aún no se han sentado en el Capítulo 1:"&CHAR(10)&CHAR(10)&"1. Guido Hinojosa De Arnedo 2. Omar Henry Llallacachi Catasi 3. Magaly Nelida Herrera Cruz 4. Laura Modesta Rojas Picoy 5. Brat Brayan Gala Castillo 6. Liliana Dionisio Vasquez 7. Cesar Gala Villanueva"&CHAR(10)&CHAR(10)&"El próximo C1 es el 1, 2 y 3 de mayo. Necesito saber el estatus real de cada uno: si tienen la intención de sentarse, qué está pasando con su proceso y si cuentan con tu acompañamiento para llegar."&CHAR(10)&CHAR(10)&"Por favor respóndenos a este mismo número con el estatus de cada uno antes del viernes."&CHAR(10)&CHAR(10)&"Comunicaciones Crear Poder Sin Límites Perú" -> Hola Zara, buen día. Te escribo porque 7 personas de tu equipo aún no se han sentado en el Capítulo 1: 1. Guido Hinojosa De Arnedo 2. Omar Henry Llallacachi Catasi 3. Magaly Nelida Herrera Cruz 4. Laura Modesta Rojas Picoy 5. Brat Brayan Gala Castillo 6. Liliana Dionisio Vasquez 7. Cesar Gala Villanueva El próximo C1 es el 1, 2 y 3 de mayo. Necesito saber el estatus real de cada uno: si tienen la intención de sentarse, qué está pasando con su proceso y si cuentan con tu acompañamiento para llegar. Por favor respóndenos a este mismo número con el estatus de cada uno antes del viernes. Comunicaciones Crear Poder Sin Límites Perú
A74: 70 | B74: Atunca Leon Carmen Rosa | C74: EQUIPO 17 | D74: 945270855 | E74: =COUNTIF(DATA!A:A,B74) -> 1 | F74: =COUNTIFS(DATA!A:A,B74,DATA!G:G,"CONFIRMADO") -> 0 | G74: =IF(E74=0,"SIN DATA",IF(F74=E74,"✅ COMPLETO",IF(F74>0,"🔄 PARCIAL",IF(COUNTIFS(DATA!A:A,B74,DATA!G:G,"PENDIENTE")=E74,"⏳ PENDIENTE","⚠ MIXTO")))) -> ⏳ PENDIENTE | H74: ="Hola "&IFERROR(LEFT(TRIM(MID(B74,FIND(" ",B74,FIND(" ",B74)+1)+1,100)),IFERROR(FIND(" ",TRIM(MID(B74,FIND(" ",B74,FIND(" ",B74)+1)+1,100)))-1,100)),TRIM(MID(B74,FIND(" ",B74&" ")+1,100)))&", buen día."&CHAR(10)&CHAR(10)&"Te escribo porque una persona de tu equipo aún no se ha sentado en el Capítulo 1:"&CHAR(10)&CHAR(10)&"1. Emerson Hugo Atunca Leon"&CHAR(10)&CHAR(10)&"El próximo C1 es el 1, 2 y 3 de mayo. Necesito saber el estatus real de esta persona: si tiene la intención de sentarse, qué está pasando con su proceso y si cuenta con tu acompañamiento para llegar."&CHAR(10)&CHAR(10)&"Por favor respóndenos a este mismo número con el estatus de esta persona antes del viernes."&CHAR(10)&CHAR(10)&"Comunicaciones Crear Poder Sin Límites Perú" -> Hola Carmen, buen día. Te escribo porque una persona de tu equipo aún no se ha sentado en el Capítulo 1: 1. Emerson Hugo Atunca Leon El próximo C1 es el 1, 2 y 3 de mayo. Necesito saber el estatus real de esta persona: si tiene la intención de sentarse, qué está pasando con su proceso y si cuenta con tu acompañamiento para llegar. Por favor respóndenos a este mismo número con el estatus de esta persona antes del viernes. Comunicaciones Crear Poder Sin Límites Perú
A75: 71 | B75: Panta Morales Angello Geronimo | C75: EQUIPO 17 | D75: 960253747 | E75: =COUNTIF(DATA!A:A,B75) -> 5 | F75: =COUNTIFS(DATA!A:A,B75,DATA!G:G,"CONFIRMADO") -> 0 | G75: =IF(E75=0,"SIN DATA",IF(F75=E75,"✅ COMPLETO",IF(F75>0,"🔄 PARCIAL",IF(COUNTIFS(DATA!A:A,B75,DATA!G:G,"PENDIENTE")=E75,"⏳ PENDIENTE","⚠ MIXTO")))) -> ⏳ PENDIENTE | H75: ="Hola "&IFERROR(LEFT(TRIM(MID(B75,FIND(" ",B75,FIND(" ",B75)+1)+1,100)),IFERROR(FIND(" ",TRIM(MID(B75,FIND(" ",B75,FIND(" ",B75)+1)+1,100)))-1,100)),TRIM(MID(B75,FIND(" ",B75&" ")+1,100)))&", buen día."&CHAR(10)&CHAR(10)&"Te escribo porque "&E75&" personas de tu equipo aún no se han sentado en el Capítulo 1:"&CHAR(10)&CHAR(10)&"1. Jack Alexander Jimenez 2. Lourdes Iris Millan Leon 3. Luis Enrique Chio Vasquez 4. Nelson Santiago Medina Arenas 5. Marisol Dett Lopez"&CHAR(10)&CHAR(10)&"El próximo C1 es el 1, 2 y 3 de mayo. Necesito saber el estatus real de cada uno: si tienen la intención de sentarse, qué está pasando con su proceso y si cuentan con tu acompañamiento para llegar."&CHAR(10)&CHAR(10)&"Por favor respóndenos a este mismo número con el estatus de cada uno antes del viernes."&CHAR(10)&CHAR(10)&"Comunicaciones Crear Poder Sin Límites Perú" -> Hola Angello, buen día. Te escribo porque 5 personas de tu equipo aún no se han sentado en el Capítulo 1: 1. Jack Alexander Jimenez 2. Lourdes Iris Millan Leon 3. Luis Enrique Chio Vasquez 4. Nelson Santiago Medina Arenas 5. Marisol Dett Lopez El próximo C1 es el 1, 2 y 3 de mayo. Necesito saber el estatus real de cada uno: si tienen la intención de sentarse, qué está pasando con su proceso y si cuentan con tu acompañamiento para llegar. Por favor respóndenos a este mismo número con el estatus de cada uno antes del viernes. Comunicaciones Crear Poder Sin Límites Perú
A76: 72 | B76: Valladares Aliaga Fernando | C76: EQUIPO 17 | D76: 51933223189 | E76: =COUNTIF(DATA!A:A,B76) -> 1 | F76: =COUNTIFS(DATA!A:A,B76,DATA!G:G,"CONFIRMADO") -> 0 | G76: =IF(E76=0,"SIN DATA",IF(F76=E76,"✅ COMPLETO",IF(F76>0,"🔄 PARCIAL",IF(COUNTIFS(DATA!A:A,B76,DATA!G:G,"PENDIENTE")=E76,"⏳ PENDIENTE","⚠ MIXTO")))) -> ⏳ PENDIENTE | H76: ="Hola "&IFERROR(LEFT(TRIM(MID(B76,FIND(" ",B76,FIND(" ",B76)+1)+1,100)),IFERROR(FIND(" ",TRIM(MID(B76,FIND(" ",B76,FIND(" ",B76)+1)+1,100)))-1,100)),TRIM(MID(B76,FIND(" ",B76&" ")+1,100)))&", buen día."&CHAR(10)&CHAR(10)&"Te escribo porque una persona de tu equipo aún no se ha sentado en el Capítulo 1:"&CHAR(10)&CHAR(10)&"1. Martin Esparza Dulanto"&CHAR(10)&CHAR(10)&"El próximo C1 es el 1, 2 y 3 de mayo. Necesito saber el estatus real de esta persona: si tiene la intención de sentarse, qué está pasando con su proceso y si cuenta con tu acompañamiento para llegar."&CHAR(10)&CHAR(10)&"Por favor respóndenos a este mismo número con el estatus de esta persona antes del viernes."&CHAR(10)&CHAR(10)&"Comunicaciones Crear Poder Sin Límites Perú" -> Hola Fernando, buen día. Te escribo porque una persona de tu equipo aún no se ha sentado en el Capítulo 1: 1. Martin Esparza Dulanto El próximo C1 es el 1, 2 y 3 de mayo. Necesito saber el estatus real de esta persona: si tiene la intención de sentarse, qué está pasando con su proceso y si cuenta con tu acompañamiento para llegar. Por favor respóndenos a este mismo número con el estatus de esta persona antes del viernes. Comunicaciones Crear Poder Sin Límites Perú
A77: 73 | B77: Miranda Malpartida Giovanni Giusseppe | C77: EQUIPO 17 | D77: 993561972 | E77: =COUNTIF(DATA!A:A,B77) -> 1 | F77: =COUNTIFS(DATA!A:A,B77,DATA!G:G,"CONFIRMADO") -> 0 | G77: =IF(E77=0,"SIN DATA",IF(F77=E77,"✅ COMPLETO",IF(F77>0,"🔄 PARCIAL",IF(COUNTIFS(DATA!A:A,B77,DATA!G:G,"PENDIENTE")=E77,"⏳ PENDIENTE","⚠ MIXTO")))) -> ⏳ PENDIENTE | H77: ="Hola "&IFERROR(LEFT(TRIM(MID(B77,FIND(" ",B77,FIND(" ",B77)+1)+1,100)),IFERROR(FIND(" ",TRIM(MID(B77,FIND(" ",B77,FIND(" ",B77)+1)+1,100)))-1,100)),TRIM(MID(B77,FIND(" ",B77&" ")+1,100)))&", buen día."&CHAR(10)&CHAR(10)&"Te escribo porque una persona de tu equipo aún no se ha sentado en el Capítulo 1:"&CHAR(10)&CHAR(10)&"1. Lucia Castro"&CHAR(10)&CHAR(10)&"El próximo C1 es el 1, 2 y 3 de mayo. Necesito saber el estatus real de esta persona: si tiene la intención de sentarse, qué está pasando con su proceso y si cuenta con tu acompañamiento para llegar."&CHAR(10)&CHAR(10)&"Por favor respóndenos a este mismo número con el estatus de esta persona antes del viernes."&CHAR(10)&CHAR(10)&"Comunicaciones Crear Poder Sin Límites Perú" -> Hola Giovanni, buen día. Te escribo porque una persona de tu equipo aún no se ha sentado en el Capítulo 1: 1. Lucia Castro El próximo C1 es el 1, 2 y 3 de mayo. Necesito saber el estatus real de esta persona: si tiene la intención de sentarse, qué está pasando con su proceso y si cuenta con tu acompañamiento para llegar. Por favor respóndenos a este mismo número con el estatus de esta persona antes del viernes. Comunicaciones Crear Poder Sin Límites Perú
A78: 74 | B78: Veliz Ysla Angel Eduardo | C78: EQUIPO 17 | D78: 964403820 | E78: =COUNTIF(DATA!A:A,B78) -> 1 | F78: =COUNTIFS(DATA!A:A,B78,DATA!G:G,"CONFIRMADO") -> 0 | G78: =IF(E78=0,"SIN DATA",IF(F78=E78,"✅ COMPLETO",IF(F78>0,"🔄 PARCIAL",IF(COUNTIFS(DATA!A:A,B78,DATA!G:G,"PENDIENTE")=E78,"⏳ PENDIENTE","⚠ MIXTO")))) -> ⏳ PENDIENTE | H78: ="Hola "&IFERROR(LEFT(TRIM(MID(B78,FIND(" ",B78,FIND(" ",B78)+1)+1,100)),IFERROR(FIND(" ",TRIM(MID(B78,FIND(" ",B78,FIND(" ",B78)+1)+1,100)))-1,100)),TRIM(MID(B78,FIND(" ",B78&" ")+1,100)))&", buen día."&CHAR(10)&CHAR(10)&"Te escribo porque una persona de tu equipo aún no se ha sentado en el Capítulo 1:"&CHAR(10)&CHAR(10)&"1. Hector Miguel Rivadeneyra Ocampo"&CHAR(10)&CHAR(10)&"El próximo C1 es el 1, 2 y 3 de mayo. Necesito saber el estatus real de esta persona: si tiene la intención de sentarse, qué está pasando con su proceso y si cuenta con tu acompañamiento para llegar."&CHAR(10)&CHAR(10)&"Por favor respóndenos a este mismo número con el estatus de esta persona antes del viernes."&CHAR(10)&CHAR(10)&"Comunicaciones Crear Poder Sin Límites Perú" -> Hola Angel, buen día. Te escribo porque una persona de tu equipo aún no se ha sentado en el Capítulo 1: 1. Hector Miguel Rivadeneyra Ocampo El próximo C1 es el 1, 2 y 3 de mayo. Necesito saber el estatus real de esta persona: si tiene la intención de sentarse, qué está pasando con su proceso y si cuenta con tu acompañamiento para llegar. Por favor respóndenos a este mismo número con el estatus de esta persona antes del viernes. Comunicaciones Crear Poder Sin Límites Perú
A79: 75 | B79: Chavez Inche Raul | C79: EQUIPO 17 | D79: 930708843 | E79: =COUNTIF(DATA!A:A,B79) -> 5 | F79: =COUNTIFS(DATA!A:A,B79,DATA!G:G,"CONFIRMADO") -> 0 | G79: =IF(E79=0,"SIN DATA",IF(F79=E79,"✅ COMPLETO",IF(F79>0,"🔄 PARCIAL",IF(COUNTIFS(DATA!A:A,B79,DATA!G:G,"PENDIENTE")=E79,"⏳ PENDIENTE","⚠ MIXTO")))) -> ⏳ PENDIENTE | H79: ="Hola "&IFERROR(LEFT(TRIM(MID(B79,FIND(" ",B79,FIND(" ",B79)+1)+1,100)),IFERROR(FIND(" ",TRIM(MID(B79,FIND(" ",B79,FIND(" ",B79)+1)+1,100)))-1,100)),TRIM(MID(B79,FIND(" ",B79&" ")+1,100)))&", buen día."&CHAR(10)&CHAR(10)&"Te escribo porque "&E79&" personas de tu equipo aún no se han sentado en el Capítulo 1:"&CHAR(10)&CHAR(10)&"1. Emma Elizabeth Benavides Arias 2. Jazmin Saavedra Alba 3. Sandro Chavez Inche 4. Paola Avendano Chavez 5. Alex Aquiles Huaynate Marquez"&CHAR(10)&CHAR(10)&"El próximo C1 es el 1, 2 y 3 de mayo. Necesito saber el estatus real de cada uno: si tienen la intención de sentarse, qué está pasando con su proceso y si cuentan con tu acompañamiento para llegar."&CHAR(10)&CHAR(10)&"Por favor respóndenos a este mismo número con el estatus de cada uno antes del viernes."&CHAR(10)&CHAR(10)&"Comunicaciones Crear Poder Sin Límites Perú" -> Hola Raul, buen día. Te escribo porque 5 personas de tu equipo aún no se han sentado en el Capítulo 1: 1. Emma Elizabeth Benavides Arias 2. Jazmin Saavedra Alba 3. Sandro Chavez Inche 4. Paola Avendano Chavez 5. Alex Aquiles Huaynate Marquez El próximo C1 es el 1, 2 y 3 de mayo. Necesito saber el estatus real de cada uno: si tienen la intención de sentarse, qué está pasando con su proceso y si cuentan con tu acompañamiento para llegar. Por favor respóndenos a este mismo número con el estatus de cada uno antes del viernes. Comunicaciones Crear Poder Sin Límites Perú
A80: 76 | B80: Matencio Gomez Jherson Manuel | C80: EQUIPO 17 | D80: 903182731 | E80: =COUNTIF(DATA!A:A,B80) -> 4 | F80: =COUNTIFS(DATA!A:A,B80,DATA!G:G,"CONFIRMADO") -> 0 | G80: =IF(E80=0,"SIN DATA",IF(F80=E80,"✅ COMPLETO",IF(F80>0,"🔄 PARCIAL",IF(COUNTIFS(DATA!A:A,B80,DATA!G:G,"PENDIENTE")=E80,"⏳ PENDIENTE","⚠ MIXTO")))) -> ⏳ PENDIENTE | H80: ="Hola "&IFERROR(LEFT(TRIM(MID(B80,FIND(" ",B80,FIND(" ",B80)+1)+1,100)),IFERROR(FIND(" ",TRIM(MID(B80,FIND(" ",B80,FIND(" ",B80)+1)+1,100)))-1,100)),TRIM(MID(B80,FIND(" ",B80&" ")+1,100)))&", buen día."&CHAR(10)&CHAR(10)&"Te escribo porque "&E80&" personas de tu equipo aún no se han sentado en el Capítulo 1:"&CHAR(10)&CHAR(10)&"1. Nagely Francinet Matencio Gomez 2. Karina Janett Gomez Gutierrez 3. Luis Alberto Matencio Salazar 4. Angie Lisseth Matencio Gomez"&CHAR(10)&CHAR(10)&"El próximo C1 es el 1, 2 y 3 de mayo. Necesito saber el estatus real de cada uno: si tienen la intención de sentarse, qué está pasando con su proceso y si cuentan con tu acompañamiento para llegar."&CHAR(10)&CHAR(10)&"Por favor respóndenos a este mismo número con el estatus de cada uno antes del viernes."&CHAR(10)&CHAR(10)&"Comunicaciones Crear Poder Sin Límites Perú" -> Hola Jherson, buen día. Te escribo porque 4 personas de tu equipo aún no se han sentado en el Capítulo 1: 1. Nagely Francinet Matencio Gomez 2. Karina Janett Gomez Gutierrez 3. Luis Alberto Matencio Salazar 4. Angie Lisseth Matencio Gomez El próximo C1 es el 1, 2 y 3 de mayo. Necesito saber el estatus real de cada uno: si tienen la intención de sentarse, qué está pasando con su proceso y si cuentan con tu acompañamiento para llegar. Por favor respóndenos a este mismo número con el estatus de cada uno antes del viernes. Comunicaciones Crear Poder Sin Límites Perú
A81: 77 | B81: Ventura Espinoza Fernando Hernan | C81: EQUIPO 17 | D81: 994415755 | E81: =COUNTIF(DATA!A:A,B81) -> 1 | F81: =COUNTIFS(DATA!A:A,B81,DATA!G:G,"CONFIRMADO") -> 0 | G81: =IF(E81=0,"SIN DATA",IF(F81=E81,"✅ COMPLETO",IF(F81>0,"🔄 PARCIAL",IF(COUNTIFS(DATA!A:A,B81,DATA!G:G,"PENDIENTE")=E81,"⏳ PENDIENTE","⚠ MIXTO")))) -> ⏳ PENDIENTE | H81: ="Hola "&IFERROR(LEFT(TRIM(MID(B81,FIND(" ",B81,FIND(" ",B81)+1)+1,100)),IFERROR(FIND(" ",TRIM(MID(B81,FIND(" ",B81,FIND(" ",B81)+1)+1,100)))-1,100)),TRIM(MID(B81,FIND(" ",B81&" ")+1,100)))&", buen día."&CHAR(10)&CHAR(10)&"Te escribo porque una persona de tu equipo aún no se ha sentado en el Capítulo 1:"&CHAR(10)&CHAR(10)&"1. Diego Alonso Bardas Rojas"&CHAR(10)&CHAR(10)&"El próximo C1 es el 1, 2 y 3 de mayo. Necesito saber el estatus real de esta persona: si tiene la intención de sentarse, qué está pasando con su proceso y si cuenta con tu acompañamiento para llegar."&CHAR(10)&CHAR(10)&"Por favor respóndenos a este mismo número con el estatus de esta persona antes del viernes."&CHAR(10)&CHAR(10)&"Comunicaciones Crear Poder Sin Límites Perú" -> Hola Fernando, buen día. Te escribo porque una persona de tu equipo aún no se ha sentado en el Capítulo 1: 1. Diego Alonso Bardas Rojas El próximo C1 es el 1, 2 y 3 de mayo. Necesito saber el estatus real de esta persona: si tiene la intención de sentarse, qué está pasando con su proceso y si cuenta con tu acompañamiento para llegar. Por favor respóndenos a este mismo número con el estatus de esta persona antes del viernes. Comunicaciones Crear Poder Sin Límites Perú
A82: 78 | B82: Alcantara Guerrero Rogger | C82: EQUIPO 17 | D82: 982017586 | E82: =COUNTIF(DATA!A:A,B82) -> 3 | F82: =COUNTIFS(DATA!A:A,B82,DATA!G:G,"CONFIRMADO") -> 0 | G82: =IF(E82=0,"SIN DATA",IF(F82=E82,"✅ COMPLETO",IF(F82>0,"🔄 PARCIAL",IF(COUNTIFS(DATA!A:A,B82,DATA!G:G,"PENDIENTE")=E82,"⏳ PENDIENTE","⚠ MIXTO")))) -> ⏳ PENDIENTE | H82: ="Hola "&IFERROR(LEFT(TRIM(MID(B82,FIND(" ",B82,FIND(" ",B82)+1)+1,100)),IFERROR(FIND(" ",TRIM(MID(B82,FIND(" ",B82,FIND(" ",B82)+1)+1,100)))-1,100)),TRIM(MID(B82,FIND(" ",B82&" ")+1,100)))&", buen día."&CHAR(10)&CHAR(10)&"Te escribo porque "&E82&" personas de tu equipo aún no se han sentado en el Capítulo 1:"&CHAR(10)&CHAR(10)&"1. Maria Magdalena Leandro Garcia 2. Dany Alcantara Santa Cruz 3. Thiago Mathias Arenas Flores"&CHAR(10)&CHAR(10)&"El próximo C1 es el 1, 2 y 3 de mayo. Necesito saber el estatus real de cada uno: si tienen la intención de sentarse, qué está pasando con su proceso y si cuentan con tu acompañamiento para llegar."&CHAR(10)&CHAR(10)&"Por favor respóndenos a este mismo número con el estatus de cada uno antes del viernes."&CHAR(10)&CHAR(10)&"Comunicaciones Crear Poder Sin Límites Perú" -> Hola Rogger, buen día. Te escribo porque 3 personas de tu equipo aún no se han sentado en el Capítulo 1: 1. Maria Magdalena Leandro Garcia 2. Dany Alcantara Santa Cruz 3. Thiago Mathias Arenas Flores El próximo C1 es el 1, 2 y 3 de mayo. Necesito saber el estatus real de cada uno: si tienen la intención de sentarse, qué está pasando con su proceso y si cuentan con tu acompañamiento para llegar. Por favor respóndenos a este mismo número con el estatus de cada uno antes del viernes. Comunicaciones Crear Poder Sin Límites Perú
A83: 79 | B83: Norena Durand Erika Lizeth | C83: EQUIPO 17 | D83: 949716555 | E83: =COUNTIF(DATA!A:A,B83) -> 1 | F83: =COUNTIFS(DATA!A:A,B83,DATA!G:G,"CONFIRMADO") -> 0 | G83: =IF(E83=0,"SIN DATA",IF(F83=E83,"✅ COMPLETO",IF(F83>0,"🔄 PARCIAL",IF(COUNTIFS(DATA!A:A,B83,DATA!G:G,"PENDIENTE")=E83,"⏳ PENDIENTE","⚠ MIXTO")))) -> ⏳ PENDIENTE | H83: ="Hola "&IFERROR(LEFT(TRIM(MID(B83,FIND(" ",B83,FIND(" ",B83)+1)+1,100)),IFERROR(FIND(" ",TRIM(MID(B83,FIND(" ",B83,FIND(" ",B83)+1)+1,100)))-1,100)),TRIM(MID(B83,FIND(" ",B83&" ")+1,100)))&", buen día."&CHAR(10)&CHAR(10)&"Te escribo porque una persona de tu equipo aún no se ha sentado en el Capítulo 1:"&CHAR(10)&CHAR(10)&"1. Maria Yulissa Lopez"&CHAR(10)&CHAR(10)&"El próximo C1 es el 1, 2 y 3 de mayo. Necesito saber el estatus real de esta persona: si tiene la intención de sentarse, qué está pasando con su proceso y si cuenta con tu acompañamiento para llegar."&CHAR(10)&CHAR(10)&"Por favor respóndenos a este mismo número con el estatus de esta persona antes del viernes."&CHAR(10)&CHAR(10)&"Comunicaciones Crear Poder Sin Límites Perú" -> Hola Erika, buen día. Te escribo porque una persona de tu equipo aún no se ha sentado en el Capítulo 1: 1. Maria Yulissa Lopez El próximo C1 es el 1, 2 y 3 de mayo. Necesito saber el estatus real de esta persona: si tiene la intención de sentarse, qué está pasando con su proceso y si cuenta con tu acompañamiento para llegar. Por favor respóndenos a este mismo número con el estatus de esta persona antes del viernes. Comunicaciones Crear Poder Sin Límites Perú
A84: 80 | B84: Policarpo Vera Jampier Piero | C84: EQUIPO 17 | D84: 973312761 | E84: =COUNTIF(DATA!A:A,B84) -> 1 | F84: =COUNTIFS(DATA!A:A,B84,DATA!G:G,"CONFIRMADO") -> 0 | G84: =IF(E84=0,"SIN DATA",IF(F84=E84,"✅ COMPLETO",IF(F84>0,"🔄 PARCIAL",IF(COUNTIFS(DATA!A:A,B84,DATA!G:G,"PENDIENTE")=E84,"⏳ PENDIENTE","⚠ MIXTO")))) -> ⏳ PENDIENTE | H84: ="Hola "&IFERROR(LEFT(TRIM(MID(B84,FIND(" ",B84,FIND(" ",B84)+1)+1,100)),IFERROR(FIND(" ",TRIM(MID(B84,FIND(" ",B84,FIND(" ",B84)+1)+1,100)))-1,100)),TRIM(MID(B84,FIND(" ",B84&" ")+1,100)))&", buen día."&CHAR(10)&CHAR(10)&"Te escribo porque una persona de tu equipo aún no se ha sentado en el Capítulo 1:"&CHAR(10)&CHAR(10)&"1. Marcelo Sebastian Valdez Guevara"&CHAR(10)&CHAR(10)&"El próximo C1 es el 1, 2 y 3 de mayo. Necesito saber el estatus real de esta persona: si tiene la intención de sentarse, qué está pasando con su proceso y si cuenta con tu acompañamiento para llegar."&CHAR(10)&CHAR(10)&"Por favor respóndenos a este mismo número con el estatus de esta persona antes del viernes."&CHAR(10)&CHAR(10)&"Comunicaciones Crear Poder Sin Límites Perú" -> Hola Jampier, buen día. Te escribo porque una persona de tu equipo aún no se ha sentado en el Capítulo 1: 1. Marcelo Sebastian Valdez Guevara El próximo C1 es el 1, 2 y 3 de mayo. Necesito saber el estatus real de esta persona: si tiene la intención de sentarse, qué está pasando con su proceso y si cuenta con tu acompañamiento para llegar. Por favor respóndenos a este mismo número con el estatus de esta persona antes del viernes. Comunicaciones Crear Poder Sin Límites Perú
A85: 81 | B85: Riveros Ramos Raquel Gabriela | C85: EQUIPO 18 | D85: 931059726 | E85: =COUNTIF(DATA!A:A,B85) -> 2 | F85: =COUNTIFS(DATA!A:A,B85,DATA!G:G,"CONFIRMADO") -> 0 | G85: =IF(E85=0,"SIN DATA",IF(F85=E85,"✅ COMPLETO",IF(F85>0,"🔄 PARCIAL",IF(COUNTIFS(DATA!A:A,B85,DATA!G:G,"PENDIENTE")=E85,"⏳ PENDIENTE","⚠ MIXTO")))) -> ⏳ PENDIENTE | H85: ="Hola "&IFERROR(LEFT(TRIM(MID(B85,FIND(" ",B85,FIND(" ",B85)+1)+1,100)),IFERROR(FIND(" ",TRIM(MID(B85,FIND(" ",B85,FIND(" ",B85)+1)+1,100)))-1,100)),TRIM(MID(B85,FIND(" ",B85&" ")+1,100)))&", buen día."&CHAR(10)&CHAR(10)&"Te escribo porque "&E85&" personas de tu equipo aún no se han sentado en el Capítulo 1:"&CHAR(10)&CHAR(10)&"1. Vanessa Shena Cansino Campos 2. Alejandra Patricia Pacheco Tipismana"&CHAR(10)&CHAR(10)&"El próximo C1 es el 1, 2 y 3 de mayo. Necesito saber el estatus real de cada uno: si tienen la intención de sentarse, qué está pasando con su proceso y si cuentan con tu acompañamiento para llegar."&CHAR(10)&CHAR(10)&"Por favor respóndenos a este mismo número con el estatus de cada uno antes del viernes."&CHAR(10)&CHAR(10)&"Comunicaciones Crear Poder Sin Límites Perú" -> Hola Raquel, buen día. Te escribo porque 2 personas de tu equipo aún no se han sentado en el Capítulo 1: 1. Vanessa Shena Cansino Campos 2. Alejandra Patricia Pacheco Tipismana El próximo C1 es el 1, 2 y 3 de mayo. Necesito saber el estatus real de cada uno: si tienen la intención de sentarse, qué está pasando con su proceso y si cuentan con tu acompañamiento para llegar. Por favor respóndenos a este mismo número con el estatus de cada uno antes del viernes. Comunicaciones Crear Poder Sin Límites Perú
A86: 82 | B86: Ayvar Vega Rocio Pilar | C86: EQUIPO 18 | D86: 967197761 | E86: =COUNTIF(DATA!A:A,B86) -> 1 | F86: =COUNTIFS(DATA!A:A,B86,DATA!G:G,"CONFIRMADO") -> 0 | G86: =IF(E86=0,"SIN DATA",IF(F86=E86,"✅ COMPLETO",IF(F86>0,"🔄 PARCIAL",IF(COUNTIFS(DATA!A:A,B86,DATA!G:G,"PENDIENTE")=E86,"⏳ PENDIENTE","⚠ MIXTO")))) -> ⏳ PENDIENTE | H86: ="Hola "&IFERROR(LEFT(TRIM(MID(B86,FIND(" ",B86,FIND(" ",B86)+1)+1,100)),IFERROR(FIND(" ",TRIM(MID(B86,FIND(" ",B86,FIND(" ",B86)+1)+1,100)))-1,100)),TRIM(MID(B86,FIND(" ",B86&" ")+1,100)))&", buen día."&CHAR(10)&CHAR(10)&"Te escribo porque una persona de tu equipo aún no se ha sentado en el Capítulo 1:"&CHAR(10)&CHAR(10)&"1. Gisella Eliane Salinas Caparachin"&CHAR(10)&CHAR(10)&"El próximo C1 es el 1, 2 y 3 de mayo. Necesito saber el estatus real de esta persona: si tiene la intención de sentarse, qué está pasando con su proceso y si cuenta con tu acompañamiento para llegar."&CHAR(10)&CHAR(10)&"Por favor respóndenos a este mismo número con el estatus de esta persona antes del viernes."&CHAR(10)&CHAR(10)&"Comunicaciones Crear Poder Sin Límites Perú" -> Hola Rocio, buen día. Te escribo porque una persona de tu equipo aún no se ha sentado en el Capítulo 1: 1. Gisella Eliane Salinas Caparachin El próximo C1 es el 1, 2 y 3 de mayo. Necesito saber el estatus real de esta persona: si tiene la intención de sentarse, qué está pasando con su proceso y si cuenta con tu acompañamiento para llegar. Por favor respóndenos a este mismo número con el estatus de esta persona antes del viernes. Comunicaciones Crear Poder Sin Límites Perú
A87: 83 | B87: Ayvar Vega Roxana Elizabeth | C87: EQUIPO 18 | D87: 940295144 | E87: =COUNTIF(DATA!A:A,B87) -> 1 | F87: =COUNTIFS(DATA!A:A,B87,DATA!G:G,"CONFIRMADO") -> 0 | G87: =IF(E87=0,"SIN DATA",IF(F87=E87,"✅ COMPLETO",IF(F87>0,"🔄 PARCIAL",IF(COUNTIFS(DATA!A:A,B87,DATA!G:G,"PENDIENTE")=E87,"⏳ PENDIENTE","⚠ MIXTO")))) -> ⏳ PENDIENTE | H87: ="Hola "&IFERROR(LEFT(TRIM(MID(B87,FIND(" ",B87,FIND(" ",B87)+1)+1,100)),IFERROR(FIND(" ",TRIM(MID(B87,FIND(" ",B87,FIND(" ",B87)+1)+1,100)))-1,100)),TRIM(MID(B87,FIND(" ",B87&" ")+1,100)))&", buen día."&CHAR(10)&CHAR(10)&"Te escribo porque una persona de tu equipo aún no se ha sentado en el Capítulo 1:"&CHAR(10)&CHAR(10)&"1. Rosa Ore Jaime"&CHAR(10)&CHAR(10)&"El próximo C1 es el 1, 2 y 3 de mayo. Necesito saber el estatus real de esta persona: si tiene la intención de sentarse, qué está pasando con su proceso y si cuenta con tu acompañamiento para llegar."&CHAR(10)&CHAR(10)&"Por favor respóndenos a este mismo número con el estatus de esta persona antes del viernes."&CHAR(10)&CHAR(10)&"Comunicaciones Crear Poder Sin Límites Perú" -> Hola Roxana, buen día. Te escribo porque una persona de tu equipo aún no se ha sentado en el Capítulo 1: 1. Rosa Ore Jaime El próximo C1 es el 1, 2 y 3 de mayo. Necesito saber el estatus real de esta persona: si tiene la intención de sentarse, qué está pasando con su proceso y si cuenta con tu acompañamiento para llegar. Por favor respóndenos a este mismo número con el estatus de esta persona antes del viernes. Comunicaciones Crear Poder Sin Límites Perú
A88: 84 | B88: Papadopulos Garcia Pierina Andrea | C88: EQUIPO 18 | D88: 954111670 | E88: =COUNTIF(DATA!A:A,B88) -> 1 | F88: =COUNTIFS(DATA!A:A,B88,DATA!G:G,"CONFIRMADO") -> 0 | G88: =IF(E88=0,"SIN DATA",IF(F88=E88,"✅ COMPLETO",IF(F88>0,"🔄 PARCIAL",IF(COUNTIFS(DATA!A:A,B88,DATA!G:G,"PENDIENTE")=E88,"⏳ PENDIENTE","⚠ MIXTO")))) -> ⏳ PENDIENTE | H88: ="Hola "&IFERROR(LEFT(TRIM(MID(B88,FIND(" ",B88,FIND(" ",B88)+1)+1,100)),IFERROR(FIND(" ",TRIM(MID(B88,FIND(" ",B88,FIND(" ",B88)+1)+1,100)))-1,100)),TRIM(MID(B88,FIND(" ",B88&" ")+1,100)))&", buen día."&CHAR(10)&CHAR(10)&"Te escribo porque una persona de tu equipo aún no se ha sentado en el Capítulo 1:"&CHAR(10)&CHAR(10)&"1. Jose Alex Moises Olaya Ravenna"&CHAR(10)&CHAR(10)&"El próximo C1 es el 1, 2 y 3 de mayo. Necesito saber el estatus real de esta persona: si tiene la intención de sentarse, qué está pasando con su proceso y si cuenta con tu acompañamiento para llegar."&CHAR(10)&CHAR(10)&"Por favor respóndenos a este mismo número con el estatus de esta persona antes del viernes."&CHAR(10)&CHAR(10)&"Comunicaciones Crear Poder Sin Límites Perú" -> Hola Pierina, buen día. Te escribo porque una persona de tu equipo aún no se ha sentado en el Capítulo 1: 1. Jose Alex Moises Olaya Ravenna El próximo C1 es el 1, 2 y 3 de mayo. Necesito saber el estatus real de esta persona: si tiene la intención de sentarse, qué está pasando con su proceso y si cuenta con tu acompañamiento para llegar. Por favor respóndenos a este mismo número con el estatus de esta persona antes del viernes. Comunicaciones Crear Poder Sin Límites Perú
A89: 85 | B89: Zegarra Tolentino Nadia | C89: EQUIPO 18 | D89: 902125903 | E89: =COUNTIF(DATA!A:A,B89) -> 2 | F89: =COUNTIFS(DATA!A:A,B89,DATA!G:G,"CONFIRMADO") -> 0 | G89: =IF(E89=0,"SIN DATA",IF(F89=E89,"✅ COMPLETO",IF(F89>0,"🔄 PARCIAL",IF(COUNTIFS(DATA!A:A,B89,DATA!G:G,"PENDIENTE")=E89,"⏳ PENDIENTE","⚠ MIXTO")))) -> ⏳ PENDIENTE | H89: ="Hola "&IFERROR(LEFT(TRIM(MID(B89,FIND(" ",B89,FIND(" ",B89)+1)+1,100)),IFERROR(FIND(" ",TRIM(MID(B89,FIND(" ",B89,FIND(" ",B89)+1)+1,100)))-1,100)),TRIM(MID(B89,FIND(" ",B89&" ")+1,100)))&", buen día."&CHAR(10)&CHAR(10)&"Te escribo porque "&E89&" personas de tu equipo aún no se han sentado en el Capítulo 1:"&CHAR(10)&CHAR(10)&"1. Nicol Hernandez Hilares 2. Freddy Luis Naula Ordinola"&CHAR(10)&CHAR(10)&"El próximo C1 es el 1, 2 y 3 de mayo. Necesito saber el estatus real de cada uno: si tienen la intención de sentarse, qué está pasando con su proceso y si cuentan con tu acompañamiento para llegar."&CHAR(10)&CHAR(10)&"Por favor respóndenos a este mismo número con el estatus de cada uno antes del viernes."&CHAR(10)&CHAR(10)&"Comunicaciones Crear Poder Sin Límites Perú" -> Hola Nadia, buen día. Te escribo porque 2 personas de tu equipo aún no se han sentado en el Capítulo 1: 1. Nicol Hernandez Hilares 2. Freddy Luis Naula Ordinola El próximo C1 es el 1, 2 y 3 de mayo. Necesito saber el estatus real de cada uno: si tienen la intención de sentarse, qué está pasando con su proceso y si cuentan con tu acompañamiento para llegar. Por favor respóndenos a este mismo número con el estatus de cada uno antes del viernes. Comunicaciones Crear Poder Sin Límites Perú
A90: 86 | B90: Mori Dett Mariela | C90: EQUIPO 18 | D90: 951299692 | E90: =COUNTIF(DATA!A:A,B90) -> 2 | F90: =COUNTIFS(DATA!A:A,B90,DATA!G:G,"CONFIRMADO") -> 0 | G90: =IF(E90=0,"SIN DATA",IF(F90=E90,"✅ COMPLETO",IF(F90>0,"🔄 PARCIAL",IF(COUNTIFS(DATA!A:A,B90,DATA!G:G,"PENDIENTE")=E90,"⏳ PENDIENTE","⚠ MIXTO")))) -> ⏳ PENDIENTE | H90: ="Hola "&IFERROR(LEFT(TRIM(MID(B90,FIND(" ",B90,FIND(" ",B90)+1)+1,100)),IFERROR(FIND(" ",TRIM(MID(B90,FIND(" ",B90,FIND(" ",B90)+1)+1,100)))-1,100)),TRIM(MID(B90,FIND(" ",B90&" ")+1,100)))&", buen día."&CHAR(10)&CHAR(10)&"Te escribo porque "&E90&" personas de tu equipo aún no se han sentado en el Capítulo 1:"&CHAR(10)&CHAR(10)&"1. Ronald Ynga Pizarro 2. Paola Jesslin Dett Garcia"&CHAR(10)&CHAR(10)&"El próximo C1 es el 1, 2 y 3 de mayo. Necesito saber el estatus real de cada uno: si tienen la intención de sentarse, qué está pasando con su proceso y si cuentan con tu acompañamiento para llegar."&CHAR(10)&CHAR(10)&"Por favor respóndenos a este mismo número con el estatus de cada uno antes del viernes."&CHAR(10)&CHAR(10)&"Comunicaciones Crear Poder Sin Límites Perú" -> Hola Mariela, buen día. Te escribo porque 2 personas de tu equipo aún no se han sentado en el Capítulo 1: 1. Ronald Ynga Pizarro 2. Paola Jesslin Dett Garcia El próximo C1 es el 1, 2 y 3 de mayo. Necesito saber el estatus real de cada uno: si tienen la intención de sentarse, qué está pasando con su proceso y si cuentan con tu acompañamiento para llegar. Por favor respóndenos a este mismo número con el estatus de cada uno antes del viernes. Comunicaciones Crear Poder Sin Límites Perú
A91: 87 | B91: Ccoscco Gutiérrez Diana Carolina | C91: EQUIPO 18 | D91: 920548750 | E91: =COUNTIF(DATA!A:A,B91) -> 2 | F91: =COUNTIFS(DATA!A:A,B91,DATA!G:G,"CONFIRMADO") -> 0 | G91: =IF(E91=0,"SIN DATA",IF(F91=E91,"✅ COMPLETO",IF(F91>0,"🔄 PARCIAL",IF(COUNTIFS(DATA!A:A,B91,DATA!G:G,"PENDIENTE")=E91,"⏳ PENDIENTE","⚠ MIXTO")))) -> ⏳ PENDIENTE | H91: ="Hola "&IFERROR(LEFT(TRIM(MID(B91,FIND(" ",B91,FIND(" ",B91)+1)+1,100)),IFERROR(FIND(" ",TRIM(MID(B91,FIND(" ",B91,FIND(" ",B91)+1)+1,100)))-1,100)),TRIM(MID(B91,FIND(" ",B91&" ")+1,100)))&", buen día."&CHAR(10)&CHAR(10)&"Te escribo porque "&E91&" personas de tu equipo aún no se han sentado en el Capítulo 1:"&CHAR(10)&CHAR(10)&"1. Abat Ccoscco Soto 2. Maria Cristina Gutierrez Carlosviza"&CHAR(10)&CHAR(10)&"El próximo C1 es el 1, 2 y 3 de mayo. Necesito saber el estatus real de cada uno: si tienen la intención de sentarse, qué está pasando con su proceso y si cuentan con tu acompañamiento para llegar."&CHAR(10)&CHAR(10)&"Por favor respóndenos a este mismo número con el estatus de cada uno antes del viernes."&CHAR(10)&CHAR(10)&"Comunicaciones Crear Poder Sin Límites Perú" -> Hola Diana, buen día. Te escribo porque 2 personas de tu equipo aún no se han sentado en el Capítulo 1: 1. Abat Ccoscco Soto 2. Maria Cristina Gutierrez Carlosviza El próximo C1 es el 1, 2 y 3 de mayo. Necesito saber el estatus real de cada uno: si tienen la intención de sentarse, qué está pasando con su proceso y si cuentan con tu acompañamiento para llegar. Por favor respóndenos a este mismo número con el estatus de cada uno antes del viernes. Comunicaciones Crear Poder Sin Límites Perú
A92: 88 | B92: Quinteros Altamirano Elizabet | C92: EQUIPO 18 | D92: 993991369 | E92: =COUNTIF(DATA!A:A,B92) -> 1 | F92: =COUNTIFS(DATA!A:A,B92,DATA!G:G,"CONFIRMADO") -> 0 | G92: =IF(E92=0,"SIN DATA",IF(F92=E92,"✅ COMPLETO",IF(F92>0,"🔄 PARCIAL",IF(COUNTIFS(DATA!A:A,B92,DATA!G:G,"PENDIENTE")=E92,"⏳ PENDIENTE","⚠ MIXTO")))) -> ⏳ PENDIENTE | H92: ="Hola "&IFERROR(LEFT(TRIM(MID(B92,FIND(" ",B92,FIND(" ",B92)+1)+1,100)),IFERROR(FIND(" ",TRIM(MID(B92,FIND(" ",B92,FIND(" ",B92)+1)+1,100)))-1,100)),TRIM(MID(B92,FIND(" ",B92&" ")+1,100)))&", buen día."&CHAR(10)&CHAR(10)&"Te escribo porque una persona de tu equipo aún no se ha sentado en el Capítulo 1:"&CHAR(10)&CHAR(10)&"1. Haim Sebastian Talledo Valcarcel"&CHAR(10)&CHAR(10)&"El próximo C1 es el 1, 2 y 3 de mayo. Necesito saber el estatus real de esta persona: si tiene la intención de sentarse, qué está pasando con su proceso y si cuenta con tu acompañamiento para llegar."&CHAR(10)&CHAR(10)&"Por favor respóndenos a este mismo número con el estatus de esta persona antes del viernes."&CHAR(10)&CHAR(10)&"Comunicaciones Crear Poder Sin Límites Perú" -> Hola Elizabet, buen día. Te escribo porque una persona de tu equipo aún no se ha sentado en el Capítulo 1: 1. Haim Sebastian Talledo Valcarcel El próximo C1 es el 1, 2 y 3 de mayo. Necesito saber el estatus real de esta persona: si tiene la intención de sentarse, qué está pasando con su proceso y si cuenta con tu acompañamiento para llegar. Por favor respóndenos a este mismo número con el estatus de esta persona antes del viernes. Comunicaciones Crear Poder Sin Límites Perú
A93: 89 | B93: Marin Suarez Joyce Pamela | C93: EQUIPO 18 | D93: 955435402 | E93: =COUNTIF(DATA!A:A,B93) -> 1 | F93: =COUNTIFS(DATA!A:A,B93,DATA!G:G,"CONFIRMADO") -> 0 | G93: =IF(E93=0,"SIN DATA",IF(F93=E93,"✅ COMPLETO",IF(F93>0,"🔄 PARCIAL",IF(COUNTIFS(DATA!A:A,B93,DATA!G:G,"PENDIENTE")=E93,"⏳ PENDIENTE","⚠ MIXTO")))) -> ⏳ PENDIENTE | H93: ="Hola "&IFERROR(LEFT(TRIM(MID(B93,FIND(" ",B93,FIND(" ",B93)+1)+1,100)),IFERROR(FIND(" ",TRIM(MID(B93,FIND(" ",B93,FIND(" ",B93)+1)+1,100)))-1,100)),TRIM(MID(B93,FIND(" ",B93&" ")+1,100)))&", buen día."&CHAR(10)&CHAR(10)&"Te escribo porque una persona de tu equipo aún no se ha sentado en el Capítulo 1:"&CHAR(10)&CHAR(10)&"1. Juan Llerena Vasquez"&CHAR(10)&CHAR(10)&"El próximo C1 es el 1, 2 y 3 de mayo. Necesito saber el estatus real de esta persona: si tiene la intención de sentarse, qué está pasando con su proceso y si cuenta con tu acompañamiento para llegar."&CHAR(10)&CHAR(10)&"Por favor respóndenos a este mismo número con el estatus de esta persona antes del viernes."&CHAR(10)&CHAR(10)&"Comunicaciones Crear Poder Sin Límites Perú" -> Hola Joyce, buen día. Te escribo porque una persona de tu equipo aún no se ha sentado en el Capítulo 1: 1. Juan Llerena Vasquez El próximo C1 es el 1, 2 y 3 de mayo. Necesito saber el estatus real de esta persona: si tiene la intención de sentarse, qué está pasando con su proceso y si cuenta con tu acompañamiento para llegar. Por favor respóndenos a este mismo número con el estatus de esta persona antes del viernes. Comunicaciones Crear Poder Sin Límites Perú
A94: 90 | B94: Martinez Puente Lidia Cristina | C94: EQUIPO 18 | D94: 940243206 | E94: =COUNTIF(DATA!A:A,B94) -> 1 | F94: =COUNTIFS(DATA!A:A,B94,DATA!G:G,"CONFIRMADO") -> 0 | G94: =IF(E94=0,"SIN DATA",IF(F94=E94,"✅ COMPLETO",IF(F94>0,"🔄 PARCIAL",IF(COUNTIFS(DATA!A:A,B94,DATA!G:G,"PENDIENTE")=E94,"⏳ PENDIENTE","⚠ MIXTO")))) -> ⏳ PENDIENTE | H94: ="Hola "&IFERROR(LEFT(TRIM(MID(B94,FIND(" ",B94,FIND(" ",B94)+1)+1,100)),IFERROR(FIND(" ",TRIM(MID(B94,FIND(" ",B94,FIND(" ",B94)+1)+1,100)))-1,100)),TRIM(MID(B94,FIND(" ",B94&" ")+1,100)))&", buen día."&CHAR(10)&CHAR(10)&"Te escribo porque una persona de tu equipo aún no se ha sentado en el Capítulo 1:"&CHAR(10)&CHAR(10)&"1. Rafael Gustavo Cruces Martinez"&CHAR(10)&CHAR(10)&"El próximo C1 es el 1, 2 y 3 de mayo. Necesito saber el estatus real de esta persona: si tiene la intención de sentarse, qué está pasando con su proceso y si cuenta con tu acompañamiento para llegar."&CHAR(10)&CHAR(10)&"Por favor respóndenos a este mismo número con el estatus de esta persona antes del viernes."&CHAR(10)&CHAR(10)&"Comunicaciones Crear Poder Sin Límites Perú" -> Hola Lidia, buen día. Te escribo porque una persona de tu equipo aún no se ha sentado en el Capítulo 1: 1. Rafael Gustavo Cruces Martinez El próximo C1 es el 1, 2 y 3 de mayo. Necesito saber el estatus real de esta persona: si tiene la intención de sentarse, qué está pasando con su proceso y si cuenta con tu acompañamiento para llegar. Por favor respóndenos a este mismo número con el estatus de esta persona antes del viernes. Comunicaciones Crear Poder Sin Límites Perú
A95: 91 | B95: Cordova Llana Nilton Rolando | C95: EQUIPO 18 | D95: 953736480 | E95: =COUNTIF(DATA!A:A,B95) -> 2 | F95: =COUNTIFS(DATA!A:A,B95,DATA!G:G,"CONFIRMADO") -> 0 | G95: =IF(E95=0,"SIN DATA",IF(F95=E95,"✅ COMPLETO",IF(F95>0,"🔄 PARCIAL",IF(COUNTIFS(DATA!A:A,B95,DATA!G:G,"PENDIENTE")=E95,"⏳ PENDIENTE","⚠ MIXTO")))) -> ⏳ PENDIENTE | H95: ="Hola "&IFERROR(LEFT(TRIM(MID(B95,FIND(" ",B95,FIND(" ",B95)+1)+1,100)),IFERROR(FIND(" ",TRIM(MID(B95,FIND(" ",B95,FIND(" ",B95)+1)+1,100)))-1,100)),TRIM(MID(B95,FIND(" ",B95&" ")+1,100)))&", buen día."&CHAR(10)&CHAR(10)&"Te escribo porque "&E95&" personas de tu equipo aún no se han sentado en el Capítulo 1:"&CHAR(10)&CHAR(10)&"1. Kimyishu Lisseth Cordova Gamarra 2. Ronald Mamani Martines"&CHAR(10)&CHAR(10)&"El próximo C1 es el 1, 2 y 3 de mayo. Necesito saber el estatus real de cada uno: si tienen la intención de sentarse, qué está pasando con su proceso y si cuentan con tu acompañamiento para llegar."&CHAR(10)&CHAR(10)&"Por favor respóndenos a este mismo número con el estatus de cada uno antes del viernes."&CHAR(10)&CHAR(10)&"Comunicaciones Crear Poder Sin Límites Perú" -> Hola Nilton, buen día. Te escribo porque 2 personas de tu equipo aún no se han sentado en el Capítulo 1: 1. Kimyishu Lisseth Cordova Gamarra 2. Ronald Mamani Martines El próximo C1 es el 1, 2 y 3 de mayo. Necesito saber el estatus real de cada uno: si tienen la intención de sentarse, qué está pasando con su proceso y si cuentan con tu acompañamiento para llegar. Por favor respóndenos a este mismo número con el estatus de cada uno antes del viernes. Comunicaciones Crear Poder Sin Límites Perú
A96: 92 | B96: Cuellar Chaupin Elvis Leonid | C96: EQUIPO 18 | D96: 943064793 | E96: =COUNTIF(DATA!A:A,B96) -> 2 | F96: =COUNTIFS(DATA!A:A,B96,DATA!G:G,"CONFIRMADO") -> 0 | G96: =IF(E96=0,"SIN DATA",IF(F96=E96,"✅ COMPLETO",IF(F96>0,"🔄 PARCIAL",IF(COUNTIFS(DATA!A:A,B96,DATA!G:G,"PENDIENTE")=E96,"⏳ PENDIENTE","⚠ MIXTO")))) -> ⏳ PENDIENTE | H96: ="Hola "&IFERROR(LEFT(TRIM(MID(B96,FIND(" ",B96,FIND(" ",B96)+1)+1,100)),IFERROR(FIND(" ",TRIM(MID(B96,FIND(" ",B96,FIND(" ",B96)+1)+1,100)))-1,100)),TRIM(MID(B96,FIND(" ",B96&" ")+1,100)))&", buen día."&CHAR(10)&CHAR(10)&"Te escribo porque "&E96&" personas de tu equipo aún no se han sentado en el Capítulo 1:"&CHAR(10)&CHAR(10)&"1. Luz Veronica Silva Olivera 2. Freddy Cuellar Casildo"&CHAR(10)&CHAR(10)&"El próximo C1 es el 1, 2 y 3 de mayo. Necesito saber el estatus real de cada uno: si tienen la intención de sentarse, qué está pasando con su proceso y si cuentan con tu acompañamiento para llegar."&CHAR(10)&CHAR(10)&"Por favor respóndenos a este mismo número con el estatus de cada uno antes del viernes."&CHAR(10)&CHAR(10)&"Comunicaciones Crear Poder Sin Límites Perú" -> Hola Elvis, buen día. Te escribo porque 2 personas de tu equipo aún no se han sentado en el Capítulo 1: 1. Luz Veronica Silva Olivera 2. Freddy Cuellar Casildo El próximo C1 es el 1, 2 y 3 de mayo. Necesito saber el estatus real de cada uno: si tienen la intención de sentarse, qué está pasando con su proceso y si cuentan con tu acompañamiento para llegar. Por favor respóndenos a este mismo número con el estatus de cada uno antes del viernes. Comunicaciones Crear Poder Sin Límites Perú
A97: 93 | B97: Morales Vega Jessica Guiselle | C97: EQUIPO 18 | D97: 980387691 | E97: =COUNTIF(DATA!A:A,B97) -> 2 | F97: =COUNTIFS(DATA!A:A,B97,DATA!G:G,"CONFIRMADO") -> 0 | G97: =IF(E97=0,"SIN DATA",IF(F97=E97,"✅ COMPLETO",IF(F97>0,"🔄 PARCIAL",IF(COUNTIFS(DATA!A:A,B97,DATA!G:G,"PENDIENTE")=E97,"⏳ PENDIENTE","⚠ MIXTO")))) -> ⏳ PENDIENTE | H97: ="Hola "&IFERROR(LEFT(TRIM(MID(B97,FIND(" ",B97,FIND(" ",B97)+1)+1,100)),IFERROR(FIND(" ",TRIM(MID(B97,FIND(" ",B97,FIND(" ",B97)+1)+1,100)))-1,100)),TRIM(MID(B97,FIND(" ",B97&" ")+1,100)))&", buen día."&CHAR(10)&CHAR(10)&"Te escribo porque "&E97&" personas de tu equipo aún no se han sentado en el Capítulo 1:"&CHAR(10)&CHAR(10)&"1. Jorge Luis Cornejo Loo 2. Andres Martin Grados Corasi"&CHAR(10)&CHAR(10)&"El próximo C1 es el 1, 2 y 3 de mayo. Necesito saber el estatus real de cada uno: si tienen la intención de sentarse, qué está pasando con su proceso y si cuentan con tu acompañamiento para llegar."&CHAR(10)&CHAR(10)&"Por favor respóndenos a este mismo número con el estatus de cada uno antes del viernes."&CHAR(10)&CHAR(10)&"Comunicaciones Crear Poder Sin Límites Perú" -> Hola Jessica, buen día. Te escribo porque 2 personas de tu equipo aún no se han sentado en el Capítulo 1: 1. Jorge Luis Cornejo Loo 2. Andres Martin Grados Corasi El próximo C1 es el 1, 2 y 3 de mayo. Necesito saber el estatus real de cada uno: si tienen la intención de sentarse, qué está pasando con su proceso y si cuentan con tu acompañamiento para llegar. Por favor respóndenos a este mismo número con el estatus de cada uno antes del viernes. Comunicaciones Crear Poder Sin Límites Perú
A98: 94 | B98: Gutierrez Chang Tonny Jackson | C98: EQUIPO 18 | D98: 958058579 | E98: =COUNTIF(DATA!A:A,B98) -> 1 | F98: =COUNTIFS(DATA!A:A,B98,DATA!G:G,"CONFIRMADO") -> 0 | G98: =IF(E98=0,"SIN DATA",IF(F98=E98,"✅ COMPLETO",IF(F98>0,"🔄 PARCIAL",IF(COUNTIFS(DATA!A:A,B98,DATA!G:G,"PENDIENTE")=E98,"⏳ PENDIENTE","⚠ MIXTO")))) -> ⏳ PENDIENTE | H98: ="Hola "&IFERROR(LEFT(TRIM(MID(B98,FIND(" ",B98,FIND(" ",B98)+1)+1,100)),IFERROR(FIND(" ",TRIM(MID(B98,FIND(" ",B98,FIND(" ",B98)+1)+1,100)))-1,100)),TRIM(MID(B98,FIND(" ",B98&" ")+1,100)))&", buen día."&CHAR(10)&CHAR(10)&"Te escribo porque una persona de tu equipo aún no se ha sentado en el Capítulo 1:"&CHAR(10)&CHAR(10)&"1. Marcel David Guerra"&CHAR(10)&CHAR(10)&"El próximo C1 es el 1, 2 y 3 de mayo. Necesito saber el estatus real de esta persona: si tiene la intención de sentarse, qué está pasando con su proceso y si cuenta con tu acompañamiento para llegar."&CHAR(10)&CHAR(10)&"Por favor respóndenos a este mismo número con el estatus de esta persona antes del viernes."&CHAR(10)&CHAR(10)&"Comunicaciones Crear Poder Sin Límites Perú" -> Hola Tonny, buen día. Te escribo porque una persona de tu equipo aún no se ha sentado en el Capítulo 1: 1. Marcel David Guerra El próximo C1 es el 1, 2 y 3 de mayo. Necesito saber el estatus real de esta persona: si tiene la intención de sentarse, qué está pasando con su proceso y si cuenta con tu acompañamiento para llegar. Por favor respóndenos a este mismo número con el estatus de esta persona antes del viernes. Comunicaciones Crear Poder Sin Límites Perú
A99: 95 | B99: Diaz Zapana Darner Iszat | C99: EQUIPO 18 | D99: 967985599 | E99: =COUNTIF(DATA!A:A,B99) -> 2 | F99: =COUNTIFS(DATA!A:A,B99,DATA!G:G,"CONFIRMADO") -> 0 | G99: =IF(E99=0,"SIN DATA",IF(F99=E99,"✅ COMPLETO",IF(F99>0,"🔄 PARCIAL",IF(COUNTIFS(DATA!A:A,B99,DATA!G:G,"PENDIENTE")=E99,"⏳ PENDIENTE","⚠ MIXTO")))) -> ⏳ PENDIENTE | H99: ="Hola "&IFERROR(LEFT(TRIM(MID(B99,FIND(" ",B99,FIND(" ",B99)+1)+1,100)),IFERROR(FIND(" ",TRIM(MID(B99,FIND(" ",B99,FIND(" ",B99)+1)+1,100)))-1,100)),TRIM(MID(B99,FIND(" ",B99&" ")+1,100)))&", buen día."&CHAR(10)&CHAR(10)&"Te escribo porque "&E99&" personas de tu equipo aún no se han sentado en el Capítulo 1:"&CHAR(10)&CHAR(10)&"1. Rene Alberto Quispe Linares 2. Milagros Adaluz Guerra Aguilar"&CHAR(10)&CHAR(10)&"El próximo C1 es el 1, 2 y 3 de mayo. Necesito saber el estatus real de cada uno: si tienen la intención de sentarse, qué está pasando con su proceso y si cuentan con tu acompañamiento para llegar."&CHAR(10)&CHAR(10)&"Por favor respóndenos a este mismo número con el estatus de cada uno antes del viernes."&CHAR(10)&CHAR(10)&"Comunicaciones Crear Poder Sin Límites Perú" -> Hola Darner, buen día. Te escribo porque 2 personas de tu equipo aún no se han sentado en el Capítulo 1: 1. Rene Alberto Quispe Linares 2. Milagros Adaluz Guerra Aguilar El próximo C1 es el 1, 2 y 3 de mayo. Necesito saber el estatus real de cada uno: si tienen la intención de sentarse, qué está pasando con su proceso y si cuentan con tu acompañamiento para llegar. Por favor respóndenos a este mismo número con el estatus de cada uno antes del viernes. Comunicaciones Crear Poder Sin Límites Perú
A100: 96 | B100: Carhuayo Lovaton Ludy Julyssa | C100: EQUIPO 18 | D100: 938307599 | E100: =COUNTIF(DATA!A:A,B100) -> 2 | F100: =COUNTIFS(DATA!A:A,B100,DATA!G:G,"CONFIRMADO") -> 0 | G100: =IF(E100=0,"SIN DATA",IF(F100=E100,"✅ COMPLETO",IF(F100>0,"🔄 PARCIAL",IF(COUNTIFS(DATA!A:A,B100,DATA!G:G,"PENDIENTE")=E100,"⏳ PENDIENTE","⚠ MIXTO")))) -> ⏳ PENDIENTE | H100: ="Hola "&IFERROR(LEFT(TRIM(MID(B100,FIND(" ",B100,FIND(" ",B100)+1)+1,100)),IFERROR(FIND(" ",TRIM(MID(B100,FIND(" ",B100,FIND(" ",B100)+1)+1,100)))-1,100)),TRIM(MID(B100,FIND(" ",B100&" ")+1,100)))&", buen día."&CHAR(10)&CHAR(10)&"Te escribo porque "&E100&" personas de tu equipo aún no se han sentado en el Capítulo 1:"&CHAR(10)&CHAR(10)&"1. Marco Gilber Bendezu Javier 2. Alexandra Nathaly Lizeth Lovaton Flores"&CHAR(10)&CHAR(10)&"El próximo C1 es el 1, 2 y 3 de mayo. Necesito saber el estatus real de cada uno: si tienen la intención de sentarse, qué está pasando con su proceso y si cuentan con tu acompañamiento para llegar."&CHAR(10)&CHAR(10)&"Por favor respóndenos a este mismo número con el estatus de cada uno antes del viernes."&CHAR(10)&CHAR(10)&"Comunicaciones Crear Poder Sin Límites Perú" -> Hola Ludy, buen día. Te escribo porque 2 personas de tu equipo aún no se han sentado en el Capítulo 1: 1. Marco Gilber Bendezu Javier 2. Alexandra Nathaly Lizeth Lovaton Flores El próximo C1 es el 1, 2 y 3 de mayo. Necesito saber el estatus real de cada uno: si tienen la intención de sentarse, qué está pasando con su proceso y si cuentan con tu acompañamiento para llegar. Por favor respóndenos a este mismo número con el estatus de cada uno antes del viernes. Comunicaciones Crear Poder Sin Límites Perú
A101: 97 | B101: Caranca Montenegro Sandra | C101: EQUIPO 18 | D101: 980639155 | E101: =COUNTIF(DATA!A:A,B101) -> 1 | F101: =COUNTIFS(DATA!A:A,B101,DATA!G:G,"CONFIRMADO") -> 0 | G101: =IF(E101=0,"SIN DATA",IF(F101=E101,"✅ COMPLETO",IF(F101>0,"🔄 PARCIAL",IF(COUNTIFS(DATA!A:A,B101,DATA!G:G,"PENDIENTE")=E101,"⏳ PENDIENTE","⚠ MIXTO")))) -> ⏳ PENDIENTE | H101: ="Hola "&IFERROR(LEFT(TRIM(MID(B101,FIND(" ",B101,FIND(" ",B101)+1)+1,100)),IFERROR(FIND(" ",TRIM(MID(B101,FIND(" ",B101,FIND(" ",B101)+1)+1,100)))-1,100)),TRIM(MID(B101,FIND(" ",B101&" ")+1,100)))&", buen día."&CHAR(10)&CHAR(10)&"Te escribo porque una persona de tu equipo aún no se ha sentado en el Capítulo 1:"&CHAR(10)&CHAR(10)&"1. Maria Ivon Lizano Taype"&CHAR(10)&CHAR(10)&"El próximo C1 es el 1, 2 y 3 de mayo. Necesito saber el estatus real de esta persona: si tiene la intención de sentarse, qué está pasando con su proceso y si cuenta con tu acompañamiento para llegar."&CHAR(10)&CHAR(10)&"Por favor respóndenos a este mismo número con el estatus de esta persona antes del viernes."&CHAR(10)&CHAR(10)&"Comunicaciones Crear Poder Sin Límites Perú" -> Hola Sandra, buen día. Te escribo porque una persona de tu equipo aún no se ha sentado en el Capítulo 1: 1. Maria Ivon Lizano Taype El próximo C1 es el 1, 2 y 3 de mayo. Necesito saber el estatus real de esta persona: si tiene la intención de sentarse, qué está pasando con su proceso y si cuenta con tu acompañamiento para llegar. Por favor respóndenos a este mismo número con el estatus de esta persona antes del viernes. Comunicaciones Crear Poder Sin Límites Perú
...

Sheet RESUMEN
A1: RESUMEN CAMPAÑA C1 E27 | Se actualiza automáticamente desde DATA
A2: EQUIPO IMO | B2: IMOs | C2: PX TOTAL | D2: CONFIRMADOS | E2: EN PROCESO | F2: PENDIENTES | G2: % AVANCE
A3: EQUIPO 104 | B3: =COUNTIF(DATA!C:C,"EQUIPO 104") -> 1 | C3: =COUNTIF(DATA!C:C,"EQUIPO 104") -> 1 | D3: =COUNTIFS(DATA!C:C,"EQUIPO 104",DATA!G:G,"CONFIRMADO") -> 0 | E3: =COUNTIFS(DATA!C:C,"EQUIPO 104",DATA!G:G,"EN PROCESO") -> 0 | F3: =COUNTIFS(DATA!C:C,"EQUIPO 104",DATA!G:G,"PENDIENTE") -> 1 | G3: =IFERROR(D3/C3,0) -> 0
A4: EQUIPO 105 | B4: =COUNTIF(DATA!C:C,"EQUIPO 105") -> 1 | C4: =COUNTIF(DATA!C:C,"EQUIPO 105") -> 1 | D4: =COUNTIFS(DATA!C:C,"EQUIPO 105",DATA!G:G,"CONFIRMADO") -> 0 | E4: =COUNTIFS(DATA!C:C,"EQUIPO 105",DATA!G:G,"EN PROCESO") -> 0 | F4: =COUNTIFS(DATA!C:C,"EQUIPO 105",DATA!G:G,"PENDIENTE") -> 1 | G4: =IFERROR(D4/C4,0) -> 0
A5: EQUIPO 108 | B5: =COUNTIF(DATA!C:C,"EQUIPO 108") -> 1 | C5: =COUNTIF(DATA!C:C,"EQUIPO 108") -> 1 | D5: =COUNTIFS(DATA!C:C,"EQUIPO 108",DATA!G:G,"CONFIRMADO") -> 0 | E5: =COUNTIFS(DATA!C:C,"EQUIPO 108",DATA!G:G,"EN PROCESO") -> 0 | F5: =COUNTIFS(DATA!C:C,"EQUIPO 108",DATA!G:G,"PENDIENTE") -> 1 | G5: =IFERROR(D5/C5,0) -> 0
A6: EQUIPO 109 | B6: =COUNTIF(DATA!C:C,"EQUIPO 109") -> 2 | C6: =COUNTIF(DATA!C:C,"EQUIPO 109") -> 2 | D6: =COUNTIFS(DATA!C:C,"EQUIPO 109",DATA!G:G,"CONFIRMADO") -> 0 | E6: =COUNTIFS(DATA!C:C,"EQUIPO 109",DATA!G:G,"EN PROCESO") -> 0 | F6: =COUNTIFS(DATA!C:C,"EQUIPO 109",DATA!G:G,"PENDIENTE") -> 2 | G6: =IFERROR(D6/C6,0) -> 0
A7: EQUIPO 14 | B7: =COUNTIF(DATA!C:C,"EQUIPO 14") -> 19 | C7: =COUNTIF(DATA!C:C,"EQUIPO 14") -> 19 | D7: =COUNTIFS(DATA!C:C,"EQUIPO 14",DATA!G:G,"CONFIRMADO") -> 0 | E7: =COUNTIFS(DATA!C:C,"EQUIPO 14",DATA!G:G,"EN PROCESO") -> 0 | F7: =COUNTIFS(DATA!C:C,"EQUIPO 14",DATA!G:G,"PENDIENTE") -> 19 | G7: =IFERROR(D7/C7,0) -> 0
A8: EQUIPO 15 | B8: =COUNTIF(DATA!C:C,"EQUIPO 15") -> 33 | C8: =COUNTIF(DATA!C:C,"EQUIPO 15") -> 33 | D8: =COUNTIFS(DATA!C:C,"EQUIPO 15",DATA!G:G,"CONFIRMADO") -> 0 | E8: =COUNTIFS(DATA!C:C,"EQUIPO 15",DATA!G:G,"EN PROCESO") -> 0 | F8: =COUNTIFS(DATA!C:C,"EQUIPO 15",DATA!G:G,"PENDIENTE") -> 33 | G8: =IFERROR(D8/C8,0) -> 0
A9: EQUIPO 16 | B9: =COUNTIF(DATA!C:C,"EQUIPO 16") -> 24 | C9: =COUNTIF(DATA!C:C,"EQUIPO 16") -> 24 | D9: =COUNTIFS(DATA!C:C,"EQUIPO 16",DATA!G:G,"CONFIRMADO") -> 0 | E9: =COUNTIFS(DATA!C:C,"EQUIPO 16",DATA!G:G,"EN PROCESO") -> 0 | F9: =COUNTIFS(DATA!C:C,"EQUIPO 16",DATA!G:G,"PENDIENTE") -> 24 | G9: =IFERROR(D9/C9,0) -> 0
A10: EQUIPO 17 | B10: =COUNTIF(DATA!C:C,"EQUIPO 17") -> 68 | C10: =COUNTIF(DATA!C:C,"EQUIPO 17") -> 68 | D10: =COUNTIFS(DATA!C:C,"EQUIPO 17",DATA!G:G,"CONFIRMADO") -> 0 | E10: =COUNTIFS(DATA!C:C,"EQUIPO 17",DATA!G:G,"EN PROCESO") -> 0 | F10: =COUNTIFS(DATA!C:C,"EQUIPO 17",DATA!G:G,"PENDIENTE") -> 68 | G10: =IFERROR(D10/C10,0) -> 0
A11: EQUIPO 18 | B11: =COUNTIF(DATA!C:C,"EQUIPO 18") -> 32 | C11: =COUNTIF(DATA!C:C,"EQUIPO 18") -> 32 | D11: =COUNTIFS(DATA!C:C,"EQUIPO 18",DATA!G:G,"CONFIRMADO") -> 0 | E11: =COUNTIFS(DATA!C:C,"EQUIPO 18",DATA!G:G,"EN PROCESO") -> 0 | F11: =COUNTIFS(DATA!C:C,"EQUIPO 18",DATA!G:G,"PENDIENTE") -> 32 | G11: =IFERROR(D11/C11,0) -> 0
A12: EQUIPO 19 | B12: =COUNTIF(DATA!C:C,"EQUIPO 19") -> 69 | C12: =COUNTIF(DATA!C:C,"EQUIPO 19") -> 69 | D12: =COUNTIFS(DATA!C:C,"EQUIPO 19",DATA!G:G,"CONFIRMADO") -> 0 | E12: =COUNTIFS(DATA!C:C,"EQUIPO 19",DATA!G:G,"EN PROCESO") -> 0 | F12: =COUNTIFS(DATA!C:C,"EQUIPO 19",DATA!G:G,"PENDIENTE") -> 69 | G12: =IFERROR(D12/C12,0) -> 0
A13: EQUIPO 20 | B13: =COUNTIF(DATA!C:C,"EQUIPO 20") -> 88 | C13: =COUNTIF(DATA!C:C,"EQUIPO 20") -> 88 | D13: =COUNTIFS(DATA!C:C,"EQUIPO 20",DATA!G:G,"CONFIRMADO") -> 0 | E13: =COUNTIFS(DATA!C:C,"EQUIPO 20",DATA!G:G,"EN PROCESO") -> 0 | F13: =COUNTIFS(DATA!C:C,"EQUIPO 20",DATA!G:G,"PENDIENTE") -> 88 | G13: =IFERROR(D13/C13,0) -> 0
A14: EQUIPO 21 | B14: =COUNTIF(DATA!C:C,"EQUIPO 21") -> 96 | C14: =COUNTIF(DATA!C:C,"EQUIPO 21") -> 96 | D14: =COUNTIFS(DATA!C:C,"EQUIPO 21",DATA!G:G,"CONFIRMADO") -> 0 | E14: =COUNTIFS(DATA!C:C,"EQUIPO 21",DATA!G:G,"EN PROCESO") -> 0 | F14: =COUNTIFS(DATA!C:C,"EQUIPO 21",DATA!G:G,"PENDIENTE") -> 96 | G14: =IFERROR(D14/C14,0) -> 0
A15: EQUIPO 22 | B15: =COUNTIF(DATA!C:C,"EQUIPO 22") -> 86 | C15: =COUNTIF(DATA!C:C,"EQUIPO 22") -> 86 | D15: =COUNTIFS(DATA!C:C,"EQUIPO 22",DATA!G:G,"CONFIRMADO") -> 0 | E15: =COUNTIFS(DATA!C:C,"EQUIPO 22",DATA!G:G,"EN PROCESO") -> 0 | F15: =COUNTIFS(DATA!C:C,"EQUIPO 22",DATA!G:G,"PENDIENTE") -> 86 | G15: =IFERROR(D15/C15,0) -> 0
A16: EQUIPO 23 | B16: =COUNTIF(DATA!C:C,"EQUIPO 23") -> 111 | C16: =COUNTIF(DATA!C:C,"EQUIPO 23") -> 111 | D16: =COUNTIFS(DATA!C:C,"EQUIPO 23",DATA!G:G,"CONFIRMADO") -> 0 | E16: =COUNTIFS(DATA!C:C,"EQUIPO 23",DATA!G:G,"EN PROCESO") -> 0 | F16: =COUNTIFS(DATA!C:C,"EQUIPO 23",DATA!G:G,"PENDIENTE") -> 111 | G16: =IFERROR(D16/C16,0) -> 0
A17: EQUIPO 24 | B17: =COUNTIF(DATA!C:C,"EQUIPO 24") -> 102 | C17: =COUNTIF(DATA!C:C,"EQUIPO 24") -> 102 | D17: =COUNTIFS(DATA!C:C,"EQUIPO 24",DATA!G:G,"CONFIRMADO") -> 0 | E17: =COUNTIFS(DATA!C:C,"EQUIPO 24",DATA!G:G,"EN PROCESO") -> 0 | F17: =COUNTIFS(DATA!C:C,"EQUIPO 24",DATA!G:G,"PENDIENTE") -> 102 | G17: =IFERROR(D17/C17,0) -> 0
A18: EQUIPO 25 | B18: =COUNTIF(DATA!C:C,"EQUIPO 25") -> 13 | C18: =COUNTIF(DATA!C:C,"EQUIPO 25") -> 13 | D18: =COUNTIFS(DATA!C:C,"EQUIPO 25",DATA!G:G,"CONFIRMADO") -> 0 | E18: =COUNTIFS(DATA!C:C,"EQUIPO 25",DATA!G:G,"EN PROCESO") -> 0 | F18: =COUNTIFS(DATA!C:C,"EQUIPO 25",DATA!G:G,"PENDIENTE") -> 13 | G18: =IFERROR(D18/C18,0) -> 0
A19: TOTAL | B19: =COUNTA(MENSAJES_IMO!B5:B9999) -> 282 | C19: =COUNTA(DATA!E2:E9999) -> 746 | D19: =COUNTIF(DATA!G:G,"CONFIRMADO") -> 0 | E19: =COUNTIF(DATA!G:G,"EN PROCESO") -> 0 | F19: =COUNTIF(DATA!G:G,"PENDIENTE") -> 746 | G19: =IFERROR(COUNTIF(DATA!G:G,"CONFIRMADO")/COUNTA(DATA!E2:E9999),0) -> 0
