Workbook

Sheet ALIADOS C1 E25
A1: CAPITAN | B1: MANUEL YAKIMA RIVERA
A2: CREADOR CUANTICO | B2: EQUIPO | C2: RESPONSABLE | D2: ESTADO | E2: OBSERVACIONES | F2: QT | G2: reto1 | H2: Grounding | I2: video | J2: forms
A3: CRISTIAN ARONE | B3: 15 | C3: JOYCE | D3: NO | E3: CONFIRMA YAKIMA | H3: OK
A4: AVRIL ESTEPHANIA GARCIA MEDINA | B4: 16 | C4: JOYCE | D4: NO | E4: SER LIDER EN SU CARRERA | H4: OK
A5: CARMEN PÉREZ PÉREZ | B5: 5 | C5: KRISCIA | D5: OK | E5: SER LIDER EN ALTO RENDIMIENTO | H5: OK
A6: TONNY GUTIERREZ | B6: 8 | C6: GARETH | D6: NC
A7: ELVIS CUELLAR | B7: 8 | C7: JOYCE | D7: NC
A8: JHEN PONCE | B8: 7 | C8: GARETH | D8: OK | E8: CONFIRMA YAKIMA | H8: OK | J8: 41
A9: JUANA MARIA FALCON ROJAS | B9: 10 | C9: GARETH | D9: NP
A10: GERALDINE VANESSA SOTOMAYOR BAZAN | B10: 10 | C10: JOYCE | D10: NC
A11: YUSMELY DESIREE GARCIA LLOVERA | B11: 10 | C11: JOYCE | D11: NP
A12: JEANNET LEON LEDESMA | B12: 10 | C12: KRISCIA | D12: NC
A13: JOSÉ BLADIMER RAMOS SIQUEROS | B13: 10 | C13: KRISCIA | D13: NP | E13: TRABAJO
A14: MARIA CELLI HUAYANCA DIAZ | B14: 11 | C14: GARETH | D14: XC
A15: MARCO ANTONIO VILLARREAL VALDIVIEZO | B15: 7 | C15: JOYCE | D15: OK | E15: REENTRENARME A SER LIDER | H15: OK
A16: ALEXANDRA TAPULLIMA CORDOVA | B16: 11 | C16: JOYCE | D16: XC
A17: HERMÓGENES UNTIVEROA CISNEROS | B17: 11 | C17: JOYCE | D17: XC | E17: LLAMAR 17H00
A18: ANAMELVA QUIÑONES BELTRÁN | B18: 11 | C18: KRISCIA | D18: NC
A19: JANET DURAND YARASQUI | B19: 11 | C19: KRISCIA | D19: NP | E19: TRABAJO
A20: ROBERTO CONDEZO | B20: 8 | C20: JOYCE | D20: OK | E20: SER COMPROMISO INQUEBRANTABLE | H20: OK
A21: FUEL DURAND HUAYNATE | B21: 12 | C21: GARETH | D21: NP
A22: SHIRLEY RIVERA HUAMAN | B22: 12 | C22: GARETH | D22: SIG | E22: E26
A23: JOHNNY EDUARDO HUÁNUCO ARELLANO | B23: 12 | C23: JOYCE | D23: XC | E23: LLAMAR 20H30
A24: LUISA PÉREZ CHINCHAY | B24: 12 | C24: JOYCE | D24: NC
A25: PAMELA MELISA MORALES VEGA | B25: 12 | C25: JOYCE | D25: NP | E25: TRABAJO
A26: DIEGO HECTOR BARBIERI GALECIO | B26: 11 | C26: KRISCIA | D26: OK | E26: SER LIDER EN ALTO RENDIMIENTO, CONECTAR | H26: OK | J26: =44+1+5 -> 50
A27: JEAN CARLOS RIOS | B27: 13 | C27: GARETH | D27: NP
A28: YANINA ESTEFANIA MEJIA ROMERO | B28: 13 | C28: GARETH | D28: NC
A29: MARÍA JESÚS CARRASCO LLATAS | B29: 13 | C29: GARETH | D29: NP
A30: PILAR DE LA CRUZ | B30: 13 | C30: GARETH | D30: XC | E30: Confirma Lunes - Llama Joyce
A31: ANGELLA BOLLET | B31: 13 | C31: JOYCE | D31: NP | E31: SERVICIO
A32: RAQUEL RIVEROS RAMOS | B32: 13 | C32: JOYCE | D32: XC
A33: RAÚL CHÁVEZ INCHE | B33: 13 | C33: JOYCE | E33: COMPROMISO INQUEBRANTABLE
A34: MARIA ELENA ROMERO | B34: 13 | C34: KRISCIA | D34: NP | E34: FUERA DE LIMA
A35: PATRICIA RIOS | B35: 13 | C35: KRISCIA | D35: NP
A36: LIZ CAROL TRUJILLO MALLQUI | B36: 11 | C36: JOYCE | D36: OK | E36: ENTRENARSE EN RELACION | H36: OK
A37: FLOR DE CANTUTA TELLO SARMIENTO | B37: 14 | C37: GARETH | D37: NP
A38: JESSICA CONGA HUARCAYA | B38: 14 | C38: JOYCE | D38: XC
A39: ALLYZON LEON SUAREZ | B39: 12 | C39: KRISCIA | D39: OK | E39: SER RELACION, MAS ESCUCHA. - Confirma Joyce | H39: OK
A40: SONIA POLANCO CABEZA | B40: 14 | C40: JOYCE | D40: SIG | E40: ALIADO E26
A41: BRITNEY SAFIRO OLENKA DELGADO QUIÑONES | B41: 13 | C41: KRISCIA | D41: OK | E41: CONFIRMA JOYCE - SER Líder y disciplinada en profesión | H41: OK
A42: HELAR MUGURUZA | B42: 14 | C42: LINID | D42: OK | H42: OK
A43: LIMBER ELOY QUISPE | B43: 14 | C43: JOYCE | D43: OK | E43: SER LIDER
A44: LUZ MABEL CHIPANA VEGA | B44: 14 | C44: KRISCIA | D44: OK | E44: HABITAR EN SU CONTRATO: LIDER PODEROSA AUTENTICA Y CREADORA | H44: OK
A45: RONY LANDEO | B45: 14 | C45: KRISCIA | D45: NC
A46: NORA ANAYA ESPINOZA | B46: 14 | C46: JOYCE | D46: OK | E46: Confirmo con Kriscia -llamar | H46: OK | I46: TR
A47: HECTOR ENRIQUE CANQUI VALLADARES | B47: 15 | C47: KRISCIA | D47: OK | E47: SER SU PALABRA | H47: OK
A48: MARIBEL ROBERTA ESPAÑA ZAMBRANO | B48: 15 | C48: JOYCE | D48: XC | E48: LLAMAR A LAS 17H00
A49: VIVIANA ELIZABETH ALCANTARA MAURTUA | B49: 4 | C49: JOYCE | D49: YA | E49: CONFIRMA YAKIMA | H49: OK
A50: ELIZABETH MORALES | B50: 15 | C50: JOYCE | D50: NP
A51: JOEL JULIO ANTAURCO PEREZ | B51: 15 | C51: JOYCE | D51: OK | H51: OK
A52: GIULIANA CRISTINA BECERRA CANTELLA | B52: 15 | C52: KRISCIA | D52: NC
A53: ZELMY ALCANTARA | B53: 15 | C53: KRISCIA | D53: NP
A54: LUCAS ALBERTO SANCHEZ SILVA | B54: 15 | C54: JOYCE | D54: OK | E54: SER LIDER | H54: OK
A55: ERIKA LIZETH NORENA DURAND | B55: 17 | C55: JOYCE | D55: OK | E55: SER LIDER EN ALTO RENDIMIENTO | H55: OK
A56: SOFIA ALLCCA LLACCHUAS | B56: 16 | C56: GARETH | D56: NC
A57: NADIA ZEGARRA TOLENTINO | B57: 18 | C57: JOYCE | D57: OK | E57: SER ARRIESGADA | H57: OK
A58: JENNY BETZABET ESPINAL | B58: 16 | C58: GARETH | D58: NO | E58: CONFIRMA YAKIMA | H58: OK
A59: JIMENA MARIBEL PLASENCIA AGUILAR | B59: 16 | C59: JOYCE | D59: NP | E59: CONFIRMA YAKIMA
A60: JOSE ALONSO GALVEZ LOPEZ | B60: 16 | C60: JOYCE | D60: NC | E60: CONFIRMA YAKIMA
A61: BLANCA LUZ CHACHAYMA MARCOS | B61: 16 | C61: JOYCE | D61: YA | E61: SER RELACION, MAS ESCUCHA | H61: OK
A62: GIOVANA ELIZABETH PALOMINO MARCOS | B62: 16 | C62: KRISCIA | D62: NA | E62: MANAGER EQUIPO 23
A63: JORGE EDUARDO CHALCO CCASA | B63: 16 | C63: KRISCIA | D63: NP
A64: SARAI MESIAS TOLENTINO | B64: 17 | C64: GARETH
A65: JAMPIER PIERO POLICARPO VERA | B65: 17 | C65: GARETH | D65: NC
A66: ROGGER ALCANTARA GUERRERO | B66: 17 | C66: GARETH | D66: NI
A67: ANGELLO GERONIMO PANTA MORALES | B67: 17 | C67: GARETH | D67: NC
A68: CLAUDIA GALVEZ | B68: 17 | C68: GARETH | D68: NP | E68: viaje fuera de Peru
A69: GIOVANNI GIUSSEPPE MIRANDA MALPARTIDA | B69: 17 | C69: GARETH | D69: NC
A70: ROSSANA STEPHANY TRUJILLO MONTOYA | B70: 17 | C70: JOYCE | D70: NC
A71: SAUL FLAVIO CRUZADO MAMANI | B71: 17 | C71: JOYCE | D71: NC
A72: ANITA FLORES TIPISMANA | B72: 19 | C72: KRISCIA | D72: OK | E72: SER FUENTE Y RELACIONS | H72: OK
A73: GUSTAVO ADOLFO FERNANDEZ ESPINOZA | B73: 17 | C73: KRISCIA | D73: NP | E73: TRABAJO
A74: JOSE GUILLERMO CURI SALVADOR | B74: 17 | C74: KRISCIA | D74: NC
A75: DIANA CAROLINA CCOSCCO GUTIéRREZ | B75: 18 | C75: GARETH
A76: DARNER ISZAT DIAZ ZAPANA | B76: 18 | C76: GARETH | D76: YA | E76: RELACION - Confirma Joyce | H76: OK
A77: FERNANDO ABEL LOPEZ LOPEZ | B77: 18 | C77: GARETH | D77: NA | E77: Manager
A78: CAMILA VERASTEGUI | B78: 19 | C78: GARETH | D78: OK | E78: CONFIRMA YAKIMA / Abrir su consultoria | H78: OK
A79: JESSICA GUISELLE MORALES VEGA | B79: 18 | C79: JOYCE | D79: NC
A80: RONALD HENRY CARITA CANSAYA | B80: 18 | C80: JOYCE | D80: NP | E80: E27 ALIADO
A81: GABRIELA KATERINNE JARA NARCISO | B81: 18 | C81: KRISCIA | D81: NC
A82: ROXANA ELIZABETH AYVAR VEGA | B82: 18 | C82: KRISCIA | D82: NC
A83: MARIELA MORI DETT | B83: 18 | C83: KRISCIA | D83: NC
A84: FIORELA GUTIERREZ SAAVEDRA | B84: 19 | C84: GARETH
A85: ANTHONY WILLIAMS VARGAS ZAMBRANO | B85: 19 | C85: GARETH | D85: YA | H85: OK
A86: YEMBER CONDE QUISPE | B86: 19 | C86: GARETH | D86: NC | I86: =104-I85 -> 104
A87: FABIO ALESSANDRO CANQUY LLOYD | B87: 19 | C87: JOYCE | D87: OK | E87: CONFIRMA YAKIMA | H87: OK
A88: VIOLETA LIS BELLO GASPAR | B88: 19 | C88: GARETH | D88: NC
A89: CAROLINA VICTORIA MANRIQUE HUARANCA | B89: 20 | C89: JOYCE | D89: OK | H89: OK
A90: CONSUELO LAURA BALTAZAR ROSALES | B90: 19 | C90: JOYCE | D90: NC
A91: FELIPE ALEJANDRO MALLQUI TRUJILLO | B91: 20 | C91: JOYCE | D91: OK | E91: SER LIDER - MANAGER | H91: OK
A92: MAICHOL EDSON FUENTES CALLAUA | B92: 19 | C92: JOYCE | D92: SIG | E92: E26
A93: FABRICIO JAIR, CARDENAS ALTA MIRANO | B93: 19 | C93: JOYCE | D93: NC
A94: NOELIA VIRGINIA COTRINA LABRIANO | B94: 19 | C94: JOYCE | D94: NC
A95: MONICA FABIOLA FERNANDEZ ESPINOZA | B95: 19 | C95: KRISCIA | D95: NP | E95: TRABAJO
A96: HIPOLITA SaNCHEZ MEDINA | B96: 20 | C96: JOYCE | D96: OK | E96: SER ARRIESGADA | H96: OK
A97: LILIANA JACKELINE CHU COELLO | B97: 19 | C97: KRISCIA | D97: NP | E97: FUERA DE LIMA
A98: ROXANA FLORENTINA BORJAS ORMEÑO | B98: 14 | C98: JOYCE | E98: COMPROMISO INQUEBRANTABLE
A99: CRISTIAN SANCHEZ TRINIDAD | B99: 20 | C99: GARETH | D99: NC
A100: YAHAIRA MARINA ALVARO ROJAS | B100: 20 | C100: GARETH | D100: NC
...

Sheet GRADUADOS 
A1: CREAR CUANTICO | B1: EQUIPO ORIGINAL | C1: E5 | D1: E6 | E1: E7 | F1: E8 | G1: E9 | H1: E10 | I1: E11 | J1: E12 | K1: E13 | L1: E14 | M1: E15 | N1: E16 | O1: E17 | P1: E18 | Q1: E19 | R1: E20 | S1: E21 | T1: E22 | U1: E23 | V1: E24 | W1: E25 | X1: E26 | Y1: E27 | Z1: E28
A2: CARLOS RAMIREZ | B2: 4 | C2: - | D2: - | E2: - | F2: M | G2: - | H2: - | I2: - | J2: - | K2: - | L2: - | M2: - | N2: - | O2: -
A3: LUCY OSTOA | B3: 4 | C3: - | D3: - | E3: - | F3: M | G3: - | H3: - | I3: - | J3: - | K3: - | L3: A | M3: - | N3: - | O3: -
A4: LUSY DIAZ | B4: 4 | C4: - | D4: - | E4: - | F4: M | G4: - | H4: - | I4: - | J4: - | K4: - | L4: - | M4: - | N4: - | O4: -
A5: MANUEL VIVANCO | B5: 4 | C5: - | D5: - | E5: - | F5: C | G5: - | H5: - | I5: - | J5: Q | K5: Q | L5: Q | M5: Q | N5: Q | O5: Q | S5: Q | T5: Q | U5: Q
A6: NANCY HUALLIPE | B6: 4 | C6: - | D6: - | E6: - | F6: A | G6: M | H6: - | I6: - | J6: - | K6: - | L6: - | M6: - | N6: - | O6: -
A7: ROCIO DE LA CRUZ | B7: 4 | C7: - | D7: - | E7: - | F7: - | G7: Q | H7: Q | I7: Q | J7: - | K7: Q | L7: Q | M7: Q | N7: Q | O7: C
A8: SARITA RAMOS | B8: 4 | C8: - | D8: - | E8: - | F8: - | G8: - | H8: - | I8: - | J8: - | K8: M | L8: - | M8: - | N8: - | O8: -
A9: VIVIANA ELIZABETH ALCANTARA MAURTUA | B9: 4 | C9: - | D9: - | E9: - | F9: M | G9: - | H9: - | I9: - | J9: M | K9: - | L9: - | M9: - | N9: - | O9: - | P9: A | Q9: A
A10: CARMEN GRICELDA PEREZ CHINCHAY | B10: 5 | C10: - | D10: - | E10: - | F10: - | G10: M | H10: - | I10: - | J10: - | K10: - | L10: C | M10: - | N10: - | O10: - | W10: A
A11: HILDA UCHASARA | B11: 5 | C11: - | D11: - | E11: - | F11: A | G11: NI | H11: - | I11: - | J11: - | K11: - | L11: - | M11: - | N11: - | O11: -
A12: JOSE COELLO | B12: 5 | C12: C | D12: - | E12: - | G12: - | H12: - | I12: - | J12: NI | K12: - | L12: - | M12: - | N12: - | O12: -
A13: MARIA CELLI HUAYANCA DIAZ | B13: 5 | C13: - | D13: - | E13: - | F13: A | G13: - | H13: - | I13: - | J13: M | K13: - | L13: - | M13: - | N13: A | O13: -
A14: NATHALY CHUCO | B14: 5 | C14: - | D14: - | E14: - | G14: - | H14: - | I14: - | J14: - | K14: - | L14: - | M14: - | N14: - | O14: NI
A15: ANEL ORIHUELA | B15: 6 | C15: - | D15: C | E15: C | F15: - | G15: - | H15: - | I15: - | J15: - | K15: - | L15: - | M15: - | N15: - | O15: - | T15: A | U15: Q | V15: Q | W15: Q | X15: Q
A16: LEYLA KELLY PASQUEL ALFARO | B16: 6 | C16: - | D16: M | E16: M | F16: - | G16: - | H16: - | I16: C | J16: - | K16: - | L16: - | M16: Q | N16: Q | O16: Q | Q16: Q | R16: Q | S16: Q | T16: Q | U16: Q | V16: Q | W16: Q
A17: GARETH SAID RAMOS PEREZ | B17: 7 | C17: - | D17: - | E17: - | F17: - | G17: - | H17: - | I17: A | J17: A | L17: M | M17: - | N17: - | O17: - | P17: A | U17: M
A18: GREGORIA ALHUAY ROJAS | B18: 7 | C18: - | D18: - | E18: - | F18: - | G18: - | H18: - | I18: - | J18: - | K18: - | L18: M | M18: - | N18: - | O18: -
A19: HUMBERTO CARRASCO LLATAS | B19: 7 | C19: - | D19: - | E19: - | F19: - | G19: - | H19: - | I19: - | J19: - | K19: - | L19: - | M19: - | N19: - | O19: NI
A20: JHEN JEZMIN PONCE ESPINOZA | B20: 7 | C20: - | D20: - | E20: - | F20: - | G20: - | H20: - | I20: A | J20: A | K20: - | L20: - | M20: - | N20: - | O20: A | S20: A | W20: A
A21: JHONATAN DANIEL ALCÁNTARA MAURTUA | B21: 7 | C21: - | D21: - | E21: - | F21: - | G21: - | H21: - | I21: - | J21: - | K21: - | L21: - | M21: - | N21: - | O21: NI
A22: LUZ BLANCA VASQUEZ SALES | B22: 7 | C22: - | D22: - | E22: - | F22: - | G22: - | H22: - | I22: A | J22: A | K22: - | L22: - | M22: - | N22: - | O22: -
A23: MANUEL YAKIMA RIVERA TOYAMA | B23: 7 | C23: - | D23: - | E23: - | F23: - | G23: - | H23: - | I23: - | J23: M | K23: - | L23: - | M23: - | N23: M | O23: - | R23: Q | S23: Q | T23: Q | U23: Q | V23: Q
A24: MARCO ANTONIO VILLARREAL VALDIVIEZO | B24: 7 | C24: - | D24: - | E24: - | F24: - | G24: - | H24: - | I24: M | J24: - | K24: A | L24: - | M24: M | N24: - | O24: - | Q24: Q | W24: A
A25: ALEXANDER TORIBIO CURI AGUADO | B25: 8 | C25: - | D25: - | E25: - | F25: - | G25: - | H25: - | I25: - | J25: - | K25: - | L25: - | M25: - | N25: - | O25: NI
A26: ARIANA MERCEDES GUEVARA MELENDEZ | B26: 8 | C26: - | D26: - | E26: - | F26: - | G26: - | H26: - | I26: - | J26: - | K26: - | L26: - | M26: - | N26: - | O26: -
A27: ELVIS CUELLAR | B27: 8 | C27: - | D27: - | E27: - | F27: - | G27: - | H27: - | I27: - | J27: - | K27: - | L27: - | M27: - | N27: - | O27: - | P27: M
A28: JULIO MOSCOSO | B28: 8 | C28: - | D28: - | E28: - | F28: - | G28: - | H28: - | I28: - | J28: - | K28: - | L28: - | M28: - | N28: - | O28: -
A29: KATHERINE CHUCO VASQUEZ | B29: 8 | C29: - | D29: - | E29: - | F29: - | G29: - | H29: - | I29: - | J29: - | K29: - | L29: - | M29: - | N29: - | O29: NI
A30: KRISCIA LISZET RODAS QUISPE | B30: 8 | C30: - | D30: - | E30: - | F30: - | G30: - | H30: - | I30: - | J30: M | K30: - | L30: - | M30: - | N30: - | O30: -
A31: MARLLORY ULLOA USQUIANO | B31: 8 | C31: - | D31: - | E31: - | F31: - | G31: - | H31: - | I31: - | J31: - | K31: - | L31: - | M31: - | N31: - | O31: -
A32: ROBERTO CONDEZO | B32: 8 | C32: - | D32: - | E32: - | F32: M | G32: - | H32: - | I32: - | J32: C | K32: - | L32: - | M32: - | N32: - | O32: - | P32: A | Q32: Q | W32: A
A33: TONNY GUTIERREZ | B33: 8 | C33: - | D33: - | E33: - | F33: M | G33: - | H33: - | I33: - | J33: - | K33: - | L33: - | M33: - | N33: A | O33: - | P33: C
A34: GABY DEL PILAR DE LA PAZ MONTIVEROD | B34: 9 | C34: - | D34: - | E34: - | F34: - | G34: - | H34: - | I34: - | J34: - | K34: - | L34: A | M34: - | N34: A | O34: -
A35: JOEL ROBERTO CONDEZO RAMIREZ | B35: 9 | C35: - | D35: - | E35: - | F35: - | G35: - | H35: - | I35: - | J35: - | K35: - | L35: NI | M35: - | N35: - | O35: -
A36: NURY LUISA DEL CARMEN MARCA | B36: 9 | C36: - | D36: - | E36: - | F36: - | G36: - | H36: - | I36: - | J36: - | K36: - | L36: A | M36: - | N36: - | O36: NI
A37: ROSEMARY DE PAZ | B37: 9 | C37: - | D37: - | E37: - | F37: - | G37: C | H37: - | I37: - | J37: - | K37: - | L37: Q | M37: 0 | N37: Q | O37: Q
A38: SANDRA MARLENE LOPEZ CHAHUA | B38: 9 | C38: - | D38: - | E38: - | F38: - | G38: - | H38: - | I38: - | J38: - | K38: - | L38: M | M38: - | N38: - | O38: -
A39: DAYSI REQUEJO LINARES | B39: 10 | C39: - | D39: - | E39: - | F39: - | G39: - | H39: - | I39: - | J39: - | K39: - | L39: - | M39: M | N39: - | O39: -
A40: DIEGO AREVALO SILVA | B40: 10 | C40: - | D40: - | E40: - | F40: - | G40: - | H40: - | I40: - | J40: - | K40: NI | L40: - | M40: - | N40: - | O40: -
A41: ELISA NANCY PALOMINO HUARCAYA | B41: 10 | C41: - | D41: - | E41: - | F41: - | G41: - | H41: - | I41: - | J41: - | K41: - | L41: - | M41: - | N41: - | O41: NI
A42: GERALDINE VANESSA SOTOMAYOR BAZAN | B42: 10 | C42: - | D42: - | E42: - | F42: - | G42: - | H42: - | I42: - | J42: - | K42: - | L42: - | M42: - | N42: - | O42: A
A43: JEANNET LEON LEDESMA | B43: 10 | C43: - | D43: - | E43: - | F43: - | G43: - | H43: - | I43: - | J43: - | K43: - | L43: - | M43: - | N43: - | O43: -
A44: JHARRINZON HUAMAN CHIPA | B44: 10 | C44: - | D44: - | E44: - | F44: - | G44: - | H44: - | I44: - | J44: - | K44: - | L44: - | M44: - | N44: - | O44: NI
A45: JOSÉ BLADIMER RAMOS SIQUEROS | B45: 10 | C45: - | D45: - | E45: - | F45: - | G45: - | H45: - | I45: - | J45: - | K45: - | L45: - | M45: - | N45: - | O45: - | P45: A
A46: JUANA MARÍA FALCÓN ROJAS | B46: 10 | C46: - | D46: - | E46: - | F46: - | G46: - | H46: - | I46: - | J46: - | K46: - | L46: A | N46: - | O46: M
A47: MILAGROS CASTAÑEDA ORBE | B47: 10 | C47: - | D47: - | E47: - | F47: - | G47: - | H47: - | I47: - | J47: - | K47: - | L47: A | N47: - | O47: - | S47: M | W47: Q
A48: REYNA JARAMILLO PINEDO | B48: 10 | C48: - | D48: - | E48: - | F48: - | G48: - | H48: - | I48: - | J48: - | K48: - | L48: M | N48: - | O48: -
A49: ROSMERY OCHOA FERRER | B49: 10 | C49: - | D49: - | E49: - | F49: - | G49: - | H49: - | I49: - | J49: - | K49: - | L49: A | N49: - | O49: M | T49: C | X49: Q
A50: YUSMELY DESIREÉ GARCÍA LLOVERA | B50: 10 | C50: - | D50: - | E50: - | F50: - | G50: - | H50: - | I50: - | J50: - | K50: - | L50: - | N50: - | O50: M
A51: ALEXANDRA TAPULLIMA CORDOVA | B51: 11 | C51: - | D51: - | E51: - | F51: - | G51: - | H51: - | I51: - | J51: - | K51: - | L51: - | M51: M | N51: - | O51: - | R51: C
A52: ANAMELVA QUIÑONES BELTRÁN | B52: 11 | C52: - | D52: - | E52: - | F52: - | G52: - | H52: - | I52: - | J52: - | K52: - | L52: - | M52: A | N52: - | O52: M | T52: A
A53: CAROLINA MATILDE MERCEDES ALBORNOZ | B53: 11 | C53: - | D53: - | E53: - | F53: - | G53: - | H53: - | I53: - | J53: - | K53: - | L53: - | M53: NI | N53: - | O53: -
A54: CRISTINA CUBA RIOS | B54: 11 | C54: - | D54: - | E54: - | F54: - | G54: - | H54: - | I54: - | J54: - | K54: - | L54: - | M54: A | N54: - | O54: -
A55: DIEGO HECTOR BARBIERI GALECIO | B55: 11 | C55: - | D55: - | E55: - | F55: - | G55: - | H55: - | I55: - | J55: - | K55: - | L55: - | M55: M | N55: - | O55: - | R55: M | W55: A
A56: ELIZABETH MORALES CARCELEN | B56: 11 | C56: - | D56: - | E56: - | F56: - | G56: - | H56: - | I56: M | J56: - | K56: - | L56: - | M56: C | N56: - | O56: - | R56: A
A57: HERMELINDA YARASQUI CALLUPE | B57: 11 | C57: - | D57: - | E57: - | F57: - | G57: - | H57: - | I57: - | J57: - | K57: - | L57: - | M57: NI | N57: - | O57: -
A58: HERMÓGENES UNTIVEROA CISNEROS | B58: 11 | C58: - | D58: - | E58: - | F58: - | G58: - | H58: - | I58: - | J58: - | K58: - | L58: - | M58: A | N58: - | O58: -
A59: JANET DURAND YARASQUI | B59: 11 | C59: - | D59: - | E59: - | F59: - | G59: - | H59: - | I59: - | J59: - | K59: - | L59: - | M59: A | N59: - | O59: -
A60: LETICIA SILVIA HORNA RODRÍGUEZ | B60: 11 | C60: - | D60: - | E60: - | F60: - | G60: - | H60: - | I60: - | J60: - | K60: - | L60: - | M60: A | N60: - | O60: NI
A61: LIZ CAROL TRUJILLO MALLQUI | B61: 11 | C61: - | D61: - | E61: - | F61: - | G61: - | H61: - | I61: - | J61: - | K61: - | L61: - | M61: M | N61: - | O61: - | T61: A | W61: A | X61: A
A62: LUIS ALBERTO HERNÁNDEZ MENDOZA | B62: 11 | C62: - | D62: - | E62: - | F62: - | G62: - | H62: - | I62: - | J62: - | K62: - | L62: - | M62: A | N62: - | O62: - | Q62: A | R62: A | S62: A | U62: A | V62: A
A63: SEFORA NOEMI OÑATE GUZMAN | B63: 11 | C63: - | D63: - | E63: - | F63: - | G63: - | H63: - | I63: - | J63: - | K63: - | L63: - | M63: - | N63: - | O63: NI
A64: TEOFILA CÁCERES ALLPACCA | B64: 11 | C64: - | D64: - | E64: - | F64: - | G64: - | H64: - | I64: - | J64: - | K64: - | L64: - | M64: A | N64: - | O64: NI
A65: VANESSA SAAVEDRA ORBE | B65: 11 | C65: - | D65: - | E65: - | F65: - | G65: - | H65: - | I65: - | J65: - | K65: - | L65: - | M65: - | N65: - | O65: NI
A66: CARMEN JOSELINA VALENCIA GUZMAN | B66: 12 | C66: - | D66: - | E66: - | F66: - | G66: - | H66: - | I66: - | J66: - | K66: - | L66: - | M66: - | N66: - | O66: -
A67: DIANA YESENIA MOSCOSO ROBLES | B67: 12 | C67: - | D67: - | E67: - | F67: - | G67: - | H67: - | I67: - | J67: - | K67: - | L67: - | M67: - | N67: C | O67: - | V67: A | W67: Q | X67: Q
A68: D'YANIRA ALLYZON LEON SUAREZ | B68: 12 | C68: - | D68: - | E68: - | F68: - | G68: - | H68: - | I68: - | J68: - | K68: - | L68: - | M68: - | N68: M | O68: - | S68: A | W68: A
A69: ELÍ AMERICO CALZADA ESPINOZA | B69: 12 | C69: - | D69: - | E69: - | F69: - | G69: - | H69: - | I69: - | J69: - | K69: - | L69: - | M69: - | N69: - | O69: NI
A70: EUFEMIA ISABEL CORREA OLAYA | B70: 12 | C70: - | D70: - | E70: - | F70: - | G70: - | H70: - | I70: - | J70: - | K70: - | L70: - | M70: - | N70: - | O70: M | S70: A
A71: FUEL DURAND HUAYNATE | B71: 12 | C71: - | D71: - | E71: - | F71: - | G71: - | H71: - | I71: - | J71: - | K71: - | L71: - | M71: - | N71: - | O71: -
A72: GISELA MORALES VALLADARES | B72: 12 | C72: - | D72: - | E72: - | F72: - | G72: - | H72: - | I72: - | J72: - | K72: - | L72: - | M72: - | N72: - | O72: NI
A73: JOHNNY EDUARDO HUÁNUCO ARELLANO | B73: 12 | C73: - | D73: - | E73: - | F73: - | G73: - | H73: - | I73: - | J73: - | K73: - | L73: - | M73: - | N73: - | O73: NI
A74: JUANA ZARELA RODRIGUEZ GUERRERO | B74: 12 | C74: - | D74: - | E74: - | F74: - | G74: - | H74: - | I74: - | J74: - | K74: - | L74: - | M74: - | N74: - | O74: -
A75: LIDIA TRUJILLO GUTIÉRREZ | B75: 12 | C75: - | D75: - | E75: - | F75: - | G75: - | H75: - | I75: - | J75: - | K75: - | L75: - | M75: - | N75: A | O75: - | P75: A
A76: LUISA PÉREZ CHINCHAY | B76: 12 | C76: - | D76: - | E76: - | F76: - | G76: - | H76: - | I76: - | J76: - | K76: - | L76: - | M76: - | N76: A | O76: - | P76: A
A77: NORMA CÁCERES MASÍAS | B77: 12 | C77: - | D77: - | E77: - | F77: - | G77: - | H77: - | I77: - | J77: - | K77: - | L77: - | M77: - | N77: - | O77: NI
A78: PAMELA MORALES VEGA | B78: 12 | C78: - | D78: - | E78: - | F78: - | G78: - | H78: - | I78: - | J78: - | K78: - | L78: - | M78: - | N78: - | O78: M
A79: RICARDO MAURICIO TRUJILLO MONTOYA | B79: 12 | C79: - | D79: - | E79: - | F79: - | G79: - | H79: - | I79: - | J79: - | K79: - | L79: - | M79: - | N79: A | O79: - | Q79: A
A80: SHIRLEY RIVERA HUAMAN | B80: 12 | C80: - | D80: - | E80: - | F80: - | G80: - | H80: - | I80: - | J80: - | K80: - | L80: - | M80: - | N80: - | O80: - | S80: A
A81: XIOMARA NICOLE QUIJANDRIA MEZA | B81: 12 | C81: - | D81: - | E81: - | F81: - | G81: - | H81: - | I81: - | J81: - | K81: - | L81: - | M81: - | N81: - | O81: -
A82: YRMA CECILIA ALCA BARRA | B82: 12 | C82: - | D82: - | E82: - | F82: - | G82: - | H82: - | I82: - | J82: - | K82: - | L82: - | M82: - | N82: - | O82: NI
A83: ZARA CASTILLO | B83: 12 | C83: - | D83: - | E83: - | F83: - | G83: - | H83: - | I83: - | J83: - | K83: - | L83: - | M83: - | N83: - | O83: A | P83: A
A84: ANGELLA MARIA BOLLET GOMEZ | B84: 13 | C84: - | D84: - | E84: - | F84: - | G84: - | H84: - | I84: - | J84: - | K84: - | L84: - | M84: - | N84: - | O84: A | Q84: M
A85: BETTY YANETH QUIÑONES BELTRAN | B85: 13 | C85: - | D85: - | E85: - | F85: - | G85: - | H85: - | I85: - | J85: - | K85: - | L85: - | M85: - | N85: - | O85: - | Q85: A | R85: A
A86: BRITNEY SAFIRO OLENKA DELGADO QUIÑONES | B86: 13 | C86: - | D86: - | E86: - | F86: - | G86: - | H86: - | I86: - | J86: - | K86: - | L86: - | M86: - | N86: - | O86: M | W86: A
A87: HELVER ROLANDO LLANOS VÁSQUEZ | B87: 13 | C87: - | D87: - | E87: - | F87: - | G87: - | H87: - | I87: - | J87: - | K87: - | L87: - | M87: - | N87: - | O87: NI
A88: JEAN CARLOS RIOS ZEA | B88: 13 | C88: - | D88: - | E88: - | F88: - | G88: - | H88: - | I88: - | J88: - | K88: - | L88: - | M88: - | N88: - | O88: M | T88: A
A89: JORGE LUIS LEON DE LOS RIOS | B89: 13 | C89: - | D89: - | E89: - | F89: - | G89: Q | H89: Q | I89: Q | J89: - | K89: C | L89: Q | M89: Q | N89: - | O89: Q
A90: JOSE ALONSO KUFFO MOSCOSO | B90: 13 | C90: - | D90: - | E90: - | F90: - | G90: - | H90: - | I90: - | J90: - | K90: - | L90: - | M90: - | N90: - | O90: A
A91: JOSE VALENCIA FERNANDEZ | B91: 13 | C91: - | D91: - | E91: - | F91: - | G91: - | H91: - | I91: - | J91: - | K91: - | L91: - | M91: - | N91: - | O91: NI
A92: JUAN MANUEL GRANDA | B92: 13 | C92: - | D92: - | E92: M | F92: - | G92: - | H92: - | I92: - | J92: A | K92: M | L92: - | M92: - | N92: - | O92: - | Q92: C
A93: JUDY DIANA ARQUISE ESPINOZA | B93: 13 | C93: - | D93: - | E93: - | F93: - | G93: - | H93: - | I93: - | J93: - | K93: - | L93: - | M93: - | N93: - | O93: NI
A94: LEYDY PEÑA CHAVARRIA | B94: 13 | C94: - | D94: - | E94: - | F94: - | G94: - | H94: - | I94: - | J94: - | K94: - | L94: - | M94: - | N94: - | O94: A
A95: LIANA ELSA CASTRO PRIETO GONZALES | B95: 13 | C95: - | D95: - | E95: - | F95: - | G95: - | H95: - | I95: - | J95: - | K95: - | L95: - | M95: - | N95: - | O95: A
A96: LIBBY FIORELA HUAYTALLA SANCHEZ | B96: 13 | C96: - | D96: - | E96: - | F96: - | G96: - | H96: - | I96: - | J96: - | K96: - | L96: - | M96: - | N96: - | O96: - | S96: NI
A97: MARÍA ELENA ROMERO RAMIREZ | B97: 13 | C97: - | D97: - | E97: - | F97: - | G97: - | H97: - | I97: - | J97: - | K97: - | L97: - | M97: - | N97: - | O97: A | Q97: A
A98: MARÍA JESÚS CARRASCO LLATAS | B98: 13 | C98: - | D98: - | E98: - | F98: - | G98: - | H98: - | I98: - | J98: - | K98: - | L98: - | M98: - | N98: - | O98: - | Q98: A
A99: MARIA VERONICA JIMENEZ VASQUEZ | B99: 13 | C99: - | D99: - | E99: - | F99: - | G99: - | H99: - | I99: - | J99: - | K99: - | L99: - | M99: - | N99: - | O99: - | P99: A
A100: PATRICIA LILIANA RÍOS ROSSELL | B100: 13 | C100: - | D100: - | E100: - | F100: - | G100: - | H100: - | I100: - | J100: - | K100: - | L100: - | M100: - | N100: - | O100: A | U100: A
...

Sheet ALIADOS C1E27
A2: CREADOR CUANTICO | B2: EQUIPO | C2: RESPONSABLE | D2: ESTADO | E2: OBSERVACIONES | F2: QT | G2: reto1 | H2: Grounding | I2: video | J2: forms
A3: VIVIANA ELIZABETH ALCANTARA MAURTUA | B3: 4 | C3: DIANA
A4: CARMEN GRICELDA PEREZ CHINCHAY | B4: 5 | C4: JOYCE | D4: NP
A5: ELVIS CUELLAR | B5: 8 | C5: OTTY | D5: NI | E5: POR AHORA NO, QUIZÁ MÁS ADELANTE
A6: TONNY GUTIERREZ | B6: 8 | C6: OTTY | D6: NP | E6: MAS ADELANTE
A7: SANDRA MARLENE LOPEZ CHAHUA | B7: 9 | C7: JOYCE | D7: OK | E7: SER DISFRUTE Y EN TENERLO TODO
A8: YUSMELY DESIREE GARCIA LLOVERA | B8: 10 | C8: DIANA
A9: GERALDINE VANESSA SOTOMAYOR BAZAN | B9: 10 | C9: OTTY
A10: JOSÉ BLADIMER RAMOS SIQUEROS | B10: 10 | C10: OTTY | D10: SIG | E10: EQUIPO 28 - ENTRENARSE EN MOSTRARSE PARA COMUNICARSE ASERTIVAMENTE
A11: JEANNET LEON LEDESMA | B11: 10 | C11: DIANA | D11: NC
A12: JUANA MARIA FALCON ROJAS | B12: 10 | C12: DIANA | D12: NP | E12: INDICA ALREDEDOR DE JUNIO GESTIONAR TIEMPOS
A13: ALEXANDRA TAPULLIMA CORDOVA | B13: 11 | C13: JOYCE | D13: NP
A14: HERMÓGENES UNTIVEROA CISNEROS | B14: 11 | C14: DIANA | E14: POSIBILIDAD E27
A15: ANAMELVA QUIÑONES BELTRÁN | B15: 11 | C15: JOYCE | D15: XC
A16: MARIA CELLI HUAYANCA DIAZ | B16: 11 | C16: OTTY | D16: NO
A17: ELIZABETH MORALES CARCELEN | B17: 11 | C17: OTTY | D17: NP
A18: JANET DURAND YARASQUI | B18: 11 | C18: DIANA | D18: NC | E18: TRABAJO
A19: LUISA PÉREZ CHINCHAY | B19: 12 | C19: OTTY | D19: NP
A20: PAMELA MELISA MORALES VEGA | B20: 12 | C20: JOYCE | D20: NP | E20: TRABAJO
A21: JOHNNY EDUARDO HUÁNUCO ARELLANO | B21: 12 | C21: JOYCE | D21: NC | E21: LLAMAR 20H30
A22: FUEL DURAND HUAYNATE | B22: 12 | C22: OTTY | D22: NA
A23: SHIRLEY RIVERA HUAMAN | B23: 12 | C23: OTTY | D23: NI
A24: ANGELLA BOLLET | B24: 13 | C24: JOYCE | D24: OK | E24: ENTRENARSE EN MANERAS
A25: RAQUEL RIVEROS RAMOS | B25: 13 | C25: JOYCE | D25: NP
A26: PATRICIA RIOS | B26: 13 | C26: DIANA
A27: MARÍA JESÚS CARRASCO LLATAS | B27: 13 | C27: OTTY | D27: NP
A28: MARIA VERONICA JIMENEZ VASQUEZ | B28: 13 | C28: JOYCE | D28: OK | E28: SER SU PALABRA
A29: MARIA ELENA ROMERO | B29: 13 | C29: OTTY | D29: NP
A30: JEAN CARLOS RIOS | B30: 13 | C30: DIANA | D30: NC
A31: PILAR DE LA CRUZ | B31: 13 | C31: DIANA | D31: NC | E31: Confirma Lunes - Llama Joyce
A32: YANINA ESTEFANIA MEJIA ROMERO | B32: 13 | C32: DIANA | D32: NC
A33: JESSICA CONGA HUARCAYA | B33: 14 | C33: OTTY
A34: ROXANA FLORENTINA BORJAS ORMEÑO | B34: 14 | C34: DIANA | E34: COMPROMISO INQUEBRANTABLE
A35: SONIA POLANCO CABEZA | B35: 14 | C35: OTTY | E35: ALIADO E26
A36: FLOR DE CANTUTA TELLO SARMIENTO | B36: 14 | C36: JOYCE | D36: NC
A37: RONY LANDEO | B37: 14 | C37: DIANA | D37: NC
A38: HELAR MUGURUZA | B38: 14 | C38: JOYCE | D38: OK
A39: ZELMY ALCANTARA | B39: 15 | C39: DIANA
A40: MARIBEL ROBERTA ESPAÑA ZAMBRANO | B40: 15 | C40: JOYCE | D40: NI
A41: ANTONY LEO ALTAMIRANO LLACCHUAS | B41: 15 | C41: OTTY | E41: LLAMARLOS
A42: GIULIANA CRISTINA BECERRA CANTELLA | B42: 15 | C42: OTTY
A43: LUZ MABEL CHIPANA VEGA | B43: 15 | C43: DIANA
A44: JOSE ALONSO GALVEZ LOPEZ | B44: 16 | C44: JOYCE | D44: NC
A45: JIMENA MARIBEL PLASENCIA AGUILAR | B45: 16 | C45: DIANA
A46: AVRIL ESTEPHANIA GARCIA MEDINA | B46: 16 | C46: JOYCE | D46: NC
A47: BLANCA LUZ CHACHAYMA MARCOS | B47: 16 | C47: JOYCE | D47: OK | E47: SER RELACION, MAS ESCUCHA
A48: JENNY BETZABET ESPINAL | B48: 16 | C48: OTTY | D48: NC
A49: SOFIA ALLCCA LLACCHUAS | B49: 16 | C49: OTTY | D49: NP
A50: JORGE EDUARDO CHALCO CCASA | B50: 16 | C50: OTTY | D50: SIG | E50: tema médico
A51: GIOVANA ELIZABETH PALOMINO MARCOS | B51: 16 | C51: DIANA | D51: QT | E51: CAP E-28
A52: RUMI MONTANO RAMOS | B52: 16 | C52: DIANA | D52: NC | E52: LLAMAR EN 30 MINUTOS
A53: CHARO YANETH APONTE PEREZ | B53: 17 | C53: DIANA | D53: NC
A54: GIOVANNI GIUSSEPPE MIRANDA MALPARTIDA | B54: 17 | C54: DIANA | D54: NC
A55: SAUL FLAVIO CRUZADO MAMANI | B55: 17 | C55: OTTY
A56: ROSSANA STEPHANY TRUJILLO MONTOYA | B56: 17 | C56: JOYCE | D56: NC
A57: ARISKELA MONTANO MIRANDA | B57: 17 | C57: JOYCE | D57: XC
A58: SARAI MESIAS TOLENTINO | B58: 17 | C58: OTTY | D58: NC
A59: ANGELLO GERONIMO PANTA MORALES | B59: 17 | C59: OTTY | D59: NP | E59: NO QUIERE PARTICIPAR HASTA UN AÑO - YA NO LLAMAR
A60: GUSTAVO ADOLFO FERNANDEZ ESPINOZA | B60: 17 | C60: DIANA | D60: OK
A61: JAMPIER PIERO POLICARPO VERA | B61: 17 | C61: DIANA | D61: OK | E61: ESTUDIAR MECATRONICA INDUSTRIAL
A62: ERIKA LIZETH NORENA DURAND | B62: 17 | C62: JOYCE | D62: OK
A63: DIANA CAROLINA CCOSCCO GUTIéRREZ | B63: 18 | C63: DIANA | D63: NC
A64: RONALD HENRY CARITA CANSAYA | B64: 18 | C64: JOYCE | D64: SIG | E64: E28 ALIADO C1 - NO TIENE CLARO SU PARA QUE
A65: NADIA ZEGARRA TOLENTINO | B65: 18 | C65: OTTY
A66: JESSICA GUISELLE MORALES VEGA | B66: 18 | C66: JOYCE | D66: NP
A67: ROXANA ELIZABETH AYVAR VEGA | B67: 18 | C67: OTTY | D67: NC
A68: GABRIELA KATERINNE JARA NARCISO | B68: 18 | C68: OTTY | D68: NC
A69: MARIELA MORI DETT | B69: 18 | C69: OTTY | D69: NP | E69: Recuperarse en la salud
A70: ANTHONY WILLIAMS VARGAS ZAMBRANO | B70: 19 | C70: DIANA | D70: NC
A71: FABRICIO JAIR, CARDENAS ALTA MIRANO | B71: 19 | C71: OTTY | D71: NC
A72: NOELIA VIRGINIA COTRINA LABRIANO | B72: 19 | C72: JOYCE | D72: NP
A73: MONICA FABIOLA FERNANDEZ ESPINOZA | B73: 19 | C73: JOYCE | D73: NC | E73: TRABAJO
A74: CONSUELO LAURA BALTAZAR ROSALES | B74: 19 | C74: DIANA
A75: MAICHOL EDSON FUENTES CALLAUA | B75: 19 | C75: JOYCE | D75: OK | E75: ENTRENARSE EN TENERLO TODO.
A76: JOSE ELIAS BALTAZAR ROSALES | B76: 19 | C76: OTTY | D76: NC | E76: SER SU PALABRA
A77: YEMBER CONDE QUISPE | B77: 19 | C77: OTTY | D77: NC
A78: DIANA REYNA RAMOS OROSCO | B78: 19 | C78: JOYCE | D78: OK
A79: FIORELA GUTIERREZ SAAVEDRA | B79: 19 | C79: OTTY
A80: VIOLETA LIS BELLO GASPAR | B80: 19 | C80: DIANA | D80: NC
A81: MARIO VICENTE PAUL MONTEJOS FIDEL | B81: 20 | C81: OTTY
A82: AARON MIGUEL SURCO CORIMAYA | B82: 20 | C82: DIANA
A83: HIPOLITA SaNCHEZ MEDINA | B83: 20 | C83: JOYCE | D83: SIG | E83: MANAGER E28
A84: MILAGROS YULIANA SOTO RIVERA | B84: 20 | C84: OTTY | D84: NC | E84: LLAMRLOS
A85: CRISTIAN SANCHEZ TRINIDAD | B85: 20 | C85: OTTY | D85: NP
A86: YESENIA ZULLY PAUCAR MENDOZA | B86: 20 | C86: OTTY
A87: NICOLE BERTHA MUnOZ URQUIAGA | B87: 20 | C87: DIANA | D87: NC
A88: GINA CaRDENAS LOPEZ | B88: 20 | C88: LEYLA | D88: OK | E88: MANAGER
A89: YAHAIRA MARINA ALVARO ROJAS | B89: 20 | C89: DIANA | D89: NC | E89: LLAMARLOS
A90: ABIGAIL LLACTAS FLORES | B90: 21 | C90: DIANA | D90: NC
A91: BRIGITTE FERNANDA LóPEZ LóPEZ | B91: 21 | C91: DIANA | D91: NC
A92: EDUARDO DIL CANDIA PALOMINO | B92: 21 | C92: DIANA | D92: NC | E92: E26
A93: GUILLERMO MOSCOSO RIOS | B93: 21 | C93: DIANA | D93: NC
A94: HENRY LOPEZ QUISPE | B94: 21 | C94: JOYCE | D94: NC
A95: JENNY GARCIA SANTA CRUZ | B95: 21 | C95: JOYCE | D95: NI
A96: LOURDES LOPEZ ZAPANA | B96: 21 | C96: JOYCE | D96: NP
A97: MARIO WILFREDO RAMIREZ HUALPA | B97: 21 | C97: JOYCE | D97: NP | E97: SER LIDER, Liderar su vida y su trabajo para relacionarse con equipos E30
A98: ROXANA MURILLO BONETT | B98: 21 | C98: JOYCE | D98: OK | E98: SER LIDER
A99: SEBASTIaN OSCAR SUaREZ HERRERA | B99: 21 | C99: OTTY | D99: NC
A100: SERGIO NOLASCO ESTELA | B100: 21 | C100: OTTY | D100: XC | E100: SER ENTRENADOR-LLAMAR MARTES
A101: REINALDA CORIMAYA ACEITUNO DE SURCO | B101: 21 | C101: OTTY | D101: SIG | E101: CUANDO ELLA LO ELIJA
...

Sheet ALIADOS C2E26
A2: CREADOR CUANTICO | B2: EQUIPO | C2: ESTADO | D2: OBSERVACIONES | E2: reto1 | F2: Grounding | G2: video | H2: forms
A3: ANITA ESPERANZA FLORES TIPISMANA | B3: 19 | C3: OK | D3: CONFIRMA CAPI
A4: BRIAN STEVE SANGAY SALVATIERRA | B4: 22 | C4: OK | D4: SER LIDER - CONFIRMA JOYCE
A5: BRYAN RODNEY LÓPEZ | B5: 14 | C5: OK
A6: CAMILA ALEGRIA VERASTEGUI DURAN | B6: 19 | C6: OK | D6: NO LO TIENE CLARO -
A7: DARNER ISZAT DIAZ ZAPANA | B7: 18 | C7: OK | D7: RELACION - Confirma Joyce LLAMARLOS
A8: FABIO ALESSANDRO CANQUY LLOYD | B8: 19 | C8: OK | D8: SER PARTICIPACION TOTAL
A9: GREZIA MARÍA JOLLY VERA | B9: 15 | C9: OK
A10: JOLBER VARGAS ENRIQUEZ | B10: 22 | C10: OK | D10: ENTRENARSE EN SER ESCUCHA - FILTROS
A11: JOSE GUILLERMO CURI SALVADOR | B11: 17 | C11: OK | D11: SER ENTRENADOR
A12: KARIN PORTOCARRERO PEREA | B12: 22 | C12: NO | D12: CONFIRMO CAPITAN - POR CONFIRMAR
A13: LIZ CAROL TRUJILLO MALLQUI | B13: 11 | C13: NO
A14: LUZ ELVIRA RAMiREZ | B14: 20 | C14: NO
A15: MARIA OLARTE BARRIENTOS | B15: 22 | C15: OK | D15: SER LIDER Y COMPROMETIDA CON LA SER INSPIRACIÓN
A16: PAUL GAMARRA | B16: LQ | C16: OK | D16: SIGUIENTE E26
A17: PIERO ALESSANDRO PORTAL PASQUEL | B17: 14 | C17: OK
A18: RHANIA SHADEN UNTIVEROS REQUEJO | B18: 14 | C18: NO | D18: CONFIRMA CAPI
A28: Confirmados | C28: =+COUNTIF(C3:C26,"OK") -> 12

Sheet ALIADOS C2 E25
A1: CAPITAN | B1: MANUEL YAKIMA RIVERA
A2: CREADOR CUANTICO | B2: EQUIPO | C2: RESPONSABLE | D2: ESTADO | E2: OBSERVACIONES | F2: QT | G2: reto1 | H2: Grounding | I2: video | J2: forms
A3: CARMEN PÉREZ PÉREZ | B3: 5 | C3: KRISCIA | D3: NO | E3: SER LIDER EN ALTO RENDIMIENTO | H3: OK
A4: JHEN PONCE | B4: 7 | C4: GARETH | D4: OK | E4: MANAGER | H4: OK
A5: MARCO ANTONIO VILLARREAL VALDIVIEZO | B5: 7 | C5: JOYCE | D5: OK | E5: MANAGER | H5: OK
A6: MANUEL YAKIMA RIVERA TOYAMA | B6: 7 | C6: CAPITAN | D6: OK | E6: CAPITAN
A7: ROBERTO CONDEZO | B7: 8 | C7: JOYCE | D7: NO | E7: SER COMPROMISO INQUEBRANTABLE | H7: OK
A8: DIEGO HECTOR BARBIERI GALECIO | B8: 11 | C8: KRISCIA | D8: NO | E8: SER LIDER EN ALTO RENDIMIENTO, CONECTAR | H8: OK
A9: LIZ CAROL TRUJILLO MALLQUI | B9: 11 | C9: JOYCE | D9: OK | H9: OK
A10: ALLYZON LEON SUAREZ | B10: 12 | C10: KRISCIA | D10: NO | E10: SER RELACION, MAS ESCUCHA. - Confirma Joyce | H10: OK
A11: BRITNEY SAFIRO OLENKA DELGADO QUIÑONES | B11: 13 | C11: KRISCIA | D11: NO | E11: CONFIRMA JOYCE - SER Líder y disciplinada en profesión | H11: OK
A12: NORA ANAYA ESPINOZA | B12: 14 | C12: JOYCE | D12: NO | E12: Confirmo con Kriscia -llamar | H12: OK
A13: LUZ MABEL CHIPANA VEGA | B13: 14 | C13: KRISCIA | D13: NO | E13: HABITAR EN SU CONTRATO: LIDER PODEROSA AUTENTICA Y CREADORA | H13: OK
A14: LIMBER ELOY QUISPE | B14: 14 | C14: JOYCE | D14: OK
A15: HELAR MUGURUZA | B15: 14 | C15: LINID | D15: OK | E15: MANAGER | H15: OK
A16: JOEL JULIO ANTAURCO PEREZ | B16: 15 | C16: JOYCE | D16: NO | H16: OK | I16: =104-I15 -> 104
A17: LUCAS ALBERTO SANCHEZ SILVA | B17: 15 | C17: JOYCE | D17: NO | E17: SER LIDER | H17: OK
A18: HECTOR ENRIQUE CANQUI VALLADARES | B18: 15 | C18: KRISCIA | D18: NO | E18: SER SU PALABRA | H18: OK
A19: ERIKA LIZETH NORENA DURAND | B19: 17 | C19: JOYCE | D19: NO | E19: SER LIDER EN ALTO RENDIMIENTO | H19: OK
A20: NADIA ZEGARRA TOLENTINO | B20: 18 | C20: JOYCE | D20: NO | E20: SER ARRIESGADA | H20: OK
A21: CAMILA VERASTEGUI | B21: 19 | C21: GARETH | D21: NO | E21: CONFIRMA YAKIMA / Abrir su consultoria | H21: OK
A22: ANITA FLORES TIPISMANA | B22: 19 | C22: KRISCIA | D22: NO | E22: SER FUENTE Y RELACIONS | H22: OK
A23: FABIO ALESSANDRO CANQUY LLOYD | B23: 19 | C23: JOYCE | D23: OK | H23: OK
A24: FELIPE ALEJANDRO MALLQUI TRUJILLO | B24: 20 | C24: JOYCE | D24: OK | E24: DESERTOR | H24: OK
A25: HIPOLITA SaNCHEZ MEDINA | B25: 20 | C25: JOYCE | D25: OK | E25: MANAGER | H25: OK
A26: RICHARD PILCO CALIZAYA | B26: 20 | C26: JOYCE | D26: OK | H26: OK
A27: LEONARDO QUISPE TRUJILLO | B27: 20 | C27: JOYCE | D27: OK | H27: OK
A28: CAROLINA VICTORIA MANRIQUE HUARANCA | B28: 20 | C28: JOYCE | D28: OK | H28: OK
A29: JAVIER LEVANO MAGALLANES | B29: 20 | C29: LINID | D29: OK | H29: OK
A30: ROXANA MURILLO BONETT | B30: 21 | C30: JOYCE | D30: NO | H30: OK
A31: PAULINA PALOMINO RAMOS | B31: 21 | C31: LINID | D31: NO | H31: OK
A32: ALEJANDRINA PATRICIA TIPISMANA PASACHE | B32: 21 | C32: JOSE | D32: NO | H32: OK
A33: PERCY ANTONIO MURO GAYOSO | B33: 21 | C33: JOSE | D33: NO | E33: VIAJAR A AREQUIPA CON SUN LINDA ESPOSA | H33: OK
A34: YISSEL HUAMaN ALVAREZ | B34: 21 | C34: JOYCE | D34: NO | E34: COMPROMISO INQUEBRANTABLE | H34: OK
A35: MARiA ELENA ALVINO LoPEZ | B35: 21 | C35: KRISCIA | D35: OK | H35: OK
A36: JUAN ALVARO RAMIREZ HUALPA | B36: 21 | C36: GARETH | D36: OK | H36: OK
A37: DAVID JESUS RODRIGUEZ LA RIVA | B37: 21 | C37: JOYCE | D37: OK | E37: MANAGER | H37: OK
A38: EVER DAVID CARDENAS TELLO | B38: 21 | C38: LINID | D38: OK | H38: OK
A39: TANIA AURORA SaNCHEZ CASTRO | B39: 21 | C39: KRISCIA | D39: OK | H39: OK
A40: CÉSAR AUGUSTO NIEBUHR PRADO | B40: INGENIA | C40: JOSE | D40: OK | H40: OK
A42: Confirmados | D42: =+COUNTIF(D3:D40,"OK") -> 19
J44: =58-8 -> 50
D46: =44-9 -> 35
C50: =10/6 -> 1.6666667 | D50: =58-2 -> 56 | E50: =19+18 -> 37
C51: 1 | D51: 2 | E51: =37+5+5 -> 47
C52: 1 | D52: 2
C53: 1 | D53: 2
C54: 1 | D54: 2
C55: 1 | D55: 1
C56: 1 | D56: 1

Sheet ALIADOS C1 E21
A1: CAPITAN | B1: CAMILA LEON
A2: CREADOR CUANTICO | B2: EQUIPO | C2: RESPONSABLE | D2: ESTADO | E2: OBSERVACIONES | F2: QT | G2: STATUS
A3: ROCIO DE LA CRUZ HUAYTALLA | B3: 4 | C3: KRISCIA | D3: NP | E3: (corta llamada)
A4: MANUEL YAKIMA RIVERA TOYAMA | B4: 7 | C4: KRISCIA | D4: NP | E4: QT
A5: MARLLORY ULLOA USQUIANO | B5: 8 | C5: KRISCIA | D5: NC
A6: ARIANA MERCEDES GUEVARA MELENDEZ | B6: 8 | C6: DIANA | D6: NP
A7: ARISKELA MONTANO MIRANDA | B7: 17 | C7: DIANA | D7: OK | E7: ENTRENARSE COMPROMISO - MANAGER
A8: BRITNEY SAFIRO OLENKA DELGADO QUINONES | B8: 13 | C8: KRISCIA | D8: NO
A9: JEANNET LEON LEDESMA | B9: 10 | C9: KRISCIA | D9: NP
A10: JUANA MARIA FALCON ROJAS | B10: 10 | C10: KRISCIA | D10: NP | E10: CAPITANA DE SERVICIO GRADUACION E18
A11: CARLOS ALBERTO CASTILLO TIPISMANA | B11: 16 | C11: DIANA | D11: NO
A12: VANESSA SAAVEDRA ORBE | B12: 11 | C12: PAMELA | D12: NP | E12: FUERA DE LIMA
A13: JANET DURAND YARASQUI | B13: 11 | C13: PAMELA | D13: NP | E13: ESTA TRABAJANDO EN LA SELVA NO TIENE SALIDA
A14: CRISTINA CUBA RIOS | B14: 11 | C14: DIANA | D14: NP | E14: Temas laborales
A15: HERMÓGENES UNTIVEROA CISNEROS | B15: 11 | C15: DIANA | D15: NP | E15: TRABAJO
A16: ANAMELVA QUINONES BELTRAN | B16: 11 | C16: PAMELA | D16: NP
A17: XIOMARA NICOLE QUIJANDRIA MEZA | B17: 12 | C17: KRISCIA | D17: NP | E17: CLASES
A18: JOHNNY EDUARDO HUÁNUCO ARELLANO | B18: 12 | C18: PAMELA | D18: NP | E18: POR AHORA NO PODRA PARTICIPAR
A19: JUANA ZARELA RODRIGUEZ GUERRERO | B19: 12 | C19: PAMELA | D19: NP | E19: INICIO CLASES DE BIOQUIMIVA Y FARMACIA
A20: CARMEN JOSELINA VALENCIA GUZMAN | B20: 12 | C20: PAMELA | D20: NP | E20: POR AHORA NO VENDRA A LIMA
A21: SHIRLEY RIVERA HUAMAN | B21: 12 | C21: DIANA | D21: rep | E21: ENTRENARSE PARA TENER RESULTADO - MANAGER
A22: CHARO YANETH APONTE PEREZ | B22: 17 | C22: PAMELA | D22: OK | E22: CONFIRMÓ CAMILA - Entrenarse en ser autentica
A23: FUEL DURAND HUAYNATE | B23: 12 | C23: KRISCIA | D23: NP
A24: D'YANIRA ALLYZON LEON SUAREZ | B24: 12 | C24: DIANA | D24: OK
A25: PAMELA MELISA MORALES VEGA | B25: 12 | C25: DIANA | D25: NC
A26: LIANA ELSA CASTRO PIETRO GONZALES | B26: 13 | C26: KRISCIA | D26: NP
A27: SADITH KRY LÓPEZ HERRERA | B27: 13 | C27: PAMELA | D27: NC
A28: PATRICIA RIOS ROSSELL | B28: 13 | C28: PAMELA | D28: NP | E28: POR SALUD
A29: JUDY DIANA ARQUISE ESPINOZA | B29: 13 | C29: KRISCIA | D29: NP
A30: LIBBY FIORELA HUAYTALLA SANCHEZ | B30: 13 | C30: GARETH | D30: NC
A31: YANINA ESTEFANIA MEJIA ROMERO | B31: 13 | C31: KRISCIA | D31: NC
A32: MARÍA JESÚS CARRASCO LLATAS | B32: 13 | C32: GARETH | D32: NP | E32: COMPROMISO FAMILIAR
A33: EUFEMIA ISABEL CORREA OLAYA | B33: 12 | C33: DIANA | D33: OK | E33: ENTRENARSE EN COMPROMISO
A34: JEAN CARLOS RIOS ZEA | B34: 13 | C34: PAMELA | D34: NP | E34: QUE SE TOMARA UN TIEMPO FUERA DEL ENTRENAMIENTO
A35: GABRIELA NAUPARI VASQUEZ | B35: 17 | C35: KRISCIA | D35: OK | E35: SER SU PALABRA - AMOROSA (RELACION HERMANOS)
A36: REYNA JARAMILLO | B36: 14 | C36: KRISCIA | D36: NP
A37: FLOR DE CANTUTA TELLO SARMIENTO | B37: 14 | C37: KRISCIA | D37: NP | E37: FUERA DE LIMA
A38: NORA ANAYA ESPINOZA | B38: 14 | C38: KRISCIA | D38: NP | E38: FUERA DE LIMA
A39: LIMBER ELOY QUISPE | B39: 14 | C39: KRISCIA | D39: NC | E39: E21
A40: SONIA POLANCO CABEZA | B40: 14 | C40: KRISCIA | D40: NP | E40: TRABAJO
A41: CARMEN PÉREZ PÉREZ | B41: 14 | C41: PAMELA | D41: NP | E41: VIAJA A CONVENCION POR SU EMPRENDIMIENTO
A42: GIAN CARLO MINCHOLA VALDIVIA | B42: 14 | C42: PAMELA | D42: NP | E42: TRABAJO Y ESTUDIO
A43: HELAR MUGURUZA | B43: 14 | C43: PAMELA | D43: NP | E43: ESTA FUERA DE LIMA PARA ESAS FECHAS
A44: JESSICA CONGA HUARCAYA | B44: 14 | C44: PAMELA | D44: NC
A45: PILAR CUADRAO CARRUITERO | B45: 14 | C45: PAMELA | D45: NP | E45: VIAJA A BRASIL
A46: RONY LANDEO | B46: 14 | C46: PAMELA | D46: NC
A47: JESUS JULIO ANTAURCO PEREZ | B47: 14 | C47: PAMELA | D47: NC
A48: BRYAN RODNEY LÓPEZ | B48: 14 | C48: PAMELA | D48: NP
A49: NATHALY SUSY LANDA OCHOA | B49: 15 | C49: KRISCIA | D49: NP
A50: ROBERTO CARRANZA TOLENTINO ANGULO | B50: 15 | C50: KRISCIA | D50: NC | E50: TRABAJO SIN SEÑAL
A51: SHEILA DE LA CRUZ HUAYTALLA | B51: 15 | C51: KRISCIA | D51: NP
A52: GERALDINE STEPHANIE OTRERA CACÑAHUARAY | B52: 15 | C52: PAMELA | D52: OK | E52: SER CREADORA Y PODER
A53: GREZIA MARÍA JOLLY VERA | B53: 15 | C53: KRISCIA | D53: NC
A54: SEBASTIÁN JOSÉ ALVARADO CABRERA | B54: 15 | C54: PAMELA | D54: NP | E54: VIAJE ICA
A55: JAMPIER PIERO POLICARPO VERA | B55: 17 | C55: KRISCIA | D55: NO | E55: ENTRENARSE EN SER FUENTE - MANAGER
A56: LUZ ANGELICA MEDRANO DE MEZA | B56: 15 | C56: PAMELA | D56: NC
A57: MARIBEL ROBERTA ESPAÑA ZAMBRANO | B57: 15 | C57: PAMELA | D57: NP | E57: NO LIJE ENTRENARSE POR AHORA MUY RECIENTE LA MUERTE DE SU MAMA
A58: JOEL JULIO ANTAURCO PEREZ | B58: 15 | C58: KRISCIA | D58: NC
A59: GIULIANA CRISTINA BECERRA CANTELLA | B59: 15 | C59: GARETH | D59: NP | E59: VIAJE DE TRABAJO
A60: DAINA AYELEN MARTINEZ FLORES | B60: 16 | C60: KRISCIA | D60: NC
A61: JENNY BETZABET ESPINAL | B61: 16 | C61: DIANA | D61: NP | E61: CONFIRMÓ CAMILA
A62: GLADYS CONDE QUISPE | B62: 16 | C62: KRISCIA | D62: NP | E62: CUSCO - TRABAJO (FINES DE AÑO - DICIEMBRE)
A63: JIMENA MARIBEL PLASENCIA AGUILAR | B63: 16 | C63: KRISCIA | D63: NP | E63: VIAJE FI - E22
A64: JHEN PONCE | B64: 7 | C64: GARETH | D64: OK | E64: ENTRENARSE EN SER AUTENTICA - MANAGER (CONFIRMADO POR CAMILA)
A65: JOHAN JENRRY LOZANO PONCE | B65: 16 | C65: PAMELA | D65: NP | E65: POR AHORA NO PODRA PARTICIPAR
A66: LELY MELUSA ALTAMIRANO LLANTOY | B66: 16 | C66: PAMELA | D66: NP | E66: ESTA RA EN UNA FERIA EN CUZCO PARA ESAS FECHAS
A67: CARLOS HUMBERTO MENDOZA PICOAGA | B67: 16 | C67: PAMELA | D67: NC | E67: SE LE CRUZA CON VIAJES
A68: FIDEL TANGOA ORACO | B68: 16 | C68: PAMELA | D68: NC
A69: JOSE ISRAEL MAQUERA MONTOYA | B69: 16 | C69: PAMELA | D69: NC
A70: ODALIS RIVERA OSORES | B70: 16 | C70: DIANA | D70: NC
A71: JESSICA PILAR LOPEZ LOPEZ | B71: 16 | C71: PAMELA | D71: NC | E71: DUALIADAD ENTRE EL ENTRENAMIENTO EN ECU Y EL ENTRENAMIENTO COMO ALIADOS
A72: MARIA ISABEL REYNOSO ARENAS | B72: 16 | C72: KRISCIA | D72: NC
A73: RUMI MONTANO RAMOS | B73: 16 | C73: GARETH | D73: NP
A74: AVRIL ESTEPHANIA GARCIA MEDINA | B74: 16 | C74: DIANA | D74: NC
A75: ELMER ANGEL CHIPANA QUISPE | B75: 17 | C75: GARETH | D75: NP | E75: TRABAJO
A76: LIZETH PATRICIA ACUÑA MATOS | B76: 17 | C76: DIANA | D76: NP | E76: E21 - Vieje de trabajo
A77: GUSTAVO ADOLFO FERNANDEZ ESPINOZA | B77: 17 | C77: PAMELA | D77: XC | E77: ESTA GESTIONANDO PERMISO EN EL TRABAJO (CONFIRMÓ)
A78: JOSE ALONSO GALVEZ LOPEZ | B78: 16 | C78: KRISCIA | D78: OK | E78: SER PALABRA, CREADOR (CONFIRMÓ CAPITANA)
A79: IRENA LARICO LIMACHI | B79: 17 | C79: GARETH | D79: NP | E79: VIAJE FAMILIAR
A80: SARAI MESIAS TOLENTINO | B80: 17 | C80: DIANA | D80: NC
A81: JOSE GUILLERMO CURI SALVADOR | B81: 17 | C81: KRISCIA | D81: OK | E81: AUTENTICIDAD
A82: JUAN FERNANDO LOPEZ MELO | B82: 17 | C82: GARETH | D82: OK | E82: ENTRENARTE EN COMPROMISO
A83: JUTSU EUGENIO JARAMILLO PINEDO | B83: 15 | C83: KRISCIA | D83: OK | E83: COMPROMISO
A84: KRISTIAN DELGADO | B84: LQ | C84: KRISCIA | D84: OK | E84: POSTURA DE CREADOR
A85: ANGEL EDUARDO VELIZ YSLA | B85: 17 | C85: PAMELA | D85: NC
A86: FERNANDO HERNAN VENTURA ESPINOZA | B86: 17 | C86: KRISCIA | D86: NC
A87: LUIS HERNANDEZ | B87: 11 | C87: DIANA | D87: OK | E87: ENTRENARSE EN SER ESCUCHA PODEROSA - ENERGÍA
A88: CLAUDIA OLENKA GALVEZ LOPEZ | B88: 17 | C88: DIANA | D88: NC | E88: SE ENCUENTRA DE VIAJE HASTA FIN DE MES - ALIADA PARA EL SIGUIENTE CAP22
A89: ERIKA LIZETH NORENA DURAND | B89: 17 | C89: PAMELA | D89: NP | E89: POR AHORA ENFOCADA A APERTURAR SU NEGOCIO
A90: MARINA ROJAS FRANCISCO | B90: 17 | C90: KRISCIA | D90: OK
A91: ZULIA MARINA CRESPO ESPINOZA | B91: 17 | C91: GARETH | D91: NP | E91: TRABAJO
A92: ANGELLO GERONIMO PANTA MORALES | B92: 17 | C92: DIANA | D92: NC
A93: URSULA LAY GUILLEN | B93: 17 | C93: PAMELA | D93: NP | E93: HORARIOS TRABAJO
A94: MILAGROS CASTAÑEDA ORBE | B94: 10 | C94: KRISCIA | D94: OK
A95: ROGGER ALCANTARA GUERRERO | B95: 17 | C95: GARETH | D95: NP | E95: TERAPIAS DE SALUD
A96: GIOVANNI GIUSSEPPE MIRANDA MALPARTIDA | B96: 17 | C96: DIANA | D96: NP | E96: E21 - OPERADO DE LA VISTA
A97: SAUL FLAVIO CRUZADO MAMANI | B97: 17 | C97: PAMELA | D97: NC
A98: NOELIA GUTIERREZ | B98: LQ | C98: KRISCIA | D98: NO
A99: ROSSANA STEPHANY TRUJILLO MONTOYA | B99: 17 | C99: GARETH | D99: NP | E99: CLASES
A100: NURY LUISA DEL CARMEN MARCA | B100: 9 | C100: GARETH | D100: NO
...

Sheet ALIADOS C1 E24
A1: CAPITAN
A2: CREADOR CUANTICO | B2: EQUIPO | C2: RESPONSABLE | D2: ESTADO | E2: OBSERVACIONES | F2: QT | G2: reto1 | H2: Grounding
A3: LUIS HERNANDEZ | B3: 9 | C3: JOYCE | D3: OK | E3: CONFIRMÓ ISABEL- Entrenar en gratitud con todo | G3: ok | H3: ok
A4: ALEXANDRA TAPULLIMA CORDOVA | B4: 11 | C4: JOYCE | D4: NC
A5: ALLYZON LEON SUAREZ | B5: 12 | C5: KRISCIA | D5: NP | E5: CONFIRMÓ ISABEL - Confirma el jueves / INTERVENCION QUIRURGICA | H5: ok
A6: DIANA MOSCOSO | B6: 12 | C6: KRISCIA | D6: OK | E6: SER AUTENTICA - QUE LAS PERSONAS SE ENAMOREN DE ELLOS MISMOS Y SUS SUEÑOS | G6: ok | H6: ok
A7: ANAMELVA QUIÑONES BELTRÁN | B7: 11 | C7: KRISCIA | D7: NO | E7: CONFIRMÓ ISABEL - Se quiere entrenar en divertirse sin mucho analisis | G7: ok | H7: ok
A8: HELAR MUGURUZA | B8: 12 | C8: KRISCIA | D8: OK | E8: CONFIRMÓ ISABEL - PARTICIPAR EN GRATITUD (MUDANZA FAMILIA A LIMA) | G8: ok | H8: ok
A9: ANGELLA BOLLET | B9: 13 | C9: JOYCE | D9: NP | E9: CONFIRMÓ ISABEL - Alterar mis relaciones a que sean extraordinarias, requiero conectar con las personas. (Llamar a Linid)
A10: ANGELLO GERONIMO PANTA MORALES | B10: 17 | C10: GARETH | D10: NP | E10: SALUD
A11: ANITA FLORES TIPISMANA | B11: 19 | C11: KRISCIA | D11: NP | E11: VIAJE ENERO HIJA - BRASIL
A12: ANTHONY WILLIAMS VARGAS ZAMBRANO | B12: 19 | C12: GARETH | D12: NC
A13: BRITNEY SAFIRO OLENKA DELGADO QUIÑONES | B13: 13 | C13: KRISCIA | D13: NP
A14: CAMILA VERASTEGUI | B14: 19 | C14: GARETH | D14: NP
A15: CARMEN PÉREZ PÉREZ | B15: 14 | C15: KRISCIA | E15: PRUEBA QT
A16: RAUL CHAVEZ INCHE | B16: 13 | C16: JOYCE | D16: OK | E16: CONFIRMÓ ISABEL - Entrenar en tenerlo todo y ser entrenador de potencial humano | G16: ok | H16: ok
A17: CLAUDIA GALVEZ | B17: 17 | C17: GARETH | D17: NR | E17: CONFIRMÓ ISABEL / | G17: ok
A18: CONSUELO LAURA BALTAZAR ROSALES | B18: 19 | C18: JOYCE | D18: NC | E18: NO CONTESTA LLAMADA
A19: CRISTIAN ARONE | B19: 15 | C19: JOYCE | D19: NO | E19: CONFIRMÓ ISABEL
A20: CRISTIAN SANCHEZ TRINIDAD | B20: 20 | C20: GARETH | D20: NC | E20: mensaje | H20: ok
A21: DARNER ISZAT DIAZ ZAPANA | B21: 18 | C21: GARETH | D21: NC
A22: DIANA CAROLINA CCOSCCO GUTIéRREZ | B22: 18 | C22: GARETH | D22: NP
A23: RHANIA UNTIVEROS | B23: 14 | C23: GARETH | D23: OK | E23: CONFIRMÓ ISABEL / Ser una mujer abundante | G23: ok | H23: ok
A24: DIANA REYNA RAMOS OROSCO | B24: 19 | C24: GARETH | D24: SIG | E24: E25 - MANAGER
A25: DIEGO HECTOR BARBIERI GALECIO | B25: 11 | C25: KRISCIA | D25: XC | E25: LIDERAZGO
A26: ROCIO AYVAR VEGA | B26: 14 | C26: GARETH | D26: OK | E26: SER IMPACTO | G26: ok | H26: ok
A27: ELIZABETH MORALES | B27: 15 | C27: JOYCE | D27: NO | E27: CONFIRMÓ ISABEL - | G27: no | H27: ok
A28: ELVIS CUELLAR | B28: 8 | C28: JOYCE | D28: NP | E28: MESA DE ENROLLAMIENTO
A29: ERIKA LIZETH NORENA DURAND | B29: 17 | C29: JOYCE | D29: NO | E29: CONFIRMÓ ISABEL - Entrenarse en dejar de procastinar y tener mas liderazgo en mis proyectos | G29: ok | H29: ok
A30: FABIO ALESSANDRO CANQUY LLOYD | B30: 19 | C30: JOYCE | D30: NC | E30: VOLVER A LLAMAR
A31: FABRICIO JAIR, CARDENAS ALTA MIRANO | B31: 19 | C31: JOYCE | D31: NP | E31: E26
A32: FELIPE ALEJANDRO MALLQUI TRUJILLO | B32: 20 | C32: JOYCE | D32: NO | E32: Ser fuente de inspiración para otros como aliado desde la evidencia que ha creado.
A33: FERNANDO ABEL LOPEZ LOPEZ | B33: 18 | C33: GARETH | D33: NO | E33: MANAGER E23
A34: ROXANA FLORENTINA BORJAS ORMEÑO | B34: 14 | C34: KRISCIA | D34: OK | E34: SER SU PALABRA | G34: ok | H34: ok
A35: FIORELA GUTIERREZ SAAVEDRA | B35: 19 | C35: GARETH | D35: NC
A36: FLOR DE CANTUTA TELLO SARMIENTO | B36: 14 | C36: GARETH | D36: SIG | E36: E25 | H36: ok
A37: FUEL DURAND HUAYNATE | B37: 12 | C37: GARETH | D37: NP
A38: GABRIELA KATERINNE JARA NARCISO | B38: 18 | C38: KRISCIA | D38: NC
A39: GABRIELA ÑAUPARI | B39: 15 | C39: KRISCIA | D39: OK | E39: CONFIRMÓ ISABEL - PARARSE EN COMPROMISO Y EN CREAR RELACIONES EXTRAORDINARIAS | G39: ok | H39: ok
A40: GERALDINE STEPHANIE OTRERA CACÑAHUARAY | B40: 15 | C40: GARETH | D40: OK | E40: CONFIRMÓ ISABEL / MANAGER / generar 3k de ganancia en venta de accesorios | G40: ok | H40: ok
A41: GERALDINE VANESSA SOTOMAYOR BAZAN | B41: 10 | C41: JOYCE | D41: NO | E41: CONFIRMO ISABEL - Llevar sus marcas de emprendimiento a otro nivel para ser independiente | G41: no | H41: ok
A42: MARINA ROJAS | B42: 15 | C42: GARETH | D42: OK | E42: CONFIRMÓ ISABEL / APASIONADA | G42: ok | H42: ok
A43: GIOVANA ELIZABETH PALOMINO MARCOS | B43: 16 | C43: KRISCIA | D43: NP | E43: MANAGER E23
A44: GIOVANNI GIUSSEPPE MIRANDA MALPARTIDA | B44: 17 | C44: GARETH | D44: NR | E44: Ser conferencista | G44: ok
A45: GIULIANA CRISTINA BECERRA CANTELLA | B45: 15 | C45: KRISCIA | D45: NC
A46: GUSTAVO ADOLFO FERNANDEZ ESPINOZA | B46: 17 | C46: KRISCIA | D46: NC
A47: PATRICIA CRUZADO | B47: 15 | C47: GARETH | D47: OK | E47: CONFIRMÓ ISABEL/ manager / que su negocio funcione sin ella dirigirlo | G47: ok | H47: ok
A48: HERMÓGENES UNTIVEROA CISNEROS | B48: 11 | C48: JOYCE | D48: NC | E48: EVADE LLAMADAS
A49: HIPOLITA SaNCHEZ MEDINA | B49: 20 | C49: JOYCE | D49: NP | E49: Aliada E25
A50: JAMPIER PIERO POLICARPO VERA | B50: 17 | C50: GARETH | D50: NC | E50: mensaje
A51: JANET DURAND YARASQUI | B51: 11 | C51: KRISCIA | D51: NP | E51: TRABAJO FUERA DE LIMA - LORETO / E25 (DESCANSA FEBRERO DEL 18 - 25 )
A52: KATHY LILIBET QUISPE ARENAS | B52: 16 | C52: KRISCIA | D52: OK | E52: SER SU PALABRA | H52: ok
A53: JEAN CARLOS RIOS | B53: 13 | C53: GARETH | D53: NC | E53: mensaje
A54: JEANNET LEON LEDESMA | B54: 10 | C54: KRISCIA | D54: NC | E54: E24
A55: JENNY BETZABET ESPINAL | B55: 16 | C55: GARETH | D55: NP
A56: JESSICA CONGA HUARCAYA | B56: 14 | C56: JOYCE | D56: NC | E56: NO CONTESTA LLAMADA
A57: JESSICA GUISELLE MORALES VEGA | B57: 18 | C57: JOYCE | D57: NP | E57: MESA DE ENROLLAMIENTO E24 VIERNES
A58: JHEN PONCE | B58: 7 | C58: GARETH | D58: NO | E58: CONFIRMÓ ISABEL / MANAGER | G58: ok - sin camara | H58: ok
A59: JIMENA MARIBEL PLASENCIA AGUILAR | B59: 16 | C59: JOYCE | D59: NP | E59: E25 ALIADA
A60: JOHNNY EDUARDO HUÁNUCO ARELLANO | B60: 12 | C60: JOYCE | D60: NC | E60: VOLVER A LLAMAR A LAS 18H15
A61: JORGE EDUARDO CHALCO CCASA | B61: 16 | C61: KRISCIA | D61: NP | E61: TRABAJO / GESTIONANDO
A62: JOSÉ BLADIMER RAMOS SIQUEROS | B62: 10 | C62: KRISCIA | D62: NC
A63: JOSE ELIAS BALTAZAR ROSALES | B63: 19 | C63: KRISCIA | D63: XC
A64: JOSE GUILLERMO CURI SALVADOR | B64: 17 | C64: KRISCIA | D64: NO | H64: ok
A65: JUANA MARIA FALCON ROJAS | B65: 10 | C65: GARETH | D65: NP | E65: MV para ir de servicio
A66: LELY MELUSA ALTAMIRANO LLANTOY | B66: 16 | C66: JOYCE | D66: OK | G66: ok | H66: ok
A67: FERNANDO LOPEZ MELO | B67: 17 | C67: JOYCE | D67: OK | E67: COMPROMETIDO PARA ALIADO EN ENERO | G67: ok | H67: ok
A68: URSULA LAY GUILLEN | B68: 17 | C68: KRISCIA | D68: OK | E68: CONFIRMÓ ISABEL | G68: ok | H68: ok
A69: LEONARDO QUISPE TRUJILLO | B69: 20 | C69: KRISCIA | D69: NO
A70: LILIANA JACKELINE CHU COELLO | B70: 19 | C70: KRISCIA | D70: NP | E70: VIAJE POR 6 MESES | H70: ok
A71: LUCAS ALBERTO SANCHEZ SILVA | B71: 15 | C71: JOYCE | D71: NP | E71: E25 | H71: ok
A72: YENNY FLORES TIPISMANA | B72: 17 | C72: JOYCE | D72: OK | E72: CONFIRMÓ ISABEL - Entrenarme en esas relaciones con los míos. | G72: ok | H72: ok
A73: LUISA PÉREZ CHINCHAY | B73: 12 | C73: JOYCE | D73: NO | H73: ok
A74: LUISA UGARTE | B74: LQ | C74: GARETH | D74: NP | H74: ok
A75: ANA CARINA CáRDENAS TERREROS | B75: 18 | C75: GARETH | D75: OK | E75: CONFIRMÓ ISABEL | G75: ok | H75: ok
A76: LUZ MABEL CHIPANA VEGA | B76: 8 | C76: KRISCIA | D76: NP | E76: INICIA CLASES DISEÑO DE MODA
A77: MAICHOL EDSON FUENTES CALLAUA | B77: 19 | C77: JOYCE | D77: NO | E77: Seguir creando y alterando mi contexto de alto rendiemiento para tener resutlados que quiero en mi vida | G77: ok | H77: ok
A78: MARIA CELLI HUAYANCA DIAZ | B78: 11 | C78: GARETH | D78: NO
A79: MARIA ELENA ROMERO | B79: 13 | C79: KRISCIA | D79: NC | E79: FUERA DE LIMA / SALUD FAMILIAR/ TELEFONO SIN SEÑAL
A80: MARÍA JESÚS CARRASCO LLATAS | B80: 13 | C80: GARETH | D80: NO
A81: MARIBEL ROBERTA ESPAÑA ZAMBRANO | B81: 15 | C81: JOYCE | D81: NC
A82: MARIELA MORI DETT | B82: 18 | C82: KRISCIA | D82: NP | E82: NO PUEDE POR TEMAS DE SALUD BRAZO - SIGUE EN TRATAMIENTO
A83: AARON MIGUEL SURCO CORIMAYA | B83: 20 | C83: GARETH | D83: OK | E83: CONFIRMÓ ISABEL / AMOROSO | G83: ok | H83: ok
A84: MARIO VICENTE PAUL MONTEJOS FIDEL | B84: 20 | C84: KRISCIA | D84: NC
A85: MILAGROS YULIANA SOTO RIVERA | B85: 20 | C85: GARETH | D85: SIG | E85: E25
A86: MONICA FABIOLA FERNANDEZ ESPINOZA | B86: 19 | C86: KRISCIA | D86: NC | E86: E24 ENERO COMPROMISO! | H86: ok
A87: NADIA ZEGARRA TOLENTINO | B87: 18 | C87: JOYCE | D87: NC | E87: SE DEJO MENSAJE
A88: NICOLE BERTHA MUnOZ URQUIAGA | B88: 20 | C88: KRISCIA | D88: NR | E88: VIVIR EN EL PRESENTE - GESTIONAR EL CONTROL (NO RESISTIÓ) | G88: ok
A89: NOELIA GUTIERREZ | B89: LQ | C89: KRISCIA | D89: NR | E89: SER ABUNDANCIA
A90: NOELIA VIRGINIA COTRINA LABRIANO | B90: 19 | C90: JOYCE | D90: NP | E90: SE SUMA AL E25 A LO QUE REGRESE DE SU VIAJE
A91: NORA ANAYA ESPINOZA | B91: 14 | C91: JOYCE | D91: NC | E91: Indico devolver llamada y ya no contesta
A92: OTTY ZULEY URTEGA SILVA | B92: 18 | C92: JOYCE | D92: NP
A93: PAMELA MELISA MORALES VEGA | B93: 12 | C93: JOYCE | D93: XC | E93: CONFIRMÓ ISABEL - Confirma el viernes
A94: ANGEL ENRIQUE YONG LAU | B94: 20 | C94: JOYCE | D94: OK | E94: CONFIRMÓ ISABEL - Entrenarse en ser energía para sus gente. | G94: ok | H94: ok
A95: PATRICIA RIOS | B95: 13 | C95: KRISCIA | D95: NO | E95: CONFIRMÓ ISABEL - SER INSPIRACIÓN , AMOR, | H95: ok
A96: PIERO ALESSANDRO PORTAL PASQUEL | B96: 14 | C96: GARETH | D96: NP
A97: PILAR DE LA CRUZ | B97: 13 | C97: GARETH | D97: SIG
A98: RAQUEL RIVEROS RAMOS | B98: 13 | C98: JOYCE | D98: NP | E98: E23 - Apoyo como mesa en CAP1
A99: CAROLINA VICTORIA MANRIQUE HUARANCA | B99: 20 | C99: JOYCE | D99: OK | E99: CONFIRMÓ ISABEL | G99: ok | H99: ok
A100: ELIZABETH HUAMANI PALOMINO | B100: 20 | C100: GARETH | D100: OK | E100: CONFIRMÓ ISABEL / ARRIESGADA / MANAGER | G100: ok | H100: ok
...

Sheet ALIADOS C1 E23
A1: CAPITAN
A2: CREADOR CUANTICO | B2: EQUIPO | C2: RESPONSABLE | D2: ESTADO | E2: OBSERVACIONES | F2: QT | G2: reto1 | H2: Grounding
A3: ROCIO DE LA CRUZ HUAYTALLA | B3: 4 | C3: GARETH | D3: NC | E3: (corta llamada)
A4: ELVIS CUELLAR | B4: 8 | C4: GARETH | D4: NC
A5: LUZ MABEL CHIPANA VEGA | B5: 8 | C5: GARETH | H5: ok
A6: TONNY GUTIERREZ | B6: 8 | C6: KRISCIA | D6: NP | E6: TRABAJO
A7: JEANNET LEON LEDESMA | B7: 10 | C7: JOYCE | D7: NP | E7: E24
A8: JUANA MARIA FALCON ROJAS | B8: 10 | C8: GARETH | D8: NP | E8: TRABAJO
A9: YUSMELY DESIREE GARCIA LLOVERA | B9: 10 | C9: JOYCE | E9: TRABAJO
A10: JOSÉ BLADIMER RAMOS SIQUEROS | B10: 10 | C10: GARETH | E10: MANAGER | H10: ok
A11: MARIA CELLI HUAYANCA DIAZ | B11: 11 | C11: GARETH
A12: HERMÓGENES UNTIVEROA CISNEROS | B12: 11 | C12: JOYCE | E12: apagado
A13: JANET DURAND YARASQUI | B13: 11 | C13: KRISCIA | D13: NP | E13: TRABAJO FUERA DE LIMA
A14: JUANA ZARELA RODRIGUEZ GUERRERO | B14: 12 | C14: KRISCIA | D14: NP
A15: PAMELA MELISA MORALES VEGA | B15: 12 | C15: JOYCE | D15: NP | E15: APOYARA EN MESA VIERNES Y SABADO CAP1
A16: CARMEN JOSELINA VALENCIA GUZMAN | B16: 12 | C16: JOYCE | D16: NP
A17: SHIRLEY RIVERA HUAMAN | B17: 12 | C17: KRISCIA | D17: NP | E17: temas de salud
A18: JOHNNY EDUARDO HUÁNUCO ARELLANO | B18: 12 | C18: JOYCE | E18: XC
A19: XIOMARA NICOLE QUIJANDRIA MEZA | B19: 12 | C19: GARETH | D19: NC | E19: CLASES
A20: FUEL DURAND HUAYNATE | B20: 12 | C20: KRISCIA | D20: NP | E20: VIAJE
A21: LUISA PÉREZ CHINCHAY | B21: 12 | C21: GARETH | E21: MANAGER | H21: ok
A22: YANINA ESTEFANIA MEJIA ROMERO | B22: 13 | C22: KRISCIA | D22: NC
A23: JIMENA PLASENCIA | B23: 13 | C23: GARETH
A24: MARIA ELENA ROMERO | B24: 13 | C24: KRISCIA | D24: NP | E24: FUERA DE LIMA / SALUD FAMILIAR
A25: PILAR DE LA CRUZ | B25: 13 | C25: KRISCIA | D25: NP | E25: MESA DOMINGO
A26: RAQUEL RIVEROS RAMOS | B26: 13 | C26: JOYCE | D26: OK | E26: E23 | H26: ok
A27: LIBBY FIORELA HUAYTALLA SANCHEZ | B27: 13 | C27: KRISCIA | D27: NP | E27: A partir de Enero
A28: MARÍA JESÚS CARRASCO LLATAS | B28: 13 | C28: GARETH | D28: NC | E28: cuelga
B29: 13 | C29: JOYCE | E29: VIAJE COLOMBIA FI
A30: RAUL CAHVEZ INCHE | B30: 13 | C30: GARETH | D30: NP
A31: BRITNEY SAFIRO OLENKA DELGADO QUIÑONES | B31: 13 | C31: GARETH | H31: ok
A32: JEAN CARLOS RIOS | B32: 13 | C32: KRISCIA
A33: ROCIO AYVAR VEGA | B33: 14 | C33: JOYCE | H33: ok
A34: JESSICA CONGA HUARCAYA | B34: 14 | C34: GARETH | D34: NC
A35: CARMEN PÉREZ PÉREZ | B35: 14 | C35: GARETH | D35: NP | E35: VIAJA A CONVENCION POR SU EMPRENDIMIENTO
A36: FLOR DE CANTUTA TELLO SARMIENTO | B36: 14 | C36: KRISCIA | D36: NP | E36: FUERA DE LIMA
A37: NORA ANAYA ESPINOZA | B37: 14 | C37: KRISCIA | D37: NP | E37: FUERA DE LIMA
A38: RONY LANDEO | B38: 14 | C38: JOYCE | D38: NP | E38: Para el siguiente - quiere ser entrenador E24
A39: PILAR CUADRAO CARRUITERO | B39: 14 | C39: GARETH | D39: NP | E39: trabajo, no la escucho queriendo participar
A40: SONIA POLANCO CABEZA | B40: 14 | C40: GARETH | D40: NC
A41: ROXANA FLORENTINA BORJAS ORMEÑO | B41: 14 | C41: KRISCIA | H41: ok
A42: MARIBEL ROBERTA ESPAÑA ZAMBRANO | B42: 15 | C42: KRISCIA | D42: NP
A43: GIULIANA CRISTINA BECERRA CANTELLA | B43: 15 | C43: GARETH | D43: NC
B44: 15 | C44: JOYCE
A45: ANA CARINA CáRDENAS TERREROS | B45: 15 | C45: GARETH | D45: SIG | E45: E24
A46: Se ha habilitado una nueva oportunidad para ti: | B46: 15 | C46: JOYCE | D46: NP | E46: E24
B47: 15 | C47: KRISCIA | D47: NP | E47: TRABAJO
A48: 🗓 Fechas: 28, 29 y 30 de Noviembre | B48: 15 | C48: GARETH | D48: SIG | E48: ENERO
A49: LUCAS ALBERTO SANCHEZ SILVA | B49: 15 | C49: GARETH | D49: XC
A50: JESSICA PILAR LOPEZ LOPEZ | B50: 16 | C50: JOYCE | D50: OK | E50: ALIADA EQUIPO 23 | H50: ok
B51: 16 | C51: JOYCE | D51: NP | E51: Númeto sin servicio
A52: Si estás interesado en participar, solo responde a este mensaje con: | B52: 16 | C52: KRISCIA | D52: NP
A53: Sí asistiré | B53: 16 | C53: JOYCE | D53: NP
B54: 16 | C54: KRISCIA
B55: 16 | C55: JOYCE | E55: CORTA LLAMADA - gareth
A56: ¡Será un gusto tenerte con nosotros! 💛 | B56: 16 | C56: KRISCIA | D56: NC
A57: SOFIA ALLCCA LLACCHUAS | B57: 16 | C57: JOYCE
A58: LELY MELUSA ALTAMIRANO LLANTOY | B58: 16 | C58: GARETH
A59: JORGE EDUARDO CHALCO CCASA | B59: 16 | C59: GARETH | D59: NP | E59: TRABAJO
A60: JENNY BETZABET ESPINAL | B60: 16 | C60: JOYCE | D60: NP | E60: se encuentra cudiado a su papá hospitalziado - siguiente E23
A61: YENNY FLORES TIPISMANA | B61: 16 | C61: KRISCIA | H61: ok
A62: GIOVANA ELIZABETH PALOMINO MARCOS | B62: 16 | C62: KRISCIA | D62: OK | H62: ok
A63: SARAI MESIAS TOLENTINO | B63: 17 | C63: GARETH | D63: NC | E63: SIN SERVICIO
A64: LIZETH PATRICIA ACUÑA MATOS | B64: 17 | C64: JOYCE | D64: NP
A65: RICARDO MAURICIO TRUJILLO MONTOYA | B65: 17 | C65: GARETH
A66: ROGGER ALCANTARA GUERRERO | B66: 17 | C66: KRISCIA | D66: NP | E66: FUERA DE LIMA / SALUD
A67: ERIKA LIZETH NORENA DURAND | B67: 17 | C67: KRISCIA | D67: NP | E67: ALIADA 23
A68: FERNANDO HERNAN VENTURA ESPINOZA | B68: 17 | C68: JOYCE | D68: NP | E68: Se enviar mensaje porque no responde
A69: JAMPIER PIERO POLICARPO VERA | B69: 17 | C69: KRISCIA | E69: ALIADO 23 | H69: ok
A70: SAUL FLAVIO CRUZADO MAMANI | B70: 17 | C70: KRISCIA | D70: NP | E70: CORTA LLAMADA
A71: URSULA LAY GUILLEN | B71: 17 | C71: JOYCE | D71: NP
A72: ANGELLO GERONIMO PANTA MORALES | B72: 17 | C72: GARETH | D72: NP | E72: Tema de salud - operación
A73: ROSSANA STEPHANY TRUJILLO MONTOYA | B73: 17 | C73: GARETH | D73: NC | E73: TRABAJO
A74: GUSTAVO ADOLFO FERNANDEZ ESPINOZA | B74: 17 | C74: KRISCIA | D74: NP
A75: ANGEL EDUARDO VELIZ YSLA | B75: 17 | C75: JOYCE | E75: Para el siguiente - viaja a Chimbote a la mina
A76: FERNANDO LOPEZ MELO | B76: 17 | C76: KRISCIA | D76: SIG | E76: COMPROMETIDO PARA ALIADO EN ENERO
A77: ANAMELVA QUIÑONES BELTRÁN | B77: 17 | C77: KRISCIA
A78: NADIA ZEGARRA TOLENTINO | B78: 18 | C78: JOYCE | D78: NP | E78: TRABAJO
A79: GABRIELA KATERINNE JARA NARCISO | B79: 18 | C79: JOYCE | D79: NP | E79: apagado
A80: DARNER ISZAT DIAZ ZAPANA | B80: 18 | C80: JOYCE | D80: NO
A81: RONALD HENRY CARITA CANSAYA | B81: 18 | C81: GARETH | D81: SIG | E81: ALIADO 24
A82: MARIELA MORI DETT | B82: 18 | C82: JOYCE | D82: NP | E82: NO PUEDE POR TEMAS DE SALUD BRAZO - ENERO
A83: DIANA CAROLINA CCOSCCO GUTIéRREZ | B83: 18 | C83: JOYCE | D83: NP | G83: CLAUDIA CATHERINE LÓPEZ JARAMILLO
A84: OTTY ZULEY URTEGA SILVA | B84: 18 | C84: GARETH | D84: OK | E84: TRABAJO | H84: ok
A85: ROXANA ELIZABETH AYVAR VEGA | B85: 18 | C85: KRISCIA | D85: NP | E85: VIAJE DE TRABAJO | G85: FIORELA GUTIERREZ SAAVEDRA
A86: FERNANDO ABEL LOPEZ LOPEZ | B86: 18 | C86: JOYCE | D86: OK | E86: E23 | H86: ok
A87: JESSICA GUISELLE MORALES VEGA | B87: 18 | C87: KRISCIA | D87: OK | G87: MAICHOL EDSON FUENTES CALLAUA | H87: ok
A88: CRISTINA MARTINEZ PUENTE | B88: 18 | C88: KRISCIA | D88: OK | H88: ok
A89: DIANA REYNA RAMOS OROSCO | B89: 19 | C89: KRISCIA
A90: GISSELLA HUAMAN CELESTINO | B90: 19 | C90: KRISCIA | D90: OK | H90: ok
A91: ANITA FLORES TIPISMANA | B91: 19 | C91: KRISCIA | H91: ok
A92: ANTHONY WILLIAMS VARGAS ZAMBRANO | B92: 19 | C92: KRISCIA | H92: ok
A93: NOELIA VIRGINIA COTRINA LABRIANO | B93: 19 | C93: KRISCIA | E93: MANAGER | H93: ok
A94: DAVID EMERSON CONTRERAS LUCHINE | B94: 19 | C94: GARETH | D94: OK | H94: ok
A95: ROSA VANEZA RAMIREZ HUALLPA | B95: 19 | C95: KRISCIA | D95: OK | H95: ok
A96: FABIO ALESSANDRO CANQUY LLOYD | B96: 19 | C96: KRISCIA | H96: ok
A97: JOSE ELIAS BALTAZAR ROSALES | B97: 19 | C97: JOYCE | D97: OK | H97: ok
A98: CAMILA VERASTEGUI | B98: 19 | C98: KRISCIA | D98: SIG | E98: E24
A99: FABRICIO JAIR, CARDENAS ALTA MIRANO | B99: 19 | C99: KRISCIA | D99: NP | E99: CLASES
A100: LILIANA JACKELINE CHU COELLO | B100: 19 | C100: KRISCIA | D100: NP | E100: VIAJE POR 6 MESES
...

Sheet ALIADOS C1 E20
A1: CAPITAN | B1: Joselyn Alexandra Tapullima Cordova
A2: CREADOR CUANTICO | B2: EQUIPO | C2: RESPONSABLE | D2: ESTADO | E2: OBSERVACIONES | F2: QT | G2: STATUS
A3: ALEXANDRA TAPULLIMA CORDOVA | B3: 11 | C3: LINID | D3: OK
A4: ARIANA MERCEDES GUEVARA MELENDEZ | B4: 8 | C4: LINID
A5: AVRIL ESTEPHANIA GARCIA MEDINA | B5: 16 | C5: CAPITANA | D5: OK
A6: BETTY YANETH QUIÑONES BELTRAN | B6: 13 | C6: LINID | D6: OK
A7: BLANCA LUZ CHACHAYMA MARCOS | B7: 16 | C7: CAPITANA | D7: OK
A8: BRYAN RODNEY LÓPEZ | B8: 14 | C8: PAMELA | D8: SIG | E8: CONFIRMÓ A JUANMA
A9: CARLOS HUMBERTO MENDOZA PICOAGA | B9: 16 | C9: CAPITANA | D9: SIG | E9: SE LE CRUZA CON VIAJES
A10: CARMEN JOSELINA VALENCIA GUZMAN | B10: 12 | C10: LINID | E10: Estudio- Cap 18
A11: CARMEN PÉREZ PÉREZ | B11: 14 | C11: PAMELA | D11: NC
A12: CRISTINA CUBA RIOS | B12: 11 | C12: LINID | D12: NO
A13: DAINA AYELEN MARTINEZ FLORES | B13: 16 | C13: KRISCIA | D13: NC
A14: DIEGO HECTOR BARBIERI GALECIO | B14: 11 | C14: CAPITANA | D14: OK
A15: ELIZABETH MORALES CARCELEN | B15: 11 | C15: CAPITANA | D15: OK
A16: DORA LUISA BALTODANO SANDOVAL | B16: 14 | C16: KRISCIA | D16: NP | E16: TEMAS LABORALES
A17: GIOVANA ELIZABETH PALOMINO MARCOS | B17: 16 | C17: CAPITANA | D17: OK
A18: JEAN NUÑEZ | B18: EXTERNO | C18: PAMELA | D18: OK
A19: JENNY BETSABET ESPINAL BALTAZAR | B19: 16 | C19: CAPITANA | D19: OK
A20: FLOR DE CANTUTA TELLO SARMIENTO | B20: 14 | C20: KRISCIA | D20: NP | E20: FUERA DE LIMA
A21: JIMENA MARIBEL PLASENCIA AGUILAR | B21: 16 | C21: KRISCIA | E21: SER COMPROMISO
A22: GERALDINE STEPHANIE OTRERA CACÑAHUARAY | B22: 15 | C22: PAMELA
A23: GIAN CARLO MINCHOLA VALDIVIA | B23: 14 | C23: PAMELA | D23: NC
A24: JOEL JULIO ANTAURCO PEREZ | B24: 15 | C24: CAPITANA
A25: JORGE EDUARDO CHALCO CCASA | B25: 16 | C25: JOSE | D25: OK
A26: GLADYS CONDE QUISPE | B26: 16 | C26: KRISCIA | D26: SIG | E26: CUSCO
A27: JOSE ALONSO GALVEZ LOPEZ | B27: 16 | C27: KRISCIA | E27: SER PALABRA, CREADOR
A28: HELAR MUGURUZA | B28: 14 | C28: PAMELA | D28: NC
A29: JUTSU EUGENIO JARAMILLO PINEDO | B29: 15 | C29: KRISCIA | E29: PODER
A30: JANET DURAND YARASQUI | B30: 11 | C30: PAMELA | D30: XC
A31: KATHERINE LILIBET QUISPE ARENAS | B31: 16 | C31: JOSE | D31: OK | E31: PARA QUE …
A32: JEANNET LEON LEDESMA | B32: 10 | C32: LINID
A33: KATIA MELVA DE PAZ FIGUEROA | B33: 16 | C33: KRISCIA | D33: OK | E33: SER ENERGIA
A34: JESSICA CONGA HUARCAYA | B34: 14 | C34: PAMELA | D34: NC
A35: JESSICA PILAR LOPEZ LOPEZ | B35: 16 | C35: JOSE | D35: SIG | E35: DUALIADAD ENTRE EL ENTRENAMIENTO EN ECU Y EL ENTRENAMIENTO COMO ALIADOS
A36: JESUS JULIO ANTAURCO PEREZ | B36: 14 | C36: PAMELA | D36: NP
A37: LUIS ALBERTO HERNÁNDEZ MENDOZA | B37: 11 | C37: CAPITANA | D37: OK
A38: LUZ MABEL CHIPANA VEGA | B38: 15 | C38: CAPITANA | D38: OK
A39: JOHAN JENRRY LOZANO PONCE | B39: 16 | C39: PAMELA
A40: JOHNNY EDUARDO HUÁNUCO ARELLANO | B40: 12 | C40: PAMELA | D40: NC
A41: MARINA PATRICIA CRUZADO MAMANI | B41: 15 | C41: LINID | D41: OK | E41: CONFIRMÓ A JUANMA | F41: ROBERTO
A42: MIRIAM GISELLA MENDOZA PILCO | B42: 16 | C42: CAPITANA | D42: OK
A43: PAUL GAMARRA | B43: EXTERNO | C43: CAPITANA | D43: OK
A44: JUANA ZARELA RODRIGUEZ GUERRERO | B44: 12 | C44: LINID | D44: NO | E44: Clases - Cap 18
A45: JUDY DIANA ARQUISE ESPINOZA | B45: 13 | C45: LINID | D45: NC
A46: PIERO ALESSANDRO PORTAL PASQUEL | B46: 14 | C46: CAPITANA | D46: OK
A47: RHANIA SHADEN UNTIVEROS REQUEJO | B47: 14 | C47: CAPITANA | D47: OK
A48: DIANA YESENIA MOSCOSO ROBLES | B48: 12 | C48: CAPITANA
A49: KRESLY STEFANNY MATÍAS URIOL | B49: 15 | C49: KRISCIA | D49: SIG
A50: LELY MELUSA ALTAMIRANO LLANTOY | B50: 16 | C50: PAMELA
A51: LIANA ELSA CASTRO PIETRO GONZALES | B51: 13 | C51: KRISCIA | D51: XC
A52: LIBBY FIORELA HUAYTALLA SANCHEZ | B52: 13 | C52: LINID | D52: NC
A53: LIMBER ELOY QUISPE | B53: 14 | C53: KRISCIA | D53: SIG | E53: E21
A54: D'YANIRA ALLYZON LEON SUAREZ | B54: 12 | C54: CAPITANA
A55: LUZ ANGELICA MEDRANO DE MEZA | B55: 15 | C55: PAMELA
A56: FIDEL TANGOA ORACO | B56: 16 | C56: CAPITANA
A57: FUEL DURAND HUAYNATE | B57: 12 | C57: CAPITANA
A58: GIULIANA CRISTINA BECERRA CANTELLA | B58: 15 | C58: CAPITANA
A59: GREZIA MARÍA JOLLY VERA | B59: 15 | C59: KRISCIA | E59: EMPODERAMIENTO
A60: MARIBEL ROBERTA ESPAÑA ZAMBRANO | B60: 15 | C60: PAMELA
A61: MARLLORY ULLOA USQUIANO | B61: 8 | C61: KRISCIA | D61: NC
A62: MILAGROS CASTAÑEDA ORBE | B62: 10 | C62: KRISCIA | D62: SIG
A63: HERMÓGENES UNTIVEROA CISNEROS | B63: 11 | C63: CAPITANA
A64: NATHALY SUSY LANDA OCHOA | B64: 15 | C64: KRISCIA | D64: SIG
A65: NORA ANAYA ESPINOZA | B65: 14 | C65: KRISCIA | D65: NP | E65: FUERA DE LIMA
A66: NORIS RIAÑO ZUBIETA | B66: 15 | C66: KRISCIA | D66: NC
A67: NURY LUISA DEL CARMEN MARCA | B67: 9 | C67: LINID
A68: JOSE ISRAEL MAQUERA MONTOYA | B68: 16 | C68: CAPITANA
A69: PATRICIA RIOS ROSSELL | B69: 13 | C69: PAMELA | D69: NP | E69: CONFIRMÓ A JUANMA
A70: MANUEL YAKIMA RIVERA TOYAMA | B70: 7 | C70: CAPITANA
A71: MARIA ISABEL REYNOSO ARENAS | B71: 16 | C71: JOSE | E71: para ser comprometida , PARA QUE pendinte
A72: PILAR CUADRAO CARRUITERO | B72: 14 | C72: PAMELA | D72: NC
A73: REYNA JARAMILLO | B73: 14 | C73: KRISCIA | D73: NC
A74: MARÍA JESÚS CARRASCO LLATAS | B74: 13 | C74: CAPITANA
A75: ROBERTO CARRANZA TOLENTINO ANGULO | B75: 15 | C75: KRISCIA | D75: SIG
A76: RONY LANDEO | B76: 14 | C76: PAMELA | D76: NC
A77: ROXANA FLORENTINA BORJAS ORMEÑO | B77: 14 | C77: KRISCIA | D77: NC
A78: ODALIS RIVERA OSORES | B78: 16 | C78: CAPITANA
A79: SADITH KRY LÓPEZ HERRERA | B79: 13 | C79: PAMELA | D79: NC
A80: SEBASTIÁN JOSÉ ALVARADO CABRERA | B80: 15 | C80: PAMELA | D80: SIG | E80: CONFIRMÓ A JUANMA
A81: SHEILA DE LA CRUZ HUAYTALLA | B81: 15 | C81: KRISCIA | D81: SIG
A82: SHIRLEY RIVERA HUAMAN | B82: 12 | C82: LINID
A83: SOFIA ALLCCA LLACCHUAS | B83: 16 | C83: KRISCIA | D83: NC
A84: SONIA POLANCO CABEZA | B84: 14 | C84: KRISCIA | D84: SIG | E84: TRABAJO
A85: RUMI MONTANO RAMOS | B85: 16 | C85: JOSE
A86: VANESSA SAAVEDRA ORBE | B86: 11 | C86: PAMELA | D86: NP | E86: RETOS LABORALES
A87: TERESA | C87: CAPITANA
A88: XIOMARA NICOLE QUIJANDRIA MEZA | B88: 12 | C88: KRISCIA | D88: SIG
A89: YANINA ESTEFANIA MEJIA ROMERO | B89: 13 | C89: LINID | D89: NO
A90: ROBERTO CONDEZO | B90: 8 | C90: JOSE | D90: OK
A91: VIVIANA ALCANTARA MAURTUA | B91: 4 | C91: KRISCIA | D91: OK
A98: Confirmados | D98: =+COUNTIF(D3:D94,"OK") -> 21
D104: =+D98+4+4 -> 29

Sheet ALIADOS C1 E19
A1: CAPITAN
A2: CREADOR CUANTICO | B2: EQUIPO | C2: RESPONSABLE | D2: ESTADO | E2: OBSERVACIONES | F2: QT | G2: STATUS
A3: CARMEN PÉREZ PÉREZ | B3: 14 | C3: PAMELA | D3: NC
A4: GIAN CARLO MINCHOLA VALDIVIA | B4: 14 | C4: PAMELA | D4: NC
A5: HELAR MUGURUZA | B5: 14 | C5: PAMELA | D5: NC
A6: JESSICA CONGA HUARCAYA | B6: 14 | C6: PAMELA | D6: NC
A7: JOHNNY EDUARDO HUÁNUCO ARELLANO | B7: 12 | C7: PAMELA | D7: NC
A8: JUDY DIANA ARQUISE ESPINOZA | B8: 13 | C8: LINID | D8: NC
A9: LIBBY FIORELA HUAYTALLA SANCHEZ | B9: 13 | C9: LINID | D9: NC
A10: LIMBER ELOY QUISPE | B10: 14 | C10: KRISCIA | D10: NC
A11: PILAR CUADRAO CARRUITERO | B11: 14 | C11: PAMELA | D11: NC
A12: RONY LANDEO | B12: 14 | C12: PAMELA | D12: NC
A13: SADITH KRY LÓPEZ HERRERA | B13: 13 | C13: PAMELA | D13: NC
A14: CRISTINA CUBA RIOS | B14: 11 | C14: LINID | D14: NO
A15: FUEL DURAND HUAYNATE | B15: 12 | C15: LINID | D15: NO | E15: Viaje
A16: JUANA ZARELA RODRIGUEZ GUERRERO | B16: 12 | C16: LINID | D16: NO | E16: Clases - Cap 18
A17: JUTSU EUGENIO JARAMILLO PINEDO | B17: 15 | C17: KRISCIA | D17: NO
A18: LIANA ELSA CASTRO PIETRO GONZALES | B18: 13 | C18: KRISCIA | D18: NO
A19: YANINA ESTEFANIA MEJIA ROMERO | B19: 13 | C19: LINID | D19: NO
A20: JESUS JULIO ANTAURCO PEREZ | B20: 14 | C20: PAMELA | D20: NP
A21: PATRICIA RIOS ROSSELL | B21: 13 | C21: PAMELA | D21: NP | E21: CONFIRMÓ A JUANMA
A22: RHANIA SHADEN UNTIVEROS REQUEJO | B22: 14 | C22: PAMELA | D22: NP | E22: UNIVERSIDAD
A23: VANESSA SAAVEDRA ORBE | B23: 11 | C23: PAMELA | D23: NP | E23: RETOS LABORALES
A24: ANTONY LEO ALTAMIRANO LLACCHUAS | B24: 15 | C24: KRISCIA | D24: OK | E24: LIDERAZGO | F24: LEYLA
A25: CARLOS ALBERTO CASTILLO TIPISMANA | B25: 15 | C25: PAMELA | D25: OK | E25: CONFIRMÓ A JUANMA | F25: LEYLA
A26: FANNY SUSAN ROJAS GALINDO | B26: 15 | C26: PAMELA | D26: OK | F26: LEYLA
A27: JUAN MANUEL NAVARRO GRANDA | B27: 7 | C27: CAPITAN | D27: OK | F27: LEYLA
A28: LUIS HERNANDEZ MENDOZA | B28: 11 | C28: KRISCIA | D28: OK | E28: CONFIRMÓ A JUANMA | F28: LEYLA
A29: MARÍA ELENA ROMERO RAMIREZ | B29: 13 | C29: LINID | D29: OK | E29: CONFIRMÓ A JUANMA | F29: LEYLA
A30: PIERO PORTAL | B30: 14 | C30: KRISCIA | D30: OK | F30: LEYLA
A31: ANGELLA BOLLET GOMEZ | B31: 13 | C31: KRISCIA | D31: OK | E31: CONFIRMÓ A JUANMA | F31: LEYLA
A32: CAMILA LEON MORE | B32: 14 | C32: KRISCIA | D32: OK | E32: CONFIRMÓ A JUANMA | F32: MARCO
A33: DIEGO BARBIERI | B33: 11 | C33: KRISCIA | D33: OK | F33: MARCO
A34: HECTOR ENRIQUE CANQUI VALLADARES | B34: 15 | C34: KRISCIA | D34: OK | E34: CONFIRMÓ A JUANMA | F34: MARCO
A35: LUCAS ALBERTO SANCHEZ SILVA | B35: 15 | C35: PAMELA | D35: OK | E35: CONFIRMÓ A JUANMA | F35: MARCO
A36: MARIA CARRASCO LLATAS | B36: 13 | C36: KRISCIA | D36: OK | E36: CONFIRMÓ A JUANMA | F36: MARCO
A37: NANCY MALPARTIDA FLORES | B37: 15 | C37: KRISCIA | D37: OK | F37: MARCO
A38: ZELMY ALCANTARA GUERRERO | B38: 15 | C38: KRISCIA | D38: OK | E38: CONFIRMÓ A JUANMA | F38: MARCO
A39: BETTY YANETH QUIÑONES BELTRAN | B39: 13 | C39: PAMELA | D39: OK | E39: CONFIRMÓ A JUANMA | F39: ROBERTO
A40: CRISTIAN JONATHAN ARONE CHACHAYMA | B40: 15 | C40: PAMELA | D40: OK | E40: DICE WUE LE CONFIRMO A JUANMA EN VUELOS | F40: ROBERTO
A41: GIULIANA CRISTINA BECERRA CANTELLA | B41: 15 | C41: KRISCIA | D41: OK | E41: SE ENTRENA EN SU LIDERAZGO | F41: ROBERTO
A42: LEISI MEDINA IDROGO | B42: 15 | C42: PAMELA | D42: OK | F42: ROBERTO
A43: LUZ MABEL CHIPANA VEGA | B43: 15 | C43: PAMELA | D43: OK | F43: ROBERTO
A44: MARINA PATRICIA CRUZADO MAMANI | B44: 15 | C44: PAMELA | D44: OK | E44: CONFIRMÓ A JUANMA | F44: ROBERTO
A45: RICARDO MAURICIO TRUJILLO MONTOYA | B45: 12 | C45: PAMELA | D45: OK | E45: CONFIRMÓ A JUANMA | F45: ROBERTO
A46: BRYAN RODNEY LÓPEZ | B46: 14 | C46: PAMELA | D46: SIG | E46: CONFIRMÓ A JUANMA
A47: DORA LUISA BALTODANO SANDOVAL | B47: 14 | C47: KRISCIA | D47: SIG | E47: MAS ADELANTE
A48: FLOR DE CANTUTA TELLO SARMIENTO | B48: 14 | C48: KRISCIA | D48: SIG
A49: GREZIA MARÍA JOLLY VERA | B49: 15 | C49: KRISCIA | D49: SIG
A50: KRESLY STEFANNY MATÍAS URIOL | B50: 15 | C50: KRISCIA | D50: SIG
A51: MARLLORY ULLOA USQUIANO | B51: 8 | C51: KRISCIA | D51: SIG | E51: VACACIONES (ENTRE MAYO - JULIO)
A52: MILAGROS CASTAÑEDA ORBE | B52: 10 | C52: KRISCIA | D52: SIG | E52: CLASES (DESPUES DE AGOSTO)
A53: NATHALY SUSY LANDA OCHOA | B53: 15 | C53: KRISCIA | D53: SIG | E53: LABORAL
A54: NORA ANAYA ESPINOZA | B54: 14 | C54: KRISCIA | D54: SIG | E54: FUERA DE LIMA
A55: REYNA JARAMILLO | B55: 14 | C55: KRISCIA | D55: SIG
A56: ROBERTO CARRANZA TOLENTINO ANGULO | B56: 15 | C56: KRISCIA | D56: SIG | E56: TRABAJO FUERA DELIMA
A57: ROXANA FLORENTINA BORJAS ORMEÑO | B57: 14 | C57: KRISCIA | D57: SIG
A58: SEBASTIÁN JOSÉ ALVARADO CABRERA | B58: 15 | C58: PAMELA | D58: SIG | E58: CONFIRMÓ A JUANMA
A59: SONIA POLANCO CABEZA | B59: 14 | C59: KRISCIA | D59: SIG | E59: VIAJE POR FI (EQUIPO 19)
A60: XIOMARA NICOLE QUIJANDRIA MEZA | B60: 12 | C60: KRISCIA | D60: SIG | E60: CLASES (PUEDE A PARTIR DE JULIO)
A61: JANET DURAND YARASQUI | B61: 11 | C61: PAMELA | D61: XC
A62: SHEILA DE LA CRUZ HUAYTALLA | B62: 15 | C62: KRISCIA | D62: XC
A63: ARIANA MERCEDES GUEVARA MELENDEZ | B63: 8 | C63: LINID
A64: CARMEN JOSELINA VALENCIA GUZMAN | B64: 12 | C64: LINID | E64: Estudio- Cap 18
A65: GERALDINE STEPHANIE OTRERA CACÑAHUARAY | B65: 15 | C65: PAMELA
A66: JEANNET LEON LEDESMA | B66: 10 | C66: LINID
A67: JOEL JULIO ANTAURCO PEREZ | B67: 15 | C67: PAMELA
A68: LUZ ANGELICA MEDRANO DE MEZA | B68: 15 | C68: PAMELA
A69: MARIBEL ROBERTA ESPAÑA ZAMBRANO | B69: 15 | C69: PAMELA
A70: NORIS RIAÑO ZUBIETA | B70: 15 | C70: KRISCIA
A71: NURY LUISA DEL CARMEN MARCA | B71: 9 | C71: LINID
A72: SHIRLEY RIVERA HUAMAN | B72: 12 | C72: LINID
A77: Confirmados | D77: =+COUNTIF(D2:D73,"OK") -> 22

Sheet APOYOS C2 E17
A1: APOYOS | B1: EQUIPO | C1: JUEVES 11 am a 230 pm | D1: VIERNES 8:30 am a 2 pm | E1: RESPONSABLE
A2: JOSÉ BLADIMER RAMOS SIQUEROS | B2: 10 | C2: NP | D2: NP | E2: PAMELA
A3: MILAGROS CASTAÑEDA ORBE | B3: 10 | C3: NP | D3: NP | E3: KRISCIA
A4: HERMÓGENES UNTIVEROA CISNEROS | B4: 11 | C4: NP | D4: NP | E4: KRISCIA
A5: JANET DURAND YARASQUI | B5: 11 | C5: NP | D5: NP | E5: PAMELA
A6: SEFORA NOEMI OÑATE GUZMAN | B6: 11 | C6: NP | D6: NP | E6: KRISCIA
A7: ELÍ AMERICO CALZADA ESPINOZA | B7: 12 | C7: NP | D7: NP | E7: KRISCIA
A8: GISELA MORALES VALLADARES | B8: 12 | C8: NP | D8: NP | E8: KRISCIA
A9: JOHNNY EDUARDO HUÁNUCO ARELLANO | B9: 12 | C9: NC | D9: NC | E9: PAMELA
A10: BETTY YANETH QUIÑONES BELTRAN | B10: 13 | C10: NC | D10: NC | E10: PAMELA
A11: HELVER ROLANDO LLANOS VÁSQUEZ | B11: 13 | C11: NC | D11: NC | E11: KRISCIA
A12: JOSE VALENCIA FERNANDEZ | B12: 13 | C12: NC | D12: NC | E12: KRISCIA
A13: JUDY DIANA ARQUISE ESPINOZA | B13: 13 | C13: NC | D13: NC | E13: PAMELA
... A48: FIDEL TANGO | B48: 16 | C48: NP | D48: OK | E48: PAMELA
A49: DENVER | C49: NP | D49: OK | E49: PAMELA
A50: JENNY ESPINEL | C50: OK | D50: NP | E50: PAMELA
A54: Confirmados | C54: =+COUNTIF(C2:C50,"ok") -> 3 | D54: =+COUNTIF(D2:D50,"ok") -> 4

Sheet ALIADOS C1 E18
A1: CAPITAN | B1: TONNY GUTIERREZ
A2: CREADOR CUANTICO | B2: EQUIPO | C2: RESPONSABLE | D2: ESTADO | E2: OBSERVACIONES | F2: QT | G2: STATUS
A3: VIVIANA ALCANTARA MAURTUA | B3: 4 | C3: KRISCIA | D3: OK | F3: ROSE | G3: =+A3 -> VIVIANA ALCANTARA MAURTUA | H3: =+CONCATENATE(G3," & ", G4) -> VIVIANA ALCANTARA MAURTUA & TONNY GUTIERREZ
A4: TONNY GUTIERREZ | B4: 8 | C4: KRISCIA | D4: CAPITAN | F4: LEYLA | G4: =+A4 -> TONNY GUTIERREZ
A5: ELVIS CUELLAR | B5: 8 | C5: PAMELA | D5: OK | F5: ROSE | G5: =+A5 -> ELVIS CUELLAR | H5: =+CONCATENATE(G5," & ", G6) -> ELVIS CUELLAR & MARIA VERONICA JIMENEZ VASQUEZ
A6: MARIA VERONICA JIMENEZ VASQUEZ | B6: 13 | C6: PAMELA | D6: OK | E6: SITUACIÓN PERSONAL | F6: JORGE | G6: =+A6 -> MARIA VERONICA JIMENEZ VASQUEZ
A7: JOSÉ BLADIMER RAMOS SIQUEROS | B7: 10 | C7: PAMELA | D7: OK | F7: LEYLA | G7: =+A7 -> JOSÉ BLADIMER RAMOS SIQUEROS | H7: =+CONCATENATE(G7," & ", G8) -> JOSÉ BLADIMER RAMOS SIQUEROS & ZARA CASTILLO LEON
A8: ZARA CASTILLO LEON | B8: 12 | C8: KRISCIA | D8: OK | F8: JORGE | G8: =+A8 -> ZARA CASTILLO LEON
A9: LIDIA TRUJILLO GUTIERREZ | B9: 12 | C9: KRISCIA | D9: OK | F9: LEYLA | G9: =+A9 -> LIDIA TRUJILLO GUTIERREZ | H9: =+CONCATENATE(G9," & ", G10) -> LIDIA TRUJILLO GUTIERREZ & ROBERTO CONDEZO
A10: ROBERTO CONDEZO | B10: 12 | C10: KRISCIA | D10: OK | F10: MANUEL | G10: =+A10 -> ROBERTO CONDEZO
A11: LUISA PEREZ CHINCHAY | B11: 12 | C11: KRISCIA | D11: OK | F11: MANUEL | G11: =+A11 -> LUISA PEREZ CHINCHAY | H11: =+CONCATENATE(G11," & ", G12) -> LUISA PEREZ CHINCHAY & RAQUEL RIVEROS RAMOS
A12: RAQUEL RIVEROS RAMOS | B12: 13 | C12: KRISCIA | D12: OK | F12: ROSE | G12: =+A12 -> RAQUEL RIVEROS RAMOS
A13: GARETH SAID RAMOS PÉREZ | B13: 14 | C13: KRISCIA | D13: OK | F13: JORGE | G13: =+A13 -> GARETH SAID RAMOS PÉREZ | H13: =+CONCATENATE(G13," & ", G14) -> GARETH SAID RAMOS PÉREZ & ROCIO AYVAR VEGA
A14: ROCIO AYVAR VEGA | B14: 14 | C14: KRISCIA | D14: OK | F14: LEYLA | G14: =+A14 -> ROCIO AYVAR VEGA
A15: PIERO ALESSANDRO PORTAL PASQUEL | B15: 14 | C15: PAMELA | D15: OK | F15: MANUEL | G15: =+A15 -> PIERO ALESSANDRO PORTAL PASQUEL | H15: =+CONCATENATE(G15," & ", G16," & ",G17) -> PIERO ALESSANDRO PORTAL PASQUEL & CRISTINA MARTINEZ & JOYCE MARIN
A16: CRISTINA MARTINEZ | B16: 2019 CP | C16: PAMELA | D16: OK | F16: MANUEL | G16: =+A16 -> CRISTINA MARTINEZ
A17: JOYCE MARIN | B17: ECUADOR | C17: LINID | D17: OK | F17: JORGE | G17: =+A17 -> JOYCE MARIN
A18: ELÍ AMERICO CALZADA ESPINOZA | B18: 12 | C18: KRISCIA | D18: NC
A19: JOSE VALENCIA FERNANDEZ | B19: 13 | C19: KRISCIA | D19: NC | E19: Mayo | G19: JORGE | H19: =+CONCATENATE(G19," & ", G20) -> JORGE & MANUEL
A20: LIMBER ELOY QUISPE | B20: 14 | C20: KRISCIA | D20: NC | G20: MANUEL
A21: DORA LUISA BALTODANO SANDOVAL | B21: 14 | C21: KRISCIA | D21: NC | G21: LEYLA | H21: =+CONCATENATE(G21," & ", G22) -> LEYLA & ROSE
A22: NATHALY CHUCO | B22: 5 | C22: PAMELA | D22: NC | G22: ROSE
A23: ALEXANDER TORIBIO CURI AGUADO | B23: 8 | C23: PAMELA | D23: NC
A24: JULIO MOSCOSO | B24: 8 | C24: PAMELA | D24: NC
A25: JOEL ROBERTO CONDEZO RAMIREZ | B25: 9 | C25: PAMELA | D25: NC
A26: YRMA CECILIA ALCA BARRA | B26: 12 | C26: PAMELA | D26: NC
A27: JUDY DIANA ARQUISE ESPINOZA | B27: 13 | C27: PAMELA | D27: NC
A28: LIBBY FIORELA HUAYTALLA SANCHEZ | B28: 13 | C28: PAMELA | D28: NC
A29: SADITH KRY LÓPEZ HERRERA | B29: 13 | C29: PAMELA | D29: NC
A30: RONY LANDEO | B30: 14 | C30: PAMELA | D30: NC
A31: GIAN CARLO MINCHOLA VALDIVIA | B31: 14 | C31: PAMELA | D31: NC
A32: HELAR MUGURUZA | B32: 14 | C32: PAMELA | D32: NC
A33: PILAR CUADRAO CARRUITERO | B33: 14 | C33: PAMELA | D33: NC
A34: CARMEN PÉREZ PÉREZ | B34: 14 | C34: PAMELA | D34: NC
... A36: JOHNNY EDUARDO HUÁNUCO ARELLANO | B36: 12 | C36: PAMELA | D36: NI
A37: BRYAN RODNEY LÓPEZ | B37: 14 | C37: PAMELA | D37: NI | E37: POR AHORA ELIJE NO ENTRENARSE
A38: HUMBERTO CARRASCO LLATAS | B38: 7 | C38: LINID | D38: NO
A39: CRISTINA CUBA RIOS | B39: 11 | C39: LINID | D39: NO
A40: FUEL DURAND HUAYNATE | B40: 12 | C40: LINID | D40: NO | E40: Viaje
A41: JUANA ZARELA RODRIGUEZ GUERRERO | B41: 12 | C41: LINID | D41: NO | E41: Clases - Cap 18
A42: MARÍA ELENA ROMERO RAMIREZ | B42: 13 | C42: LINID | D42: NO | E42: ESTARÁ DE VIAJE TODO EL MES. PUEDE APOYAR EN MESA. SE ENTRENA EN LA SIGUIENTE.
A43: YANINA ESTEFANIA MEJIA ROMERO | B43: 13 | C43: LINID | D43: NO
A44: VANESSA SAAVEDRA ORBE | B44: 11 | C44: PAMELA | D44: NP | E44: RETOS LABORALES
A45: BETTY YANETH QUIÑONES BELTRAN | B45: 13 | C45: PAMELA | D45: NP | E45: POR AHORA ELIJE NO ENTRENARSE
A46: JESUS JULIO ANTAURCO PEREZ | B46: 14 | C46: PAMELA | D46: NP
A47: RHANIA SHADEN UNTIVEROS REQUEJO | B47: 14 | C47: PAMELA | D47: NP | E47: UNIVERSIDAD
A48: MARLLORY ULLOA USQUIANO | B48: 8 | C48: KRISCIA | D48: SIG | E48: VACACIONES (ENTRE MAYO - JULIO)
A49: MILAGROS CASTAÑEDA ORBE | B49: 10 | C49: KRISCIA | D49: SIG | E49: CLASES (DESPUES DE AGOSTO)
A50: HERMÓGENES UNTIVEROA CISNEROS | B50: 11 | C50: KRISCIA | D50: SIG | E50: JULIO
A51: XIOMARA NICOLE QUIJANDRIA MEZA | B51: 12 | C51: KRISCIA | D51: SIG | E51: CLASES (PUEDE A PARTIR DE JULIO)
A52: GISELA MORALES VALLADARES | B52: 12 | C52: KRISCIA | D52: SIG | E52: A PARTIR DE AGOSTO
A53: LIANA ELSA CASTRO PIETRO GONZALES | B53: 13 | C53: KRISCIA | D53: SIG
A54: ROSA MARIA ÁLVAREZ SALAS | B54: 13 | C54: KRISCIA | D54: SIG
A55: CAMILA LEÓN MOORE | B55: 14 | C55: KRISCIA | D55: SIG | E55: CLASES TRABAJO
A56: FLOR DE CANTUTA TELLO SARMIENTO | B56: 14 | C56: KRISCIA | D56: SIG
A57: SONIA POLANCO CABEZA | B57: 14 | C57: KRISCIA | D57: SIG | E57: VIAJE POR FI (EQUIPO 19)
A58: REYNA JARAMILLO | B58: 14 | C58: KRISCIA | D58: SIG
A59: NORA ANAYA ESPINOZA | B59: 14 | C59: KRISCIA | D59: SIG
A60: ROXANA FLORENTINA BORJAS ORMEÑO | B60: 14 | C60: KRISCIA | D60: SIG
A61: JANET DURAND YARASQUI | B61: 11 | C61: PAMELA | D61: SIG | E61: ÉSTA FUERA DE LIMA
A62: ARIANA MERCEDES GUEVARA MELENDEZ | B62: 8 | C62: LINID
A63: KATHERINE CHUCO VASQUEZ | B63: 8 | C63: LINID | E63: EL NUMERO DEL DIRECTORIO NO CONTESTA
A64: NURY LUISA DEL CARMEN MARCA | B64: 9 | C64: LINID
A65: JEANNET LEON LEDESMA | B65: 10 | C65: LINID
A66: CARMEN JOSELINA VALENCIA GUZMAN | B66: 12 | C66: LINID | E66: Estudio- Cap 18
A67: SHIRLEY RIVERA HUAMAN | B67: 12 | C67: LINID
A68: ALEJANDRO ARBOLEDA | B68: 70 QUITO | C68: LINID | E68: NO LLAMAR
A70: Confirmados | D70: =+COUNTIF(D2:D68,"OK") -> 14

Sheet ALIADOS C1 E22
A1: CAPITAN | B1: ROS
A2: CREADOR CUANTICO | B2: EQUIPO | C2: RESPONSABLE | D2: ESTADO | E2: OBSERVACIONES | F2: QT | G2: reto1
A3: VANESSA SAAVEDRA ORBE | B3: 11 | C3: DIANA | D3: NI
A4: JUANA ZARELA RODRIGUEZ GUERRERO | B4: 12 | C4: DIANA | D4: NC
A5: SADITH KRY LÓPEZ HERRERA | B5: 13 | C5: DIANA | D5: NI | E5: ENFOCADA EN SUS PROYECTOS PERSONALES
A6: RONY LANDEO | B6: 14 | C6: DIANA | D6: SIG | E6: Para el siguiente - quiere ser entrenador E23
A7: GIAN CARLO MINCHOLA VALDIVIA | B7: 14 | C7: DIANA | D7: NI
A8: BRYAN RODNEY LÓPEZ | B8: 14 | C8: DIANA | D8: NI
A9: MARIBEL ROBERTA ESPAÑA ZAMBRANO | B9: 15 | C9: DIANA | D9: NC
A10: CARLOS HUMBERTO MENDOZA PICOAGA | B10: 16 | C10: DIANA | D10: NI
A11: JESSICA PILAR LOPEZ LOPEZ | B11: 16 | C11: DIANA | D11: NC | E11: ALIADA EQUIPO 23
A12: ANGEL EDUARDO VELIZ YSLA | B12: 17 | C12: DIANA | D12: SIG | E12: Para el siguiente - viaja a Chimbote a la mina
A13: URSULA LAY GUILLEN | B13: 17 | C13: DIANA | D13: NP
A14: NADIA ZEGARRA TOLENTINO | B14: 18 | C14: DIANA | D14: NC
A15: ARIANA MERCEDES GUEVARA MELENDEZ | B15: 8 | C15: DIANA | D15: NI | E15: Trabajo
A16: CRISTINA CUBA RIOS | B16: 11 | C16: DIANA | D16: NC
A17: HERMÓGENES UNTIVEROA CISNEROS | B17: 11 | C17: DIANA | D17: NC | E17: apagado
A18: PAMELA MELISA MORALES VEGA | B18: 12 | C18: DIANA | D18: NC | E18: apagado
A19: SHIRLEY RIVERA HUAMAN | B19: 12 | C19: DIANA | D19: NP | E19: temas de salud
A20: RAQUEL RIVEROS RAMOS | B20: 13 | C20: DIANA | D20: SIG | E20: E23
A21: ODALIS RIVERA OSORES | B21: 16 | C21: DIANA | D21: NC
A22: AVRIL ESTEPHANIA GARCIA MEDINA | B22: 16 | C22: DIANA | D22: NC
A23: CARLOS ALBERTO CASTILLO TIPISMANA | B23: 16 | C23: DIANA | D23: NI
A24: JENNY BETZABET ESPINAL | B24: 16 | C24: DIANA | D24: SIG | E24: se encuentra cudiado a su papá hospitalziado - siguiente E23
A25: SARAI MESIAS TOLENTINO | B25: 17 | C25: DIANA | D25: NC | E25: númeto sin servicio
A26: CLAUDIA OLENKA GALVEZ LOPEZ | B26: 17 | C26: DIANA | D26: OK | E26: CONFIRMO A ROUS | G26: 1
A27: ANGELLO GERONIMO PANTA MORALES | B27: 17 | C27: DIANA | D27: NP | E27: Tema de salud - operación // siguiente
A28: LIZETH PATRICIA ACUÑA MATOS | B28: 17 | C28: DIANA | D28: NC
A29: GIOVANNI GIUSSEPPE MIRANDA MALPARTIDA | B29: 17 | C29: DIANA | D29: OK | F29: C2 | G29: 1
A30: FERNANDO ABEL LOPEZ LOPEZ | B30: 18 | C30: DIANA | D30: XC
A31: GABRIELA KATERINNE JARA NARCISO | B31: 18 | C31: DIANA | D31: NC | E31: apagado
A32: DARNER ISZAT DIAZ ZAPANA | B32: 18 | C32: DIANA | D32: NC
A33: JOYCE MARIN | B33: 18 | C33: DIANA | D33: SIG | E33: E23
A34: ELVIS CUELLAR | B34: 8 | C34: GARETH | D34: NC
A35: NURY LUISA DEL CARMEN MARCA | B35: 9 | C35: GARETH | D35: NI
A36: ANAMELVA QUINONES BELTRAN | B36: 11 | C36: GARETH | D36: OK | E36: CONFIRMO A ROUS | F36: C2
A37: JOHNNY EDUARDO HUÁNUCO ARELLANO | B37: 12 | C37: GARETH | D37: NP
A38: LIBBY FIORELA HUAYTALLA SANCHEZ | B38: 13 | C38: GARETH | D38: SIG | E38: A partir de Enero
A39: MARÍA JESÚS CARRASCO LLATAS | B39: 13 | C39: GARETH | D39: SIG | E39: A partir de diciembre
A40: RAUL CHAVEZ INCHE | B40: 13 | C40: GARETH | D40: OK | F40: C2
A41: JEAN CARLOS RIOS ZEA | B41: 13 | C41: GARETH | D41: OK | E41: CONFIRMO A ROUS | F41: C2 | G41: 2
A42: MARIA ELENA ROMERO | B42: 13 | C42: GARETH | D42: NP | E42: FUERA DE LIMA
A43: ROCIO AYVAR VEGA | B43: 14 | C43: GARETH | D43: NP | E43: VIAJE DE TRABAJO
A44: JESSICA CONGA HUARCAYA | B44: 14 | C44: GARETH | D44: NP | E44: TRABAJO
A45: CARMEN PÉREZ PÉREZ | B45: 14 | C45: GARETH | D45: NP | E45: VIAJA A CONVENCION POR SU EMPRENDIMIENTO
A46: PILAR CUADRAO CARRUITERO | B46: 14 | C46: GARETH | D46: SIG | E46: ENERO
A47: GIULIANA CRISTINA BECERRA CANTELLA | B47: 15 | C47: GARETH | D47: NC
A48: SEBASTIÁN JOSÉ ALVARADO CABRERA | B48: 15 | C48: GARETH | D48: NC
A49: RUMI MONTANO RAMOS | B49: 16 | C49: GARETH | D49: NC
A50: JOSE ISRAEL MAQUERA MONTOYA | B50: 16 | C50: GARETH | D50: NP
A51: LELY MELUSA ALTAMIRANO LLANTOY | B51: 16 | C51: GARETH | D51: OK | E51: CONFIRMO A ROUS | F51: C2 | G51: 2
A52: ELMER ANGEL CHIPANA QUISPE | B52: 17 | C52: GARETH | D52: OK | E52: CONFIRMO A ROUS | G52: 1
A53: IRENA LARICO LIMACHI | B53: 17 | C53: GARETH | D53: NC | E53: Telefono apagado
A54: ROGGER ALCANTARA GUERRERO | B54: 17 | C54: GARETH | D54: NC
A55: ROSSANA STEPHANY TRUJILLO MONTOYA | B55: 17 | C55: GARETH | D55: NP | E55: TRABAJO
A56: ERIKA LIZETH NORENA DURAND | B56: 17 | C56: GARETH | D56: NC | E56: ALIADA 23
A57: RONALD HENRY CARITA CANSAYA | B57: 18 | C57: GARETH | D57: NC | E57: ALIADO 23
A58: JESSICA GUISELLE MORALES VEGA | B58: 18 | C58: GARETH | D58: NC
A59: OTTY ZULEY URTEGA SILVA | B59: 18 | C59: GARETH | D59: NP | E59: TRABAJO
A60: ANA CARINA CáRDENAS TERREROS | B60: 18 | C60: GARETH | D60: OK | E60: CONFIRMO A ROUS | F60: C2 | G60: 4
A61: ROCIO DE LA CRUZ HUAYTALLA | B61: 4 | C61: KRISCIA | D61: NC | E61: (corta llamada)
A62: MARLLORY ULLOA USQUIANO | B62: 8 | C62: KRISCIA | D62: NP
A63: TONNY GUTIERREZ | B63: 8 | C63: KRISCIA | D63: SIG
A64: JEANNET LEON LEDESMA | B64: 10 | C64: KRISCIA | D64: NP
A65: JUANA MARIA FALCON ROJAS | B65: 10 | C65: KRISCIA | D65: NP
A66: YUSMELY DESIREE GARCIA LLOVERA | B66: 10 | C66: KRISCIA | D66: NP | E66: TRABAJO
A67: JANET DURAND YARASQUI | B67: 11 | C67: KRISCIA | D67: NP | E67: TRABAJO FUERA DE LIMA
A68: XIOMARA NICOLE QUIJANDRIA MEZA | B68: 12 | C68: KRISCIA | D68: NP | E68: CLASES
A69: FUEL DURAND HUAYNATE | B69: 12 | C69: KRISCIA | D69: NP | E69: VIAJE
A70: CARMEN JOSELINA VALENCIA GUZMAN | B70: 12 | C70: KRISCIA | D70: NC
A71: YANINA ESTEFANIA MEJIA ROMERO | B71: 13 | C71: KRISCIA | D71: NC
A72: BRITNEY SAFIRO OLENKA DELGADO QUINONES | B72: 13 | C72: KRISCIA | D72: OK | E72: CONFIRMO A ROUS | G72: 2
A73: LIANA ELSA CASTRO PIETRO GONZALES | B73: 13 | C73: KRISCIA | D73: NC
A74: JUDY DIANA ARQUISE ESPINOZA | B74: 13 | C74: KRISCIA | D74: SIG | E74: VIAJE COLOMBIA FI
A75: PATRICIA RIOS ROSSELL | B75: 13 | C75: KRISCIA | D75: OK | E75: CONFRIMO A ROUS (Grupo con la capitana - No equipo de creación sola)
A76: LIMBER ELOY QUISPE | B76: 14 | C76: KRISCIA | D76: OK | E76: CONFRIMO A ROUS | G76: 2
A77: REYNA JARAMILLO | B77: 14 | C77: KRISCIA | D77: OK | G77: 3
A78: FLOR DE CANTUTA TELLO SARMIENTO | B78: 14 | C78: KRISCIA | D78: NP | E78: FUERA DE LIMA
A79: NORA ANAYA ESPINOZA | B79: 14 | C79: KRISCIA | D79: NP | E79: FUERA DE LIMA
A80: SONIA POLANCO CABEZA | B80: 14 | C80: KRISCIA | D80: SIG
A81: JESUS JULIO ANTAURCO PEREZ | B81: 14 | C81: KRISCIA | D81: NP | E81: TRABAJO
A82: ROBERTO CARRANZA TOLENTINO ANGULO | B82: 15 | C82: KRISCIA | D82: NP | E82: TRABAJO
A83: GREZIA MARÍA JOLLY VERA | B83: 15 | C83: KRISCIA | D83: OK | E83: CONFIRMO A ROUS - MANAGER | F83: C2 | G83: 2
A84: JOEL JULIO ANTAURCO PEREZ | B84: 15 | C84: KRISCIA | D84: OK | E84: CONFIRMO A ROUS (Grupo con Anel- no equipo de creación solo) | F84: C2 | G84: 1
A85: NATHALY SUSY LANDA OCHOA | B85: 15 | C85: KRISCIA | D85: NP
A86: SHEILA DE LA CRUZ HUAYTALLA | B86: 15 | C86: KRISCIA | D86: NP | E86: VIAJE DE TRABAJO
A87: LUZ ANGELICA MEDRANO DE MEZA | B87: 15 | C87: KRISCIA | D87: NC
A88: DAINA AYELEN MARTINEZ FLORES | B88: 16 | C88: KRISCIA | D88: NC
A89: MARIA ISABEL REYNOSO ARENAS | B89: 16 | C89: KRISCIA | D89: NC | E89: CORTA LLAMADA - gareth
A90: SOFIA ALLCCA LLACCHUAS | B90: 16 | C90: KRISCIA | D90: NP
A91: GLADYS CONDE QUISPE | B91: 16 | C91: KRISCIA | D91: OK | F91: C2 | G91: 3
A92: JIMENA MARIBEL PLASENCIA AGUILAR | B92: 16 | C92: KRISCIA | D92: OK | E92: CONFIRMO A ROUS | G92: 1
A93: FIDEL TANGOA ORACO | B93: 16 | C93: KRISCIA | D93: NP | E93: TRABAJO
A94: JOHAN JENRRY LOZANO PONCE | B94: 16 | C94: KRISCIA | D94: NP
A95: FERNANDO HERNAN VENTURA ESPINOZA | B95: 17 | C95: KRISCIA | D95: NC
A96: JAMPIER PIERO POLICARPO VERA | B96: 17 | C96: KRISCIA | D96: NC | E96: ALIADO 23
A97: SAUL FLAVIO CRUZADO MAMANI | B97: 17 | C97: KRISCIA | D97: NC | E97: CORTA LLAMADA
A98: GUSTAVO ADOLFO FERNANDEZ ESPINOZA | B98: 17 | C98: KRISCIA | D98: NP
A99: MARIELA MORI DETT | B99: 18 | C99: KRISCIA | D99: NC | E99: CORTA LLAMADA
A100: ROXANA ELIZABETH AYVAR VEGA | B100: 18 | C100: KRISCIA | D100: NP | E100: E23
...

Sheet ALIADOS C1 E26
A2: CREADOR CUANTICO | B2: EQUIPO | C2: RESPONSABLE | D2: RESP2 | E2: ESTADO | F2: OBSERVACIONES | G2: QT | H2: reto1 | I2: Grounding | J2: video | K2: forms
A3: VIVIANA ELIZABETH ALCANTARA MAURTUA | B3: 4 | C3: JOYCE | D3: JOYCE | E3: NP | F3: CONFIRMA YAKIMA
A4: CARMEN GRICELDA PEREZ CHINCHAY | B4: 5 | C4: JOYCE | E4: NP | F4: CONFIRMA CAPI
A5: ELVIS CUELLAR | B5: 8 | C5: JOYCE | D5: DIANA
A6: TONNY GUTIERREZ | B6: 8 | C6: OTTY | E6: NP | F6: MAS ADELANTE
A7: SANDRA MARLENE LOPEZ CHAHUA | B7: 9 | C7: JOYCE | F7: SER DISFRUTE Y EN TENERLO TODO | I7: OK
A8: JUANA MARIA FALCON ROJAS | B8: 10 | C8: DIANA | D8: LEYLA | E8: NP
A9: GERALDINE VANESSA SOTOMAYOR BAZAN | B9: 10 | C9: JOYCE | D9: JOYCE
A10: YUSMELY DESIREE GARCIA LLOVERA | B10: 10 | C10: JOYCE | D10: ZULEY | E10: NP | F10: SIGUIENTE
A11: JEANNET LEON LEDESMA | B11: 10 | C11: DIANA | D11: DIANA | E11: NC
A12: JOSÉ BLADIMER RAMOS SIQUEROS | B12: 10 | C12: OTTY | D12: ZULEY | E12: XC | F12: LLAMAR 18:40
A13: ELIZABETH MORALES CARCELEN | B13: 11 | C13: OTTY | D13: ZULEY | E13: NP | F13: SIGUIENTE
A14: ALEXANDRA TAPULLIMA CORDOVA | B14: 11 | C14: JOYCE | D14: ZULEY | E14: NC
A15: HERMÓGENES UNTIVEROA CISNEROS | B15: 11 | C15: JOYCE | E15: NP | F15: POSIBILIDAD E27 | K15: =8-51 -> -43
A16: ANAMELVA QUIÑONES BELTRÁN | B16: 11 | C16: JOYCE | F16: CONFIRMA DIANA - ENTRENARSE EN DISFRUTAR | I16: OK
A17: JANET DURAND YARASQUI | B17: 11 | C17: DIANA | E17: NP | F17: TRABAJO
A18: MARIA CELLI HUAYANCA DIAZ | B18: 11 | C18: OTTY | D18: ZULEY | E18: NO | I18: NO
A19: LUISA PÉREZ CHINCHAY | B19: 12 | C19: JOYCE | D19: LEYLA | E19: NC
A20: PAMELA MELISA MORALES VEGA | B20: 12 | C20: JOYCE | D20: DIANA | E20: NC | F20: TRABAJO
A21: JOHNNY EDUARDO HUÁNUCO ARELLANO | B21: 12 | C21: JOYCE | D21: JOYCE | F21: LLAMAR 20H30
A22: FUEL DURAND HUAYNATE | B22: 12 | C22: OTTY | D22: LEYLA | E22: NA
A23: SHIRLEY RIVERA HUAMAN | B23: 12 | C23: OTTY | E23: NI
A24: YANINA ESTEFANIA MEJIA ROMERO | B24: 13 | C24: DIANA | D24: JOYCE | E24: NC
A25: JEAN CARLOS RIOS | B25: 13 | C25: DIANA | D25: ZULEY | E25: NP
A26: PILAR DE LA CRUZ | B26: 13 | C26: DIANA | D26: DIANA | F26: Confirma Lunes - Llama Joyce
A27: ANGELLA BOLLET | B27: 13 | C27: JOYCE | E27: NP | F27: SERVICIO
A28: RAQUEL RIVEROS RAMOS | B28: 13 | C28: JOYCE | D28: ZULEY | E28: NP | F28: SIGUIENTE
A29: LIZ CAROL TRUJILLO MALLQUI | B29: 11 | C29: JOYCE | E29: OK | I29: OK
A30: MARIA ELENA ROMERO | B30: 13 | C30: OTTY | D30: DIANA
A31: PATRICIA RIOS | B31: 13 | C31: JOYCE | D31: DIANA
A32: MARÍA JESÚS CARRASCO LLATAS | B32: 13 | C32: OTTY | E32: NP
A33: FLOR DE CANTUTA TELLO SARMIENTO | B33: 14 | C33: DIANA | E33: NP
A34: SONIA POLANCO CABEZA | B34: 14 | C34: JOYCE | D34: JOYCE | F34: ALIADO E26
A35: JESSICA CONGA HUARCAYA | B35: 14 | C35: JOYCE | D35: ZULEY | E35: NC
A36: ROXANA FLORENTINA BORJAS ORMEÑO | B36: 14 | C36: JOYCE | D36: LEYLA | E36: NP | F36: COMPROMISO INQUEBRANTABLE
A37: RONY LANDEO | B37: 14 | C37: DIANA | D37: LEYLA | E37: SIG
A38: RAÚL CHÁVEZ INCHE | B38: 13 | C38: JOYCE | D38: LEYLA | E38: OK | F38: COMPROMISO INQUEBRANTABLE | I38: OK
A39: RHANIA SHADEN UNTIVEROS REQUEJO | B39: 14 | E39: OK | F39: CONFIRMA CAPI | I39: OK
A40: ELIZABETH MORALES | B40: 15 | C40: JOYCE | D40: DIANA
A41: MARIBEL ROBERTA ESPAÑA ZAMBRANO | B41: 15 | C41: JOYCE | D41: JOYCE | F41: LLAMAR A LAS 17H00
A42: GIULIANA CRISTINA BECERRA CANTELLA | B42: 15 | C42: OTTY | D42: JOYCE
A43: BRYAN RODNEY LÓPEZ | B43: 14 | C43: LINID | E43: OK
A44: ZELMY ALCANTARA | B44: 15 | C44: JOYCE | D44: ZULEY | E44: XC | F44: confirmar antes de las 2
A45: ANTONY LEO ALTAMIRANO LLACCHUAS | B45: 15 | C45: JOYCE | D45: JOYCE | F45: LLAMARLOS
A46: FLOR DE CANTUTA TELLO SARMIENTO | B46: 14 | C46: LINID | E46: OK
A47: LUZ MABEL CHIPANA VEGA | B47: 15 | F47: CONFIRMA CAPI | I47: OK
A48: RUMI MONTANO RAMOS | B48: 16 | C48: DIANA | D48: JOYCE | F48: LLAMAR EN 30 MINUTOS
A49: JOSE ALONSO GALVEZ LOPEZ | B49: 16 | C49: JOYCE | D49: LEYLA | E49: NC | F49: CONFIRMA YAKIMA
A50: AVRIL ESTEPHANIA GARCIA MEDINA | B50: 16 | C50: JOYCE | D50: DIANA | E50: NP
A51: JIMENA MARIBEL PLASENCIA AGUILAR | B51: 16 | C51: JOYCE | D51: LEYLA | E51: NC
A52: BLANCA LUZ CHACHAYMA MARCOS | B52: 16 | C52: JOYCE | D52: JOYCE | F52: SER RELACION, MAS ESCUCHA
A53: GIOVANA ELIZABETH PALOMINO MARCOS | B53: 16 | C53: DIANA | E53: NA | F53: MANAGER EQUIPO 23
A54: JORGE EDUARDO CHALCO CCASA | B54: 16 | C54: OTTY | D54: ZULEY | E54: SIG | F54: tema médico
A55: SOFIA ALLCCA LLACCHUAS | B55: 16 | C55: OTTY | D55: LEYLA | E55: NP
A56: JENNY BETZABET ESPINAL | B56: 16 | C56: OTTY | D56: DIANA | E56: NC
A57: ARISKELA MONTANO MIRANDA | B57: 17 | C57: JOYCE | D57: ZULEY | E57: XC
A58: JAMPIER PIERO POLICARPO VERA | B58: 17 | C58: DIANA | D58: DIANA | E58: NC
A59: GIOVANNI GIUSSEPPE MIRANDA MALPARTIDA | B59: 17 | C59: DIANA | D59: JOYCE | E59: NC
A60: ROSSANA STEPHANY TRUJILLO MONTOYA | B60: 17 | C60: JOYCE | D60: ZULEY | E60: NP
A61: SAUL FLAVIO CRUZADO MAMANI | B61: 17 | C61: JOYCE | D61: LEYLA | E61: NC
A62: CRISTIAN ARONE | B62: 15 | C62: JOYCE | E62: OK | F62: LLAMARLOS | I62: OK
A63: GUSTAVO ADOLFO FERNANDEZ ESPINOZA | B63: 17 | C63: DIANA | E63: - | F63: TRABAJO
A64: ANGELLO GERONIMO PANTA MORALES | B64: 17 | C64: OTTY | D64: JOYCE | E64: NP | F64: NO QUIERE PARTICIPAR HASTA UN AÑO - YA NO LLAMAR
A65: SARAI MESIAS TOLENTINO | B65: 17 | C65: OTTY | D65: LEYLA | E65: NC
A66: CHARO YANETH APONTE PEREZ | B66: 17 | D66: LEYLA | E66: NC
A67: DIANA CAROLINA CCOSCCO GUTIéRREZ | B67: 18 | C67: DIANA | E67: -
A68: SEBASTIÁN JOSÉ ALVARADO CABRERA | B68: 15 | C68: JOYCE | E68: OK | F68: LLAMARLOS | I68: OK
A69: JESSICA GUISELLE MORALES VEGA | B69: 18 | C69: JOYCE | D69: DIANA
A70: RONALD HENRY CARITA CANSAYA | B70: 18 | C70: JOYCE | D70: LEYLA | E70: NP | F70: E27 ALIADO - LLAMARLO CAPI
A71: ROXANA ELIZABETH AYVAR VEGA | B71: 18 | C71: OTTY | D71: DIANA | E71: NC
A72: GABRIELA KATERINNE JARA NARCISO | B72: 18 | C72: OTTY | E72: NP
A73: MARIELA MORI DETT | B73: 18 | C73: OTTY | E73: NP | F73: Recuperarse en la salud
A74: NADIA ZEGARRA TOLENTINO | B74: 18 | C74: JOYCE | D74: DIANA | E74: NP | F74: LLAMARLA
A75: VIOLETA LIS BELLO GASPAR | B75: 19 | C75: DIANA | D75: ZULEY | E75: NC
A76: ANTHONY WILLIAMS VARGAS ZAMBRANO | B76: 19 | C76: DIANA | D76: LEYLA | E76: NC
A77: CONSUELO LAURA BALTAZAR ROSALES | B77: 19 | C77: JOYCE | D77: JOYCE
A78: FABRICIO JAIR, CARDENAS ALTA MIRANO | B78: 19 | C78: JOYCE | D78: ZULEY | E78: NC
A79: NOELIA VIRGINIA COTRINA LABRIANO | B79: 19 | C79: JOYCE | D79: DIANA | E79: NC
A80: MAICHOL EDSON FUENTES CALLAUA | B80: 19 | C80: JOYCE | D80: JOYCE | F80: E26
A81: GREZIA MARÍA JOLLY VERA | B81: 15 | E81: OK
A82: MONICA FABIOLA FERNANDEZ ESPINOZA | B82: 19 | C82: JOYCE | D82: LEYLA | E82: NC | F82: TRABAJO
A83: LILIANA JACKELINE CHU COELLO | B83: 19 | C83: DIANA | E83: NP | F83: FUERA DE PERÚ
A84: LUCAS ALBERTO SANCHEZ SILVA | B84: 15 | C84: JOYCE | E84: OK | F84: CONFIRMA CAPI | I84: OK
A85: JOSE ELIAS BALTAZAR ROSALES | B85: 19 | C85: OTTY | D85: JOYCE | E85: NC | F85: SER SU PALABRA
A86: YEMBER CONDE QUISPE | B86: 19 | C86: OTTY | D86: ZULEY | E86: NC
A87: JOSE GUILLERMO CURI SALVADOR | B87: 17 | C87: JOYCE | E87: OK | F87: SER ENTRENADOR | I87: OK
A88: DIANA REYNA RAMOS OROSCO | B88: 19 | C88: OTTY | D88: LEYLA | E88: NC | F88: LLAMAR 13:45
A89: FIORELA GUTIERREZ SAAVEDRA | B89: 19 | C89: OTTY | D89: DIANA
A90: DARNER ISZAT DIAZ ZAPANA | B90: 18 | C90: JOYCE | E90: OK | F90: RELACION - Confirma Joyce LLAMARLOS | I90: OK
A91: YAHAIRA MARINA ALVARO ROJAS | B91: 20 | C91: DIANA | D91: DIANA | E91: XC | F91: LLAMARLOS
A92: MARIO VICENTE PAUL MONTEJOS FIDEL | B92: 20 | C92: JOYCE | D92: ZULEY | E92: XC | F92: LLAMARLOS
A93: NICOLE BERTHA MUnOZ URQUIAGA | B93: 20 | C93: DIANA | D93: DIANA | E93: NC
A94: YESENIA ZULLY PAUCAR MENDOZA | B94: 20 | C94: OTTY | D94: JOYCE
A95: CRISTIAN SANCHEZ TRINIDAD | B95: 20 | C95: OTTY | E95: NP
A96: MILAGROS YULIANA SOTO RIVERA | B96: 20 | C96: OTTY | D96: ZULEY | E96: NC | F96: LLAMRLOS
A97: FABIO ALESSANDRO CANQUY LLOYD | B97: 19 | C97: JOYCE | E97: OK | F97: SER PARTICIPACION TOTAL | I97: OK
A98: AARON MIGUEL SURCO CORIMAYA | B98: 20 | C98: JOYCE | D98: LEYLA | I98: OK
A99: HIPOLITA SaNCHEZ MEDINA | B99: 20 | C99: JOYCE | F99: MANAGER | I99: OK
A100: EDUARDO DIL CANDIA PALOMINO | B100: 21 | C100: DIANA | D100: JOYCE | E100: NC | F100: E26
A101: ABIGAIL LLACTAS FLORES | B101: 21 | C101: DIANA | D101: ZULEY | E101: NC
...

Sheet SOMBRAS C1E26CREADOR CUANTICO 
A1: no | B1: CREADOR CUANTICO
A2: 10 | B2: PIERO | D2: PAUL GAMARRA | E2: JOLBER VARGAS ENRIQUEZ
A3: 8 | B3: SANDRA MARLENE LOPEZ CHAHUA | D3: RAÚL CHÁVEZ INCHE | E3: JOSE MANUEL SURCO CORIMAYA
A4: 8 | B4: ANAMELVA QUIÑONES BELTRÁN | D4: TANIA AURORA SaNCHEZ CASTRO | E4: LUCAS ALBERTO SANCHEZ SILVA
A5: 6 | B5: RAÚL CHÁVEZ INCHE | D5: BRIAN STEVE SANGAY SALVATIERRA | E5: LUZ ELVIRA RAMiREZ
A6: 5 | B6: RHANIA SHADEN UNTIVEROS REQUEJO | D6: CRISTIAN ARONE | E6: MARiA ELENA ALVINO LoPEZ
A7: 7 | B7: CRISTIAN ARONE | D7: GIULIANA EDITH BUENDIA MUÑOZ | E7: KARIN PORTOCARRERO PEREA
A8: 4 | B8: SEBASTIÁN JOSÉ ALVARADO CABRERA | C8: OK | D8: JOSE GUILLERMO CURI SALVADOR | E8: MARIA OLARTE BARRIENTOS
A9: 5 | B9: LUZ MABEL CHIPANA VEGA | C9: OK | D9: LIZ CAROL TRUJILLO MALLQUI | E9: SEBASTIÁN JOSÉ ALVARADO CABRERA | G9: =37/2 -> 18.5
A10: 7 | B10: JOSE GUILLERMO CURI SALVADOR | C10: OK | D10: MARIA DEL CARMEN MENDOZA PILCO | E10: CARMEN ROSA MORAN CRUZ
A11: 5 | B11: DARNER ISZAT DIAZ ZAPANA | C11: OK | D11: VICTORIA DEL MILAGRO VALDIVIA VILLEGAS | E11: CÉSAR AUGUSTO NIEBUHR PRADO
A12: 3 | B12: LUCAS ALBERTO SANCHEZ SILVA | C12: OK | D12: YULI INeS MACHADO QUInONES | E12: DARNER ISZAT DIAZ ZAPANA
A13: 6 | B13: FABIO ALESSANDRO CANQUY LLOYD | C13: OK | D13: ANAMELVA QUIÑONES BELTRÁN | E13: LUZ MABEL CHIPANA VEGA
A14: 6 | B14: ANITA ESPERANZA FLORES TIPISMANA | D14: CAMILA ALEGRIA VERASTEGUI DURAN | E14: RHANIA SHADEN UNTIVEROS REQUEJO
A15: 8 | B15: CAMILA ALEGRIA VERASTEGUI DURAN | D15: ROXANA MURILLO BONETT | E15: YENI BAÑEZ LAURANTE
A16: 3 | B16: LUZ ELVIRA RAMiREZ | D16: SANDRA MARLENE LOPEZ CHAHUA | E16: AARON MIGUEL SURCO CORIMAYA
A17: 6 | B17: AARON MIGUEL SURCO CORIMAYA | D17: ARIANA XIMENA SOSAYA JIMeNEZ | E17: ANITA ESPERANZA FLORES TIPISMANA
A18: 9 | B18: HIPOLITA SaNCHEZ MEDINA | C18: OK | D18: HIPOLITA SaNCHEZ MEDINA | E18: FABIO ALESSANDRO CANQUY LLOYD
A19: 7 | B19: MARIA DEL CARMEN MENDOZA PILCO | D19: GREZIA MARÍA JOLLY VERA | E19: JENNIFER ALYSSON CASTANEDA PONCE DE LEON
A20: 3 | B20: MARiA ELENA ALVINO LoPEZ | D20: PIERO
A21: 8 | B21: ROXANA MURILLO BONETT
A22: 6 | B22: JENNIFER ALYSSON CASTANEDA PONCE DE LEON | C22: OK
A23: 4 | B23: KARIN PORTOCARRERO PEREA
A24: 7 | B24: VICTORIA DEL MILAGRO VALDIVIA VILLEGAS
A25: 9 | B25: ARIANA XIMENA SOSAYA JIMeNEZ | C25: OK
A26: 5 | B26: CARMEN ROSA MORAN CRUZ
A27: 7 | B27: GIULIANA EDITH BUENDIA MUÑOZ
A28: 3 | B28: JOSE MANUEL SURCO CORIMAYA | C28: OK
A29: 4 | B29: MARIA OLARTE BARRIENTOS
A30: 7 | B30: BRIAN STEVE SANGAY SALVATIERRA
A31: 2 | B31: JOLBER VARGAS ENRIQUEZ
A32: 5 | B32: YENI BAÑEZ LAURANTE
A33: 7 | B33: YULI INeS MACHADO QUInONES
A34: 6 | B34: PAUL GAMARRA
A35: 6 | B35: TANIA AURORA SaNCHEZ CASTRO
A36: 7 | B36: LIZ CAROL TRUJILLO MALLQUI
A37: 5 | B37: CÉSAR AUGUSTO NIEBUHR PRADO | C37: OK
A38: 9 | B38: GREZIA MARÍA JOLLY VERA

Sheet APOYOS CAP 1 E25 (2)
B1: CODIGO DE VESTIMENTA PARA LOS APOYOS SIEMPRE NEGRO FORMAL | J1: OBS
A2: N° | B2: RESP | C2: APOYOS | D2: EQUIPO | E2: VIERNES 8 AM - 1PM | F2: SÁBADO 830 AM - 12PM | G2: SÁBADO 5 PM - 8 PM | H2: DOMINGO 8:30 AM - 11 AM | I2: DOMINGO 6PM - 8 PM
A3: 1 | B3: NA | C3: CARMEN PEREZ CHINCHAY | D3: 9
A4: 2 | B4: NA | C4: MILAGROS CASTAÑEDA ORBE | D4: 10
A5: 3 | C5: ELIZABETH MORALES CARCELEN | D5: =+VLOOKUP(C5,'GRADUADOS '!$A$2:$B$230,2,0) -> 11 | E5: XC
A6: 4 | B6: NA | C6: LIZ CAROL TRUJILLO MALLQUI | D6: 11 | J6: ALIADO
A7: 5 | C7: ANAMELVA QUIÑONES BELTRÁN | D7: 11 | I7: OK
C8: MARIA CELLI HUAYANCA DIAZ | D8: 11
A9: 6 | C9: SHIRLEY RIVERA HUAMAN | D9: =+VLOOKUP(C9,'GRADUADOS '!$A$2:$B$230,2,0) -> 12 | I9: OK
A10: 7 | B10: NA | C10: D'YANIRA ALLYZON LEON SUAREZ | D10: =+VLOOKUP(C10,'GRADUADOS '!$A$2:$B$230,2,0) -> 12
A11: 8 | C11: PAMELA MORALES VEGA | D11: 12
A12: 9 | C12: LEYDY PEÑA CHAVARRIA | D12: =+VLOOKUP(C12,'GRADUADOS '!$A$2:$B$230,2,0) -> 13
C13: RAQUEL RIVEROS RAMOS | D13: 13 | E13: NP | F13: OK | H13: NP | I13: NP
A14: 10 | C14: PILAR DE LA CRUZ | D14: =+VLOOKUP(C14,'GRADUADOS '!$A$2:$B$230,2,0) -> 13
A15: 11 | B15: NA | C15: PIERO ALESSANDRO PORTAL PASQUEL | D15: =+VLOOKUP(C15,'GRADUADOS '!$A$2:$B$230,2,0) -> 14
A16: 12 | C16: ANTONY LEO ALTAMIRANO LLACCHUAS | D16: =+VLOOKUP(C16,'GRADUADOS '!$A$2:$B$230,2,0) -> 15
A17: 13 | C17: GIULIANA CRISTINA BECERRA CANTELLA | D17: =+VLOOKUP(C17,'GRADUADOS '!$A$2:$B$230,2,0) -> 15
A18: 14 | C18: SHEILA DE LA CRUZ HUAYTALLA | D18: =+VLOOKUP(C18,'GRADUADOS '!$A$2:$B$230,2,0) -> 15
A19: 15 | C19: ODALIS RIVERA OSORES | D19: =+VLOOKUP(C19,'GRADUADOS '!$A$2:$B$230,2,0) -> 16
A20: 16 | C20: KATIA MELVA DE PAZ FIGUEROA | D20: =+VLOOKUP(C20,'GRADUADOS '!$A$2:$B$230,2,0) -> 16
A21: 17 | B21: NA | C21: RUMI MONTANO RAMOS | D21: =+VLOOKUP(C21,'GRADUADOS '!$A$2:$B$230,2,0) -> 16
A22: 18 | C22: JORGE EDUARDO CHALCO CCASA | D22: =+VLOOKUP(C22,'GRADUADOS '!$A$2:$B$230,2,0) -> 16 | E22: NP | F22: NP | G22: NP | H22: NP | I22: NP
A23: 19 | C23: JIMENA PLASENCIA | D23: 16 | F23: NP
A24: 20 | C24: NADIA ZEGARRA TOLENTINO | D24: =+VLOOKUP(C24,'GRADUADOS '!$A$2:$B$230,2,0) -> 18 | E24: OK
A25: 21 | C25: ROXANA ELIZABETH AYVAR VEGA | D25: =+VLOOKUP(C25,'GRADUADOS '!$A$2:$B$230,2,0) -> 18
C26: ANA CARINA CáRDENAS TERREROS | D26: 18 | E26: OK
A27: 22 | C27: RONALD HENRY CARITA CANSAYA | D27: 18
A28: 23 | C28: JESSICA GUISELLE MORALES VEGA | D28: 18
A29: 24 | B29: NA | C29: CAMILA ALEGRIA VERASTEGUI DURAN | D29: =+VLOOKUP(C29,'GRADUADOS '!$A$2:$B$230,2,0) -> 19
A30: 25 | C30: LILIANA JACKELINE CHU COELLO | D30: =+VLOOKUP(C30,'GRADUADOS '!$A$2:$B$230,2,0) -> 19
A31: 26 | B31: NA | C31: DIANA REYNA RAMOS OROSCO | D31: =+VLOOKUP(C31,'GRADUADOS '!$A$2:$B$230,2,0) -> 19
A32: 27 | C32: LEISI MEDINA | D32: 19
A33: 28 | C33: VIOLETA LIS BELLO GASPAR | D33: =+VLOOKUP(C33,'GRADUADOS '!$A$2:$B$230,2,0) -> 19
A34: 29 | C34: AARON MIGUEL SURCO CORIMAYA | D34: 20 | E34: NP | F34: NP | G34: NP | H34: NP | I34: NP
A35: 30 | C35: ANGEL ENRIQUE YONG LAU | D35: 20 | E35: NP | F35: NP | G35: NP | H35: NP | I35: NP
A36: 31 | B36: NA | C36: CAROLINA VICTORIA MANRIQUE HUARANCA | D36: 20
A37: 32 | C37: ELIZABETH HUAMANI PALOMINO | D37: 20
A38: 33 | B38: NA | C38: FELIPE ALEJANDRO MALLQUI TRUJILLO | D38: 20
A39: 34 | C39: GINA CaRDENAS LOPEZ | D39: 20
A40: 35 | C40: GUIDO RUSVEL FALCON ROJAS | D40: 20
A41: 36 | C41: HIPOLITA SaNCHEZ MEDINA | D41: 20
A42: 37 | C42: JAVIER MARTiN LEVANO MAGALLANES | D42: 20
A43: 38 | B43: NA | C43: JUSTO GONZALO RAMIREZ HUALPA | D43: 20
A44: 39 | B44: NA | C44: LEONARDO QUISPE TRUJILLO | D44: 20
A45: 40 | C45: LUZ ELVIRA RAMiREZ | D45: 20 | F45: OK
A46: 41 | C46: MILAGROS YULIANA SOTO RIVERA | D46: 20
A47: 42 | C47: NICOLE BERTHA MUnOZ URQUIAGA | D47: 20
A48: 43 | C48: RICHARD PILCO CALIZAYA | D48: 20
A49: 44 | C49: YAHAIRA MARINA ALVARO ROJAS | D49: 20
A50: 45 | C50: YESENIA ZULLY PAUCAR MENDOZA | D50: 20
A51: 46 | C51: JUAN ALVARO RAMIREZ HUALPA | D51: 21
A52: 47 | B52: ELIMINAR | C52: AARON ALBERTO URIARTE CACHAY | D52: 21
A53: 48 | B53: NA | C53: MURILLO BONETT ROXANA | D53: 21
A54: 49 | C54: LOPEZ ZAPANA LOURDES | D54: 21
A55: 50 | C55: MOSCOSO RIOS GUILLERMO | D55: 21
A56: 51 | B56: NA | C56: RODRIGUEZ LA RIVA DAVID JESUS | D56: 21
A57: 52 | C57: LóPEZ LóPEZ BRIGITTE FERNANDA | D57: 21
A58: 53 | C58: RAMIREZ HUALPA MARIO WILFREDO | D58: 21
A59: 54 | C59: ROSMERY OCHOA FERRER | D59: 22 | E59: OK
A60: 55 | C60: MONTANO MIRANDA ARISKELA | D60: 21
A61: 56 | C61: NOLASCO ESTELA SERGIO | D61: 21
A62: 57 | B62: NA | C62: SOLANGE MARTINEZ TERREROS | D62: 21
A63: 58 | C63: BANEZ LAURANTE YENI | D63: 22
A64: 59 | C64: CASTILLO RIOS PAMELA CYNTHIA | D64: 22 | E64: OK
A65: 60 | C65: JOLLY VERA GREZIA MARIA | D65: 22 | E65: OK
A66: 61 | C66: MIRANDA CALSIN DORIS | D66: 22
A67: 62 | C67: ROJAS RIMAC LIDA HILARIA | D67: 22
A68: 63 | C68: SOSAYA JIMENEZ ARIANA XIMENA | D68: 22 | E68: OK
A69: 64 | C69: VARGAS ENRIQUEZ JOLBER | D69: 22
A70: 65 | C70: ARAUJO TANGOA BERTHA LUZ | D70: 22
A71: 66 | C71: CASTANEDA PONCE DE LEON JENNIFER ALYSSON | D71: 22 | E71: OK
A72: 67 | C72: GAMARRA GANOZA GUSTAVO PAUL | D72: 22
A73: 68 | C73: MENDOZA PAREDES EDGAR AMERICO | D73: 22
A74: 69 | C74: PORTOCARRERO PEREA KARIN | D74: 22 | E74: OK
A75: 70 | C75: SANTA CRUZ BUENDIA YIENY | D75: 22
A76: 71 | C76: VALENCIA CCOSCCO YOLANDA | D76: 22
A77: 72 | C77: APONTE PEREZ CHARO YANETH | D77: 22 | E77: OK
A78: 73 | C78: BUENDIA MUNOZ GIULIANA EDITH | D78: 22 | E78: OK
A79: 74 | C79: FLORES TIPISMANA RUFINO | D79: 22 | E79: OK
A80: 75 | C80: MAGALLANES TASAYCO ESTEFANY LIZET | D80: 22
A81: 76 | C81: OLARTE BARRIENTOS MARIA | D81: 22
A82: 77 | C82: SANGAY SALVATIERRA BRIAN STEVE | D82: 22 | E82: OK
A83: 78 | C83: VALDIVIA VILLEGAS VICTORIA DEL MILAGRO | D83: 22 | E83: OK
A84: 79 | C84: NILDA NICOLE NOLASCO CHIPANA | D84: 22 | E84: OK
A85: 80 | C85: SURCO CORIMAYA JOSE MANUEL | D85: 22 | E85: OK
A86: 81 | C86: GISSELLA HUAMAN CELESTINO | D86: 23 | E86: OK | F86: NP | H86: OK | I86: NP
A87: 82 | C87: ROSA VANEZA RAMIREZ HUALLPA | D87: 23 | E87: NA | F87: NA | G87: NA | H87: NA | I87: NA
A88: 83 | C88: VANNIA STHEF MITAC ESCALANTE | D88: 23 | E88: OK | F88: OK | G88: NA | H88: NA | I88: NA
A89: 84 | C89: MARCOS ORLANDO TORRES ALARCON | D89: 23 | E89: OK | F89: OK | G89: NA | H89: NA | I89: NA
A90: 85 | C90: CORNELIO NOLASCO ESTELA | D90: 23 | E90: OK | F90: NA | G90: NA | H90: NA | I90: NA
A91: 86 | C91: GERALDINE ANDREINA QUISPE ARENAS | D91: 23 | F91: OK | G91: NA | H91: NA | I91: NA
A92: 87 | C92: JESUS ELIZABETH BALTAZAT ANGELES | D92: 23 | E92: OK | F92: NP | G92: NA | H92: NA | I92: NA
A93: 88 | C93: KETTY DORIS BAUTISTA OCHOA | D93: 23 | E93: NA | F93: NA | G93: NA | H93: NA | I93: NA
A94: 89 | C94: FRANCISCO JAVIER CHENGUATEN ROOSPIGLIOSI | D94: 23 | E94: OK | F94: OK | G94: NA | H94: NA | I94: NA
A95: 90 | C95: VERONICA REGINA CONTRERAS FLORES | D95: 23 | G95: NA | H95: NA | I95: NA
A96: 91 | C96: ARIANA JANICE DE LA CRUZ GARCIA | D96: 23 | G96: NA | H96: NA | I96: NA
A97: 92 | C97: FERNANDO ABEL LOPEZ LOPEZ | D97: 23 | E97: NP | F97: NP | G97: NP | H97: NP | I97: NP
A98: 93 | C98: DAVID EMERSON CONTRERAS LUCHINE | D98: 23 | E98: NP | F98: NP | G98: NP | H98: NP | I98: NP
A99: 94 | C99: CRISTIAN MIJAIL CASTILLO GONZALES | D99: 23 | E99: OK | G99: NA | H99: NA | I99: NA
A100: 95 | C100: YARISMAR ANDREINA NAVARRO PALMA | D100: 23 | G100: NA | H100: NA | I100: NA
...

Sheet APOYOS CAP 1 E27
B1: CODIGO DE VESTIMENTA PARA LOS APOYOS SIEMPRE NEGRO FORMAL | J1: OBS
A2: N° | B2: RESP | C2: APOYOS | D2: EQUIPO | E2: VIERNES 8 AM - 1PM | F2: SÁBADO 830 AM - 12PM | G2: SÁBADO 5 PM - 8 PM | H2: DOMINGO 8:30 AM - 11 AM | I2: DOMINGO 6PM - 8 PM
B3: A | C3: AARON ALBERTO URIARTE CACHAY | D3: 21
B4: A | C4: AARON MIGUEL SURCO CORIMAYA | D4: 20
B5: JOY | C5: ABANTO RIOS LUZ ISABEL | D5: 25
B6: LEY | C6: ALBORNOZ LEON BARMER FERNANDO | D6: 24
B7: LUIS | C7: ALTAMIRANO LLANTOY LELY MELUSA | D7: 24
B8: LEY | C8: ANA CARINA CáRDENAS TERREROS | D8: 18 | J8: AFUERA DE MESA
B9: LUIS | C9: Ana Gabriela Ramos Ramos | D9: 24
B10: A | C10: ANAMELVA QUIÑONES BELTRÁN | D10: 11
B11: ZU | C11: ANDRADE TANG ANITA BELEN | D11: 24
B12: LEY | C12: ANGEL ENRIQUE YONG LAU | D12: 20
B13: DM | C13: ANTONY LEO ALTAMIRANO LLACCHUAS | D13: =+VLOOKUP(C13,'GRADUADOS '!$A$2:$B$230,2,0) -> 15
B14: LUIS | C14: APONTE PEREZ CHARO YANETH | D14: 22
B15: LEY | C15: ARAUJO TANGOA BERTHA LUZ | D15: 22
B16: JOY | C16: ARIANA JANICE DE LA CRUZ GARCIA | D16: 23
B17: ZU | C17: ARRIETA BERMUDO IDA | D17: 24
B18: JOY | C18: BANEZ LAURANTE YENI | D18: 22
B19: ZU | C19: BUENDIA MUNOZ GIULIANA EDITH | D19: 22
B20: LEY | C20: CALLE GUIZADO NAYSHA ESCARLETH | D20: 24
B21: A | C21: CAMILA ALEGRIA VERASTEGUI DURAN | D21: =+VLOOKUP(C21,'GRADUADOS '!$A$2:$B$230,2,0) -> 19
B22: DM | C22: CáRDENAS TERREROS ANA CARINA | D22: 24
B23: DM | C23: CARMEN PEREZ CHINCHAY | D23: 9
B24: JOY | C24: CAROLINA VICTORIA MANRIQUE HUARANCA | D24: 20
B25: ZU | C25: CARRASCO CHAFLOQUE ERIKA | D25: 25
B26: JOY | C26: CASTANEDA PONCE DE LEON JENNIFER ALYSSON | D26: 22
B27: LEY | C27: CASTILLO GONZALES HOLLY STEPHANY | D27: 24
B28: LEY | C28: CASTILLO PAREDEZ ViCTOR VICENTE | D28: 25
B29: DM | C29: CASTILLO RIOS PAMELA CYNTHIA | D29: 22
B30: JOY | C30: CCARHUAS CHIPANA MARIBEL | D30: 25
B31: DM | C31: CELEDONIO RIOS MARJORIE ZULAY | D31: 24
B32: DM | C32: CESAR ADINO MANRIQUE ESCOBAR | D32: 23
B33: DM | C33: CHIPANA LLACCHUA ROSA | D33: 24
... B41: ZU | C41: DAVID EMERSON CONTRERAS LUCHINE | D41: 23
B42: JOY | C42: DIANA REYNA RAMOS OROSCO | D42: =+VLOOKUP(C42,'GRADUADOS '!$A$2:$B$230,2,0) -> 19
B43: JOY | C43: Diego Wladimith Romero | D43: 24
B44: DM | C44: DUQUE MAYO YENITSE DEL VALLE | D44: 25
B45: DM | C45: D'YANIRA ALLYZON LEON SUAREZ | D45: =+VLOOKUP(C45,'GRADUADOS '!$A$2:$B$230,2,0) -> 12
B46: ZU | C46: EDITH SILVIA ESPINOZA SURICHAQUI | D46: 23
B47: LUIS | C47: ELIZABETH HUAMANI PALOMINO | D47: 20
B48: LUIS | C48: ELIZABETH MORALES CARCELEN | D48: =+VLOOKUP(C48,'GRADUADOS '!$A$2:$B$230,2,0) -> 11
B49: LUIS | C49: Erika Carrasco Chafloque | D49: 25
B50: JOY | C50: ESPIRITU MOSQUERA JORGE | D50: 25
B51: ZU | C51: FAUSTINO ALARCON QUICAÑO | D51: 23
B52: DM | C52: FELIPE ALEJANDRO MALLQUI TRUJILLO | D52: 20
B53: DM | C53: FERNANDO ABEL LOPEZ LOPEZ | D53: 23
B54: DM | C54: FLORES MONDALUISA MARiA ANTONIETA | D54: 25
B55: LEY | C55: FLORES TIPISMANA RUFINO | D55: 22
B56: JOY | C56: FLORES TIPISMANA YENNY PAOLA | D56: 24
B57: ZU | C57: FRANCISCO JAVIER CHENGUATEN ROOSPIGLIOSI | D57: 23
B58: A | C58: GAMARRA GANOZA GUSTAVO PAUL | D58: 22
B59: LEY | C59: GERALDINE ANDREINA QUISPE ARENAS | D59: 23
B60: LUIS | C60: Gimi Junyhor Castillo Paredes | D60: 24
... B63: ZU | C63: GISSELLA HUAMAN CELESTINO | D63: 23
B64: ZU | C64: GIULIANA CRISTINA BECERRA CANTELLA | D64: =+VLOOKUP(C64,'GRADUADOS '!$A$2:$B$230,2,0) -> 15
B65: LEY | C65: GUIDO RUSVEL FALCON ROJAS | D65: 20
B66: JOY | C66: HERNANDEZ MENDOZA LUIS ALBERTO | D66: 24 | J66: CAPITAN DE MESA
B67: A | C67: HIPOLITA SaNCHEZ MEDINA | D67: 20
B68: JOY | C68: JANE ROSALIND PONCE DE LEÓN PINO | D68: 23
B69: JOY | C69: JAVIER MARTiN LEVANO MAGALLANES | D69: 20
B70: DM | C70: JESSICA GUISELLE MORALES VEGA | D70: 18
B71: ZU | C71: JESSICA PILAR LOPEZ LOPEZ | D71: 23
B72: JOY | C72: JESUS ELIZABETH BALTAZAT ANGELES | D72: 23
B73: JOY | C73: JIMENA PLASENCIA | D73: 16
B74: ZU | C74: JOLLY VERA GREZIA MARIA | D74: 22
B75: LEY | C75: JORGE EDUARDO CHALCO CCASA | D75: =+VLOOKUP(C75,'GRADUADOS '!$A$2:$B$230,2,0) -> 16
B76: JOY | C76: JOSE LUIS JHONATAN MAMANI LOPEZ | D76: 23
B77: JOY | C77: JUAN ALVARO RAMIREZ HUALPA | D77: 21
B78: DM | C78: JUSTO GONZALO RAMIREZ HUALPA | D78: 20
B79: DM | C79: KATIA MELVA DE PAZ FIGUEROA | D79: =+VLOOKUP(C79,'GRADUADOS '!$A$2:$B$230,2,0) -> 16
B80: LEY | C80: KEMPIS NOLASCO ESTELA | D80: 23
B81: DM | C81: KETTY DORIS BAUTISTA OCHOA | D81: 23
B82: DM | C82: LEISI MEDINA | D82: 19
B83: ZU | C83: LEONARDO QUISPE TRUJILLO | D83: 20
B84: LEY | C84: LEYDY PEÑA CHAVARRIA | D84: =+VLOOKUP(C84,'GRADUADOS '!$A$2:$B$230,2,0) -> 13
B85: LEY | C85: LILIANA JACKELINE CHU COELLO | D85: =+VLOOKUP(C85,'GRADUADOS '!$A$2:$B$230,2,0) -> 19
B86: A | C86: LIZ CAROL TRUJILLO MALLQUI | D86: 11 | J86: ALIADO
B87: LUIS | C87: Lizbeth Geraldine Jara Chavarria | D87: 24
B88: ZU | C88: LóPEZ LóPEZ BRIGITTE FERNANDA | D88: 21
B89: LEY | C89: LOPEZ ZAPANA LOURDES | D89: 21
B90: JOY | C90: LUIS FELIBERTO PALOMINO | D90: 23
B91: A | C91: LUZ ELVIRA RAMiREZ | D91: 20
B92: JOY | C92: MAGALLANES TASAYCO ESTEFANY LIZET | D92: 22
B93: JOY | C93: MANTARI MUCHAYPInA BRENDA LUCIA | D93: 25
B94: LUIS | C94: Manuel Yakima Rivera
B95: DM | C95: MARCOS ORLANDO TORRES ALARCON | D95: 23
B96: LEY | C96: MARIA CELLI HUAYANCA DIAZ | D96: 11
B97: LEY | C97: MARQUEZ MARCOS CARLOS | D97: 25
B98: DM | C98: MARTIN VICENTE ESPINOZA CHAVEZ | D98: 23
B99: DM | C99: MECHAN TANG SUYMI JOANNET | D99: 25
B100: ZU | C100: MENDOZA PAREDES EDGAR AMERICO | D100: 22
B101: ZU | C101: MILAGROS CASTAÑEDA ORBE | D101: 10 | J101: =42+204 -> 246
B102: LEY | C102: MILAGROS YULIANA SOTO RIVERA | D102: 20
B103: DM | C103: MINA CORDERO CARLA EDITH | D103: 25
B104: LEY | C104: MIRANDA CALSIN DORIS | D104: 22
B105: JOY | C105: MONTANO MIRANDA ARISKELA | D105: 21
B106: ZU | C106: MORALES IBACETA DORIS INES | D106: 24
B107: ZU | C107: MORALES LAURENTE ISABEL FELICIANA | D107: 25
B108: JOY | C108: MOSCOSO RIOS GUILLERMO | D108: 21
B109: ZU | C109: MURILLO BONETT ROXANA | D109: 21
...

Sheet APOYOS CAP 1 E26
B1: CODIGO DE VESTIMENTA PARA LOS APOYOS SIEMPRE NEGRO FORMAL | J1: OBS
A2: N° | B2: RESP | C2: APOYOS | D2: EQUIPO | E2: VIERNES 8 AM - 1PM | F2: SÁBADO 830 AM - 12PM | G2: SÁBADO 5 PM - 8 PM | H2: DOMINGO 8:30 AM - 11 AM | I2: DOMINGO 6PM - 8 PM
B3: A | C3: AARON ALBERTO URIARTE CACHAY | D3: 21
B4: A | C4: AARON MIGUEL SURCO CORIMAYA | D4: 20
B5: JOY | C5: ABANTO RIOS LUZ ISABEL | D5: 25 | F5: NA | H5: NA | I5: NA
B6: LEY | C6: ALBORNOZ LEON BARMER FERNANDO | D6: 24 | E6: OK
B7: LUIS | C7: ALTAMIRANO LLANTOY LELY MELUSA | D7: 24 | E7: OK
B8: LEY | C8: ANA CARINA CáRDENAS TERREROS | D8: 18 | E8: OK | F8: OK | J8: AFUERA DE MESA
B9: LUIS | C9: Ana Gabriela Ramos Ramos | D9: 24 | E9: OK
B10: A | C10: ANAMELVA QUIÑONES BELTRÁN | D10: 11
B11: ZU | C11: ANDRADE TANG ANITA BELEN | D11: 24
B12: LEY | C12: ANGEL ENRIQUE YONG LAU | D12: 20 | E12: OK | F12: OK
B13: DM | C13: ANTONY LEO ALTAMIRANO LLACCHUAS | D13: =+VLOOKUP(C13,'GRADUADOS '!$A$2:$B$230,2,0) -> 15
B14: LUIS | C14: APONTE PEREZ CHARO YANETH | D14: 22 | E14: OK
B15: LEY | C15: ARAUJO TANGOA BERTHA LUZ | D15: 22 | E15: NP
B16: JOY | C16: ARIANA JANICE DE LA CRUZ GARCIA | D16: 23 | E16: NA | F16: NA | H16: NA | I16: NA
B17: ZU | C17: ARRIETA BERMUDO IDA | D17: 24
B18: JOY | C18: BANEZ LAURANTE YENI | D18: 22 | E18: NA | F18: NA | H18: NA | I18: NA
B19: ZU | C19: BUENDIA MUNOZ GIULIANA EDITH | D19: 22
B20: LEY | C20: CALLE GUIZADO NAYSHA ESCARLETH | D20: 24 | E20: NC
B21: A | C21: CAMILA ALEGRIA VERASTEGUI DURAN | D21: =+VLOOKUP(C21,'GRADUADOS '!$A$2:$B$230,2,0) -> 19
B22: DM | C22: CáRDENAS TERREROS ANA CARINA | D22: 24
B23: DM | C23: CARMEN PEREZ CHINCHAY | D23: 9 | E23: OK | H23: OK | I23: OK
B24: JOY | C24: CAROLINA VICTORIA MANRIQUE HUARANCA | D24: 20 | E24: NC | F24: NC | H24: NC | I24: NC
B25: ZU | C25: CARRASCO CHAFLOQUE ERIKA | D25: 25 | F25: NA | H25: NA | I25: NA
B26: JOY | C26: CASTANEDA PONCE DE LEON JENNIFER ALYSSON | D26: 22 | E26: NA | F26: NA | H26: NA | I26: NA
B27: LEY | C27: CASTILLO GONZALES HOLLY STEPHANY | D27: 24 | E27: NP | F27: NA | H27: NA | I27: NA
B28: LEY | C28: CASTILLO PAREDEZ ViCTOR VICENTE | D28: 25 | F28: NA | H28: NA | I28: NA
B29: DM | C29: CASTILLO RIOS PAMELA CYNTHIA | D29: 22
B30: JOY | C30: CCARHUAS CHIPANA MARIBEL | D30: 25 | E30: NP | F30: NA | H30: NA | I30: NA
B31: DM | C31: CELEDONIO RIOS MARJORIE ZULAY | D31: 24
B32: DM | C32: CESAR ADINO MANRIQUE ESCOBAR | D32: 23
B33: DM | C33: CHIPANA LLACCHUA ROSA | D33: 24 | E33: OK | F33: NP | H33: NP | I33: NP
B34: DM | C34: CHIPANA LLACCHUA SIXTO | D34: 25 | E34: OK | F34: NA | H34: NA | I34: NA
B35: LEY | C35: CLAUDIA ALEJANDRA BERNAL VILLAR | D35: 23 | E35: NC
B36: ZU | C36: CORAL TULUMBA YSIDORA | D36: 25 | F36: NA | H36: NA | I36: NA
B37: ZU | C37: CORNELIO NOLASCO ESTELA | D37: 23
B38: LEY | C38: CORREA OLAYA EUFEMIA ISABEL | D38: 24 | E38: NC
B39: LEY | C39: CRISTIAN MIJAIL CASTILLO GONZALES | D39: 23 | E39: NP
B40: A | C40: DARNER ISZAT DIAZ ZAPANA | D40: 18
B41: ZU | C41: DAVID EMERSON CONTRERAS LUCHINE | D41: 23 | E41: NA | F41: NA | H41: NA | I41: NA
B42: JOY | C42: DIANA REYNA RAMOS OROSCO | D42: =+VLOOKUP(C42,'GRADUADOS '!$A$2:$B$230,2,0) -> 19
B43: JOY | C43: Diego Wladimith Romero | D43: 24 | E43: OK
B44: DM | C44: DUQUE MAYO YENITSE DEL VALLE | D44: 25 | E44: OK | F44: NA | H44: NA | I44: NA
B45: DM | C45: D'YANIRA ALLYZON LEON SUAREZ | D45: =+VLOOKUP(C45,'GRADUADOS '!$A$2:$B$230,2,0) -> 12
B46: ZU | C46: EDITH SILVIA ESPINOZA SURICHAQUI | D46: 23
B47: LUIS | C47: ELIZABETH HUAMANI PALOMINO | D47: 20 | E47: OK
B48: LUIS | C48: ELIZABETH MORALES CARCELEN | D48: =+VLOOKUP(C48,'GRADUADOS '!$A$2:$B$230,2,0) -> 11 | E48: OK
B49: LUIS | C49: Erika Carrasco Chafloque | D49: 25 | E49: OK | F49: NA | H49: NA | I49: NA
B50: JOY | C50: ESPIRITU MOSQUERA JORGE | D50: 25 | F50: NA | H50: NA | I50: NA
B51: ZU | C51: FAUSTINO ALARCON QUICAÑO | D51: 23
B52: DM | C52: FELIPE ALEJANDRO MALLQUI TRUJILLO | D52: 20
B53: DM | C53: FERNANDO ABEL LOPEZ LOPEZ | D53: 23
B54: DM | C54: FLORES MONDALUISA MARiA ANTONIETA | D54: 25 | E54: OK | F54: NA | H54: NA | I54: NA
B55: LEY | C55: FLORES TIPISMANA RUFINO | D55: 22 | E55: NC
B56: JOY | C56: FLORES TIPISMANA YENNY PAOLA | D56: 24
B57: ZU | C57: FRANCISCO JAVIER CHENGUATEN ROOSPIGLIOSI | D57: 23
B58: A | C58: GAMARRA GANOZA GUSTAVO PAUL | D58: 22
B59: LEY | C59: GERALDINE ANDREINA QUISPE ARENAS | D59: 23 | E59: NP
B60: LUIS | C60: Gimi Junyhor Castillo Paredes | D60: 24 | F60: OK
B61: ZU | C61: GINA CaRDENAS LOPEZ | D61: 20
B62: DM | C62: GIOVANA ELIZABETH PALOMINO MARCOS | D62: 23 | E62: OK | F62: NA | H62: NA | I62: NA
B63: ZU | C63: GISSELLA HUAMAN CELESTINO | D63: 23 | F63: NA | H63: NA | I63: NA
B64: ZU | C64: GIULIANA CRISTINA BECERRA CANTELLA | D64: =+VLOOKUP(C64,'GRADUADOS '!$A$2:$B$230,2,0) -> 15
B65: LEY | C65: GUIDO RUSVEL FALCON ROJAS | D65: 20 | E65: NC
B66: JOY | C66: HERNANDEZ MENDOZA LUIS ALBERTO | D66: 24 | E66: OK | F66: OK | H66: OK | I66: NP | J66: CAPITAN DE MESA
B67: A | C67: HIPOLITA SaNCHEZ MEDINA | D67: 20
B68: JOY | C68: JANE ROSALIND PONCE DE LEÓN PINO | D68: 23 | E68: NP | F68: NP | H68: NP | I68: NP
B69: JOY | C69: JAVIER MARTiN LEVANO MAGALLANES | D69: 20 | E69: OK | F69: OK
B70: DM | C70: JESSICA GUISELLE MORALES VEGA | D70: 18
B71: ZU | C71: JESSICA PILAR LOPEZ LOPEZ | D71: 23
B72: JOY | C72: JESUS ELIZABETH BALTAZAT ANGELES | D72: 23
B73: JOY | C73: JIMENA PLASENCIA | D73: 16 | E73: NA | F73: NA | H73: NA | I73: NA
B74: ZU | C74: JOLLY VERA GREZIA MARIA | D74: 22
B75: LEY | C75: JORGE EDUARDO CHALCO CCASA | D75: =+VLOOKUP(C75,'GRADUADOS '!$A$2:$B$230,2,0) -> 16 | E75: NP
B76: JOY | C76: JOSE LUIS JHONATAN MAMANI LOPEZ | D76: 23 | E76: OK
B77: JOY | C77: JUAN ALVARO RAMIREZ HUALPA | D77: 21
B78: DM | C78: JUSTO GONZALO RAMIREZ HUALPA | D78: 20
B79: DM | C79: KATIA MELVA DE PAZ FIGUEROA | D79: =+VLOOKUP(C79,'GRADUADOS '!$A$2:$B$230,2,0) -> 16
B80: LEY | C80: KEMPIS NOLASCO ESTELA | D80: 23
B81: DM | C81: KETTY DORIS BAUTISTA OCHOA | D81: 23
B82: DM | C82: LEISI MEDINA | D82: 19
B83: ZU | C83: LEONARDO QUISPE TRUJILLO | D83: 20
B84: LEY | C84: LEYDY PEÑA CHAVARRIA | D84: =+VLOOKUP(C84,'GRADUADOS '!$A$2:$B$230,2,0) -> 13 | E84: NP
B85: LEY | C85: LILIANA JACKELINE CHU COELLO | D85: =+VLOOKUP(C85,'GRADUADOS '!$A$2:$B$230,2,0) -> 19 | E85: NP
B86: A | C86: LIZ CAROL TRUJILLO MALLQUI | D86: 11 | J86: ALIADO
B87: LUIS | C87: Lizbeth Geraldine Jara Chavarria | D87: 24 | F87: OK
B88: ZU | C88: LóPEZ LóPEZ BRIGITTE FERNANDA | D88: 21
B89: LEY | C89: LOPEZ ZAPANA LOURDES | D89: 21 | E89: XC
B90: JOY | C90: LUIS FELIBERTO PALOMINO | D90: 23
B91: A | C91: LUZ ELVIRA RAMiREZ | D91: 20
B92: JOY | C92: MAGALLANES TASAYCO ESTEFANY LIZET | D92: 22 | E92: NC | F92: NC | H92: NC | I92: NC
B93: JOY | C93: MANTARI MUCHAYPInA BRENDA LUCIA | D93: 25 | F93: NA | H93: NA | I93: NA
B94: LUIS | C94: Manuel Yakima Rivera | E94: OK
B95: DM | C95: MARCOS ORLANDO TORRES ALARCON | D95: 23
B96: LEY | C96: MARIA CELLI HUAYANCA DIAZ | D96: 11 | E96: OK | H96: OK
B97: LEY | C97: MARQUEZ MARCOS CARLOS | D97: 25 | F97: NA | H97: NA | I97: NA
B98: DM | C98: MARTIN VICENTE ESPINOZA CHAVEZ | D98: 23
B99: DM | C99: MECHAN TANG SUYMI JOANNET | D99: 25 | E99: NP | F99: NA | H99: NA | I99: NA
B100: ZU | C100: MENDOZA PAREDES EDGAR AMERICO | D100: 22
...

Sheet APOYOS CAP 1 E24
B1: CODIGO DE VESTIMENTA PARA LOS APOYOS SIEMPRE NEGRO FORMAL | J1: OBS
A2: N° | B2: RESPONSABLE | C2: APOYOS | D2: EQUIPO | E2: VIERNES 8 AM - 1PM | F2: SÁBADO 830 AM - 12PM | G2: SÁBADO 5 PM - 8 PM | H2: DOMINGO 8:30 AM - 11 AM | I2: DOMINGO 430 PM - 8 PM
A3: 1 | B3: GARETH | C3: SANDRA MARLENE LOPEZ CHAHUA | D3: =+VLOOKUP(C3,'GRADUADOS '!$A$2:$B$230,2,0) -> 9 | E3: NP | F3: NP | G3: NP | H3: NP | I3: NP
A4: 2 | B4: JOYCE | C4: CARMEN PEREZ CHINCHAY | D4: 9 | E4: NP | F4: OK | G4: OK | H4: OK | I4: OK | J4: CONFIRMO PARA EL VIERNES 16 - GARETH - SE VA A CAP2
A5: 3 | B5: JOYCE | C5: MILAGROS CASTAÑEDA ORBE | D5: 10
A6: 4 | B6: KRISCIA | C6: ELIZABETH MORALES CARCELEN | D6: =+VLOOKUP(C6,'GRADUADOS '!$A$2:$B$230,2,0) -> 11 | E6: NP | F6: NA | G6: NA | H6: NA | I6: NA
A7: 5 | B7: GARETH | C7: LIZ CAROL TRUJILLO MALLQUI | D7: 11 | E7: NP | F7: NP | G7: NP | H7: NP | I7: NP | J7: MESA DE ENROLLAMIENTO CAP2 SABADO
A8: 6 | B8: GARETH | C8: SHIRLEY RIVERA HUAMAN | D8: =+VLOOKUP(C8,'GRADUADOS '!$A$2:$B$230,2,0) -> 12 | E8: NP
A9: 7 | B9: KRISCIA | C9: D'YANIRA ALLYZON LEON SUAREZ | D9: =+VLOOKUP(C9,'GRADUADOS '!$A$2:$B$230,2,0) -> 12 | E9: NP | F9: NA | G9: NA | H9: NA | I9: NA
A10: 8 | B10: JOYCE | C10: PAMELA MORALES VEGA | D10: 12 | E10: NP | F10: NP | G10: NP | H10: NP | I10: NP
A11: 9 | B11: GARETH | C11: LEYDY PEÑA CHAVARRIA | D11: =+VLOOKUP(C11,'GRADUADOS '!$A$2:$B$230,2,0) -> 13 | E11: NP | F11: NP | G11: NP | H11: NP | I11: NP
A12: 10 | B12: GARETH | C12: PILAR DE LA CRUZ | D12: =+VLOOKUP(C12,'GRADUADOS '!$A$2:$B$230,2,0) -> 13 | F12: NP | G12: NP | H12: NP | I12: NP
A13: 11 | B13: KRISCIA | C13: MARÍA ELENA ROMERO RAMIREZ | D13: =+VLOOKUP(C13,'GRADUADOS '!$A$2:$B$230,2,0) -> 13 | F13: NA | G13: NA | H13: NA | I13: OK
A14: 12 | B14: JOYCE | C14: MARIA VERONICA JIMENEZ VASQUEZ | D14: =+VLOOKUP(C14,'GRADUADOS '!$A$2:$B$230,2,0) -> 13 | E14: NP | F14: NP | G14: NP | H14: NP | I14: NP
A15: 13 | B15: GARETH | C15: JESUS JULIO ANTAURCO PEREZ | D15: =+VLOOKUP(C15,'GRADUADOS '!$A$2:$B$230,2,0) -> 14 | E15: NA
A16: 14 | B16: GARETH | C16: PILAR CUADRAO CARRUITERO | D16: =+VLOOKUP(C16,'GRADUADOS '!$A$2:$B$230,2,0) -> 14 | E16: NA
A17: 15 | B17: KRISCIA | C17: NORA ANAYA ESPINOZA | D17: =+VLOOKUP(C17,'GRADUADOS '!$A$2:$B$230,2,0) -> 14 | E17: NA | F17: NA | G17: NA | H17: NA | I17: NA
A18: 16 | B18: KRISCIA | C18: RONY LANDEO | D18: =+VLOOKUP(C18,'GRADUADOS '!$A$2:$B$230,2,0) -> 14 | E18: NA | F18: NA | G18: NA | H18: NA | I18: NA
A19: 17 | B19: JOYCE | C19: JESSICA CONGA HUARCAYA | D19: =+VLOOKUP(C19,'GRADUADOS '!$A$2:$B$230,2,0) -> 14
A20: 18 | B20: JOYCE | C20: PIERO ALESSANDRO PORTAL PASQUEL | D20: =+VLOOKUP(C20,'GRADUADOS '!$A$2:$B$230,2,0) -> 14 | E20: NP | F20: NP | G20: XC | H20: NP | I20: XC
A21: 19 | B21: JOYCE | C21: SONIA POLANCO CABEZA | D21: =+VLOOKUP(C21,'GRADUADOS '!$A$2:$B$230,2,0) -> 14
A22: 20 | B22: GARETH | C22: ANTONY LEO ALTAMIRANO LLACCHUAS | D22: =+VLOOKUP(C22,'GRADUADOS '!$A$2:$B$230,2,0) -> 15 | E22: NP | F22: OK | G22: NP | H22: NP | I22: NP
A23: 21 | B23: GARETH | C23: NANCY MALPARTIDA FLORES | D23: =+VLOOKUP(C23,'GRADUADOS '!$A$2:$B$230,2,0) -> 15 | E23: NP | F23: NP | G23: NA | H23: NA | I23: NA | J23: CONFIRMA EL MIERCOLES 7 - JOYCE HIZO LLAMADA
A24: 22 | B24: KRISCIA | C24: GIULIANA CRISTINA BECERRA CANTELLA | D24: =+VLOOKUP(C24,'GRADUADOS '!$A$2:$B$230,2,0) -> 15 | E24: NC | F24: NA | G24: NA | H24: NA | I24: NA
A25: 23 | B25: KRISCIA | C25: SHEILA DE LA CRUZ HUAYTALLA | D25: =+VLOOKUP(C25,'GRADUADOS '!$A$2:$B$230,2,0) -> 15 | E25: NC | F25: NA | G25: NA | H25: NA | I25: NA
A26: 24 | B26: JOYCE | C26: MARIBEL ROBERTA ESPAÑA ZAMBRANO | D26: =+VLOOKUP(C26,'GRADUADOS '!$A$2:$B$230,2,0) -> 15 | E26: NC | F26: NC | G26: NC | H26: NC | I26: NC
A27: 25 | B27: GARETH | C27: DAINA AYELEN MARTINEZ FLORES | D27: =+VLOOKUP(C27,'GRADUADOS '!$A$2:$B$230,2,0) -> 16
A28: 26 | B28: GARETH | C28: JOSE ISRAEL MAQUERA MONTOYA | D28: =+VLOOKUP(C28,'GRADUADOS '!$A$2:$B$230,2,0) -> 16
A29: 27 | B29: GARETH | C29: ODALIS RIVERA OSORES | D29: =+VLOOKUP(C29,'GRADUADOS '!$A$2:$B$230,2,0) -> 16 | E29: NC
A30: 28 | B30: KRISCIA | C30: BLANCA LUZ CHACHAYMA MARCOS | D30: =+VLOOKUP(C30,'GRADUADOS '!$A$2:$B$230,2,0) -> 16 | E30: NA | F30: NA | G30: NA | H30: NA | I30: NA
A31: 29 | B31: KRISCIA | C31: JOHAN JENRRY LOZANO PONCE | D31: =+VLOOKUP(C31,'GRADUADOS '!$A$2:$B$230,2,0) -> 16 | E31: NP | F31: NA | G31: NA | H31: NA | I31: NA
A32: 30 | B32: KRISCIA | C32: KATIA MELVA DE PAZ FIGUEROA | D32: =+VLOOKUP(C32,'GRADUADOS '!$A$2:$B$230,2,0) -> 16 | E32: NP | F32: NA | G32: NA | H32: NA | I32: NA
A33: 31 | B33: KRISCIA | C33: RUMI MONTANO RAMOS | D33: =+VLOOKUP(C33,'GRADUADOS '!$A$2:$B$230,2,0) -> 16 | E33: NC | F33: NA | G33: NA | H33: NA | I33: NA
A34: 32 | B34: JOYCE | C34: CARLOS HUMBERTO MENDOZA PICOAGA | D34: =+VLOOKUP(C34,'GRADUADOS '!$A$2:$B$230,2,0) -> 16
A35: 33 | B35: JOYCE | C35: JORGE EDUARDO CHALCO CCASA | D35: =+VLOOKUP(C35,'GRADUADOS '!$A$2:$B$230,2,0) -> 16 | E35: NP | F35: NP | G35: NP | H35: NP | I35: NP
A36: 34 | B36: JOYCE | C36: MARIA ISABEL REYNOSO ARENAS | D36: =+VLOOKUP(C36,'GRADUADOS '!$A$2:$B$230,2,0) -> 16
A37: 35 | B37: JOYCE | C37: SOFIA ALLCCA LLACCHUAS | D37: =+VLOOKUP(C37,'GRADUADOS '!$A$2:$B$230,2,0) -> 16
A38: 36 | B38: KRISCIA | C38: JIMENA PLASENCIA | D38: 16 | E38: OK | F38: NA | G38: NA | H38: NA | I38: NA
A39: 37 | B39: GARETH | C39: ANGELLO GERONIMO PANTA MORALES | D39: =+VLOOKUP(C39,'GRADUADOS '!$A$2:$B$230,2,0) -> 17 | E39: NC
A40: 38 | B40: GARETH | C40: IRENA LARICO LIMACHI | D40: =+VLOOKUP(C40,'GRADUADOS '!$A$2:$B$230,2,0) -> 17
A41: 39 | B41: GARETH | C41: ROSSANA STEPHANY TRUJILLO MONTOYA | D41: =+VLOOKUP(C41,'GRADUADOS '!$A$2:$B$230,2,0) -> 17
A42: 40 | B42: KRISCIA | C42: FERNANDO HERNAN VENTURA ESPINOZA | D42: =+VLOOKUP(C42,'GRADUADOS '!$A$2:$B$230,2,0) -> 17 | E42: NA | F42: NA | G42: NA | H42: NA | I42: NA
A43: 41 | B43: KRISCIA | C43: LIZETH PATRICIA ACUÑA MATOS | D43: =+VLOOKUP(C43,'GRADUADOS '!$A$2:$B$230,2,0) -> 17 | E43: NC | F43: NA | G43: NA | H43: NA | I43: NA
A44: 42 | B44: KRISCIA | C44: SARAI MESIAS TOLENTINO | D44: =+VLOOKUP(C44,'GRADUADOS '!$A$2:$B$230,2,0) -> 17 | E44: NA | F44: NA | G44: NA | H44: NA | I44: NA
A45: 43 | B45: JOYCE | C45: ANGEL EDUARDO VELIZ YSLA | D45: =+VLOOKUP(C45,'GRADUADOS '!$A$2:$B$230,2,0) -> 17 | E45: NA | F45: NA | G45: NA | H45: NA | I45: NA
A46: 44 | B46: JOYCE | C46: GUSTAVO ADOLFO FERNANDEZ ESPINOZA | D46: =+VLOOKUP(C46,'GRADUADOS '!$A$2:$B$230,2,0) -> 17
A47: 45 | B47: JOYCE | C47: ROGGER ALCANTARA GUERRERO | D47: =+VLOOKUP(C47,'GRADUADOS '!$A$2:$B$230,2,0) -> 17 | E47: NC | F47: NC | G47: NC | H47: NC | I47: NC
A48: 46 | B48: JOYCE | C48: SAUL FLAVIO CRUZADO MAMANI | D48: =+VLOOKUP(C48,'GRADUADOS '!$A$2:$B$230,2,0) -> 17
A49: 47 | B49: GARETH | C49: NADIA ZEGARRA TOLENTINO | D49: =+VLOOKUP(C49,'GRADUADOS '!$A$2:$B$230,2,0) -> 18
A50: 48 | B50: KRISCIA | C50: DIANA CAROLINA CCOSCCO GUTIéRREZ | D50: =+VLOOKUP(C50,'GRADUADOS '!$A$2:$B$230,2,0) -> 18 | E50: NC | F50: NA | G50: NA | H50: NA | I50: NA
A51: 49 | B51: KRISCIA | C51: ROXANA ELIZABETH AYVAR VEGA | D51: =+VLOOKUP(C51,'GRADUADOS '!$A$2:$B$230,2,0) -> 18 | E51: NC | F51: NA | G51: NA | H51: NA | I51: NA
A52: 50 | B52: JOYCE | C52: GABRIELA KATERINNE JARA NARCISO | D52: =+VLOOKUP(C52,'GRADUADOS '!$A$2:$B$230,2,0) -> 18 | E52: NC | F52: NC | G52: NC | H52: NC | I52: NC
A53: 51 | B53: JOYCE | C53: RONALD HENRY CARITA CANSAYA | D53: 18 | E53: NP | F53: NP | G53: OK | H53: OK | I53: NP
A54: 52 | B54: JOYCE | C54: JESSICA GUISELLE MORALES VEGA | D54: 18 | E54: OK | F54: NP | G54: NP | H54: NP | I54: NP
A55: 53 | B55: GARETH | C55: CAMILA ALEGRIA VERASTEGUI DURAN | D55: =+VLOOKUP(C55,'GRADUADOS '!$A$2:$B$230,2,0) -> 19 | E55: NC
A56: 54 | B56: GARETH | C56: FIORELA GUTIERREZ SAAVEDRA | D56: =+VLOOKUP(C56,'GRADUADOS '!$A$2:$B$230,2,0) -> 19
A57: 55 | B57: GARETH | C57: LILIANA JACKELINE CHU COELLO | D57: =+VLOOKUP(C57,'GRADUADOS '!$A$2:$B$230,2,0) -> 19 | J57: FUERA DE PERU
A58: 56 | B58: GARETH | C58: YEMBER CONDE QUISPE | D58: =+VLOOKUP(C58,'GRADUADOS '!$A$2:$B$230,2,0) -> 19
A59: 57 | B59: KRISCIA | C59: CLAUDIA CATHERINE LÓPEZ JARAMILLO | D59: =+VLOOKUP(C59,'GRADUADOS '!$A$2:$B$230,2,0) -> 19 | E59: NP | F59: NA | G59: NA | H59: NA | I59: NA
A60: 58 | B60: KRISCIA | C60: GLADYS EUSEBIA MORENO CORNEJO | D60: =+VLOOKUP(C60,'GRADUADOS '!$A$2:$B$230,2,0) -> 19 | E60: NP | F60: NA | G60: NA | H60: NA | I60: NA
A61: 59 | B61: KRISCIA | C61: MONICA FABIOLA FERNANDEZ ESPINOZA | D61: =+VLOOKUP(C61,'GRADUADOS '!$A$2:$B$230,2,0) -> 19 | E61: NC | F61: NA | G61: NA | H61: NA | I61: NA
A62: 60 | B62: JOYCE | C62: ANA TIPISMANA VIUDA DE FLORES | D62: =+VLOOKUP(C62,'GRADUADOS '!$A$2:$B$230,2,0) -> 19 | E62: NA | F62: NA | G62: NA | H62: NA | I62: NA
A63: 61 | B63: JOYCE | C63: DIANA REYNA RAMOS OROSCO | D63: =+VLOOKUP(C63,'GRADUADOS '!$A$2:$B$230,2,0) -> 19 | E63: NP | F63: OK | G63: NP
A64: 62 | B64: JOYCE | C64: LEISI MEDINA | D64: 19 | E64: NP | F64: NP | G64: NP | H64: NP | I64: NP
A65: 63 | B65: JOYCE | C65: VIOLETA LIS BELLO GASPAR | D65: =+VLOOKUP(C65,'GRADUADOS '!$A$2:$B$230,2,0) -> 19 | E65: NC
A66: 64 | B66: KRISCIA | C66: ZULLY FUENTES PAUCAR | D66: 20 | E66: NC | F66: NA | G66: NA | H66: NA | I66: NA
A67: 65 | B67: KRISCIA | C67: PILCO CALIZAYA RICHARD | D67: 20 | E67: NP | F67: NA | G67: NA | H67: NA | I67: NA
A68: 66 | B68: JOYCE | C68: FELIPE TRUJILLO MALLQUI | D68: 20 | E68: NC
A69: 67 | B69: JOYCE | C69: JUAN ALVARO RAMIREZ HUALPA | D69: 21 | E69: OK | F69: NP | G69: NP | H69: NP | I69: NP
A70: 68 | B70: GARETH | C70: AARON ALBERTO URIARTE CACHAY | D70: 21 | E70: NC
A71: 69 | B71: GARETH | C71: MURILLO BONETT ROXANA | D71: 21
A72: 70 | B72: JOYCE | C72: LOPEZ ZAPANA LOURDES | D72: 21 | E72: NP | F72: NO | G72: NO | H72: NO | I72: NO
A73: 71 | B73: JOYCE | C73: MOSCOSO RIOS GUILLERMO | D73: 21 | E73: NC | F73: NC | G73: NC | H73: NC | I73: NC
A74: 72 | B74: GARETH | C74: RODRIGUEZ LA RIVA DAVID JESUS | D74: 21 | E74: OK | F74: NP | G74: NP | H74: NP | I74: NP
A75: 73 | B75: KRISCIA | C75: LóPEZ LóPEZ BRIGITTE FERNANDA | D75: 21 | F75: NA | G75: NA | H75: NA | I75: NA
A76: 74 | B76: JOYCE | C76: RAMIREZ HUALPA MARIO WILFREDO | D76: 21 | E76: OK | F76: NO | G76: NO | H76: NO | I76: NO
A77: 75 | B77: GARETH | C77: ROSMERY OCHOA FERRER | D77: 21 | E77: OK | F77: NP | G77: NP | H77: NP | I77: NP
A78: 76 | B78: KRISCIA | C78: MONTANO MIRANDA ARISKELA | D78: 21 | F78: NA | G78: NA | H78: NA | I78: NA
A79: 77 | B79: KRISCIA | C79: NOLASCO ESTELA SERGIO | D79: 21 | E79: OK | F79: NA | G79: NA | H79: NA | I79: NA
A80: 78 | B80: KRISCIA | C80: SOLANGE MARTINEZ TERREROS | D80: 21 | E80: OK | F80: NP | G80: NP | H80: NP | I80: NP
A81: 79 | B81: JOYCE | C81: BANEZ LAURANTE YENI | D81: 22 | E81: NC | F81: NO | G81: NO | H81: NO | I81: NO
A82: 80 | B82: JOYCE | C82: CASTILLO RIOS PAMELA CYNTHIA | D82: 22 | F82: NO | G82: NO | H82: NO | I82: NO
A83: 81 | B83: JOYCE | C83: JOLLY VERA GREZIA MARIA | D83: 22 | E83: NP | F83: OK | G83: NP | H83: NP | I83: NP
A84: 82 | B84: JOYCE | C84: MIRANDA CALSIN DORIS | D84: 22 | E84: NP | F84: NO | G84: NO | H84: NO | I84: NO
A85: 83 | B85: JOYCE | C85: ROJAS RIMAC LIDA HILARIA | D85: 22 | E85: NA | F85: NA | G85: NA | H85: NA | I85: NA
A86: 84 | B86: JOYCE | C86: SOSAYA JIMENEZ ARIANA XIMENA | D86: 22 | E86: OK | F86: NO | G86: NO | H86: NO | I86: NO
A87: 85 | B87: JOYCE | C87: VARGAS ENRIQUEZ JOLBER | D87: 22 | E87: NP | F87: NO | G87: NO | H87: NO | I87: NO
A88: 86 | B88: KRISCIA | C88: ARAUJO TANGOA BERTHA LUZ | D88: 22 | E88: NA | F88: NA | G88: NA | H88: NA | I88: NA
A89: 87 | B89: KRISCIA | C89: CASTANEDA PONCE DE LEON JENNIFER ALYSSON | D89: 22 | E89: OK | F89: NA | G89: NA | H89: NA | I89: NA
A90: 88 | B90: KRISCIA | C90: GAMARRA GANOZA GUSTAVO PAUL | D90: 22 | E90: NA | F90: NA | G90: NA | H90: NA | I90: NA
A91: 89 | B91: KRISCIA | C91: MENDOZA PAREDES EDGAR AMERICO | D91: 22 | E91: NA | F91: NA | G91: NA | H91: NA | I91: NA
A92: 90 | B92: KRISCIA | C92: PORTOCARRERO PEREA KARIN | D92: 22 | F92: NA | G92: NA | H92: NA | I92: NA
A93: 91 | B93: KRISCIA | C93: SANTA CRUZ BUENDIA YIENY | D93: 22 | F93: NA | G93: NA | H93: NA | I93: NA
A94: 92 | B94: KRISCIA | C94: VALENCIA CCOSCCO YOLANDA | D94: 22 | E94: NA | F94: NA | G94: NA | H94: NA | I94: NA
A95: 93 | B95: GARETH | C95: APONTE PEREZ CHARO YANETH | D95: 22 | F95: NP | G95: NP | H95: NP | I95: NP
A96: 94 | B96: GARETH | C96: BUENDIA MUNOZ GIULIANA EDITH | D96: 22
A97: 95 | B97: GARETH | C97: FLORES TIPISMANA RUFINO | D97: 22
A98: 96 | B98: GARETH | C98: MAGALLANES TASAYCO ESTEFANY LIZET | D98: 22 | E98: NC
A99: 97 | B99: GARETH | C99: OLARTE BARRIENTOS MARIA | D99: 22 | E99: OK | F99: OK | G99: NO | H99: NO | I99: NO
A100: 98 | B100: GARETH | C100: SANGAY SALVATIERRA BRIAN STEVE | D100: 22 | E100: NP | F100: OK | G100: NO | H100: NO | I100: NO
...

Sheet APOYOs CAP 2 E26
I1: LEYENDA
A2: CODIGO DE VESTIMENTA PARA LOS APOYOS SIEMPRE NEGRO FORMAL | D2: Mesa de enrolamiento | E2: Mesa de enrolamiento | F2: Mesa de enrolamiento | G2: OBS | I2: NA | J2: NO APLICA INVITACION
A3: RESPONSABLE | B3: APOYOS | C3: EQUIPO | D3: JUEVES 11:00 AM - 3:00 PM | E3: VIERNES 7:30 - 2:00 pm | F3: SABADO 7:30 AM - 11:00 AM | I3: OK | J3: CONFIRMA ASISTENCIA
A4: DM | B4: CARMEN GRICELDA PEREZ CHINCHAY | C4: 5 | D4: OK | E4: OK | F4: OK
A5: LP | B5: ANEL ORIHUELA | C5: 6 | D5: NP | E5: OK | F5: NP | M5: 1875 | N5: =+M5/3.34 -> 561.37725
A6: JM | B6: GARETH SAID RAMOS PEREZ | C6: 7 | D6: NP
A7: DM | B7: ANGELLA MARIA BOLLET GOMEZ | C7: 10 | D7: OK | E7: NP | F7: NC
A8: LP | B8: MILAGROS CASTAÑEDA ORBE | C8: 10 | D8: NC
A9: JM | B9: ALEXANDRA TAPULLIMA CORDOVA | C9: 11 | D9: NP
A10: DM | B10: ANAMELVA QUIÑONES BELTRÁN | C10: 11 | D10: NC | E10: NC | F10: NC
A11: LP | B11: DIEGO HECTOR BARBIERI GALECIO | C11: 11 | D11: NC
A12: JM | B12: ELIZABETH MORALES CARCELEN | C12: 11 | D12: NP | E12: NP | F12: NP
A13: DM | B13: LUIS HERNANDEZ | C13: 11 | D13: NP | E13: NP | F13: NP
A14: LP | B14: PAMELA MORALES VEGA | C14: 12 | D14: NC
A15: JM | B15: EUFEMIA ISABEL CORREA OLAYA | C15: 12 | D15: NP | E15: NP | F15: NP
A16: DM | B16: RAQUEL RIVEROS RAMOS | C16: 13 | D16: OK | E16: NP | F16: NP
A17: LP | B17: PATRICIA LILIANA RÍOS ROSSELL | C17: 13 | D17: NP
A18: JM | B18: RAÚL CHÁVEZ INCHE | C18: 13 | D18: NP | E18: OK
A19: DM | B19: PIERO ALESSANDRO PORTAL PASQUEL | C19: 14 | D19: NP | E19: NP | F19: NP
A20: LP | B20: ROXANA FLORENTINA BORJAS ORMEÑO | C20: 14 | D20: NP | F20: NP
A21: JM | B21: MARINA PATRICIA CRUZADO MAMANI | C21: 15 | D21: NP | E21: OK
A22: DM | B22: GERALDINE STEPHANIE OTRERA CACÑAHUARAY | C22: 15 | D22: NP | E22: NP | F22: NP
A23: LP | B23: JENNY BETSABET ESPINAL BALTAZAR | C23: 16 | D23: NC
A24: JM | B24: JESSICA PILAR LOPEZ LOPEZ | C24: 16 | D24: NP | E24: NP | F24: NP
A25: DM | B25: LELY MELUSA ALTAMIRANO LLANTOY | C25: 16 | D25: NP | E25: NP | F25: NP | G25: DE VIAJE
A26: LP | B26: ELMER ANGEL CHIPANA QUISPE | C26: 17 | D26: NC
A27: JM | B27: GABRIELA NAUPARI VASQUEZ | C27: 17
A28: LP | B28: FERNANDO LOPEZ MELO | C28: 17
A29: JM | B29: ANA CARINA CáRDENAS TERREROS | C29: 18 | D29: NP | E29: NP | F29: NP
A30: DM | B30: DIANA CAROLINA CCOSCCO GUTIéRREZ | C30: 18 | D30: NC | E30: NC | F30: NC
A31: LP | B31: JESSICA GUISELLE MORALES VEGA | C31: 18 | E31: OK
A32: JM | B32: LOPEZ LOPEZ FERNANDO ABEL | C32: 18
A33: DM | B33: ANITA ESPERANZA FLORES TIPISMANA | C33: 19 | D33: NP | E33: NP | F33: NP
A34: NA | B34: CAMILA ALEGRIA VERASTEGUI DURAN | C34: 19
A35: JM | B35: CLAUDIA CATHERINE LÓPEZ JARAMILLO | C35: 19
A36: LP | B36: GIOVANA ELIZABETH PALOMINO MARCOS | C36: 19 | D36: NP | E36: NP | F36: NP
A37: JM | B37: DIANA REYNA RAMOS OROSCO | C37: 19 | D37: NP
A38: NA | B38: FABIO ALESSANDRO CANQUY LLOYD | C38: 19 | D38: NA | E38: NA | F38: NA
A39: LP | B39: FIORELA GUTIERREZ SAAVEDRA | C39: 19 | D39: NC
A40: JM | B40: GISSELLA HUAMAN CELESTINO | C40: 19 | D40: NC | E40: NC | F40: OK
A41: DM | B41: MAICHOL EDSON FUENTES CALLAUA | C41: 19 | D41: NC | E41: NC | F41: NC
A42: LP | B42: MONICA FABIOLA FERNANDEZ ESPINOZA | C42: 19
A43: JM | B43: MUNOZ URQUIAGA NICOLE BERTHA | C43: 20
A44: DM | B44: CAROLINA VICTORIA MANRIQUE HUARANCA | C44: 20 | D44: NP
A45: LP | B45: ELIZABETH HUAMANI PALOMINO | C45: 20 | D45: OK
A46: JM | B46: GINA CaRDENAS LOPEZ | C46: 20 | F46: OK
A47: DM | B47: YESENIA ZULLY PAUCAR MENDOZA | C47: 20
A48: LP | B48: HIPOLITA SaNCHEZ MEDINA | C48: 20 | D48: NP | E48: NP | F48: OK
A49: NA | B49: LUZ ELVIRA RAMiREZ | C49: 20 | D49: NA | E49: NA | F49: NA
A50: DM | B50: ANGEL ENRIQUE YONG LAU | C50: 20 | D50: NC
A51: LP | B51: MILAGROS YULIANA SOTO RIVERA | C51: 20
A52: JM | B52: JAVIER MARTiN LEVANO MAGALLANES | C52: 20 | D52: NP | E52: OK | F52: NP
A53: DM | B53: LOPEZ ZAPANA LOURDES | C53: 21 | D53: NP
A54: LP | B54: LóPEZ LóPEZ BRIGITTE FERNANDA | C54: 21
A55: JM | B55: NOLASCO ESTELA SERGIO | C55: 21 | D55: NP | E55: NP | F55: OK
A56: DM | B56: MOSCOSO RIOS GUILLERMO | C56: 21 | D56: NP
A57: LP | B57: RODRIGUEZ LA RIVA DAVID JESUS | C57: 21
A58: JM | B58: MURILLO BONETT ROXANA | C58: 21 | D58: NP | E58: NP | F58: NP
A59: DM | B59: MARTINEZ TERREROS SOLANGE | C59: 21 | D59: NC
A60: LP | B60: SaNCHEZ CASTRO TANIA AURORA | C60: 21 | D60: NP | E60: NP | F60: NP
A61: JM | B61: MURO GAYOSO PERCY ANTONIO | C61: 21 | D61: NC | E61: NC | F61: NC
A62: DM | B62: TIPISMANA PASACHE ALEJANDRINA PATRICIA | C62: 21 | D62: NP
A63: LP | B63: HUAMaN ALVAREZ YISSEL | C63: 21
A64: JM | B64: CASTANEDA PONCE DE LEON JENNIFER ALYSSON | C64: 22
A65: DM | B65: NOLASCO CHIPANA NILDA NICOLE | C65: 22 | D65: NP | E65: NP | F65: OK
A66: LP | B66: PORTOCARRERO PEREA KARIN | C66: 22 | D66: NP
A67: JM | B67: VALDIVIA VILLEGAS VICTORIA DEL MILAGRO | C67: 22 | D67: NC
A68: DM | B68: MAGALLANES TASAYCO ESTEFANY LIZET | C68: 22
A69: LP | B69: CASTILLO RIOS PAMELA CYNTHIA | C69: 22
A70: NA | B70: BRIAN STEVE SANGAY SALVATIERRA | C70: 22 | D70: NA | E70: NA | F70: NA
A71: DM | B71: MARIA OLARTE BARRIENTOS | C71: 22 | D71: NA | E71: NA | F71: NA
A72: LP | B72: CHENGUAYEN ROSPIGLIOSI FRANCISCO JAVIER | C72: 23 | D72: NP | E72: NP | F72: NP
A73: JM | B73: CASTILLO GONZALES CRISTIAN MIJAIL | C73: 23 | D73: NC
A74: DM | B74: MITAC ESCALANTE VANNIA STEF | C74: 23 | D74: NP | E74: NP | F74: NP
A75: LP | B75: NAVARRO PALMA YARISMAR ANDREiNA | C75: 23
A76: JM | B76: SANDRA ISABEL MENDOZA SORIA | C76: 23 | D76: NC
A77: DM | B77: NOLASCO ESTELA CORNELIO | C77: 23
A78: LP | B78: BAUTISTA OCHOA KETTY DORIS | C78: 23 | D78: NC
A79: JM | B79: VELaSQUEZ CONDORI ROSMERY LISBETH | C79: 23
A80: DM | B80: TORRES ALARCoN MARCOS ORLANDO | C80: 23 | D80: NP | E80: NP | F80: OK
A81: LP | B81: AKIKO UNTEN | C81: 24 | D81: OK | E81: NP | F81: NA
A82: JM | B82: CALLE GUIZADO NAYSHA ESCARLETH | C82: 24 | D82: NP | E82: OK | F82: NP
A83: DM | B83: HOLLY CASTILLO | C83: 24 | D83: NC | F83: NA
A84: LP | B84: ANDRADE ANITA BELEN | C84: 24 | F84: NA
A85: JM | B85: MAURICIO LAOS MARIA KATHERINE VANESSA | C85: 24 | D85: NP | E85: NP | F85: NP
A86: DM | B86: Anita Belen | C86: 24 | D86: NC | F86: NA
A87: JM | B87: Ariana Mlegar | C87: 24 | D87: OK | E87: XC | F87: NA
A88: DM | B88: Axel Blas | C88: 24 | D88: XC | E88: OK | F88: NA
A89: JM | B89: Betty Huanca | C89: 24 | D89: NP | E89: OK | F89: NA
A90: DM | B90: Dalin | C90: 24 | D90: XC | E90: NA | F90: NA
A91: JM | B91: Diego Wladimith | C91: 24 | F91: NA
A92: DM | B92: Francia Ramirez | C92: 24 | D92: NP | E92: NP | F92: NA
A93: LP | B93: Barmer
A94: JM | B94: Francisco Huaman (Manolo) | C94: 24 | D94: NP | E94: NP | F94: NA
A95: DM | B95: Isabel Enriquez | C95: 24 | D95: NP | E95: NP | F95: NA
A96: JM | B96: Jose Paico | C96: 24 | D96: NC | E96: NC | F96: NA
A97: DM | B97: Juana Sifuentes | C97: 24 | D97: NC | E97: NC | F97: NA
A98: JM | B98: Milagritos Montoya | C98: 24 | D98: XC | E98: NA | F98: NA
A99: DM | B99: Ronald Huamani | C99: 24 | D99: NP | E99: NP | F99: NA
A100: JM | B100: Rosa chipana | C100: 24 | D100: NP | E100: XC | F100: NA
...

Sheet APOYOs CAP 2 E25
I1: LEYENDA
A2: CODIGO DE VESTIMENTA PARA LOS APOYOS SIEMPRE NEGRO FORMAL | D2: Mesa de enrolamiento | E2: Mesa de enrolamiento | F2: Mesa de enrolamiento | G2: OBS | I2: NA | J2: NO APLICA INVITACION
A3: RESPONSABLE | B3: APOYOS | C3: EQUIPO | D3: JUEVES 11:00 AM - 3:00 PM | E3: VIERNES 7:30 - 2:00 pm | F3: SABADO 7:30 AM - 11:00 AM | I3: OK | J3: CONFIRMA ASISTENCIA
B4: CARMEN GRICELDA PEREZ CHINCHAY | C4: 5 | E4: OK | F4: OK
B5: ANEL ORIHUELA | C5: 6 | M5: 1875 | N5: =+M5/3.34 -> 561.37725
B6: GARETH SAID RAMOS PEREZ | C6: 7 | D6: OK
B7: ANGELLA MARIA BOLLET GOMEZ | C7: 10 | D7: OK
B8: MILAGROS CASTAÑEDA ORBE | C8: 10 | E8: OK
B9: ALEXANDRA TAPULLIMA CORDOVA | C9: 11
B10: ANAMELVA QUIÑONES BELTRÁN | C10: 11 | F10: OK
B11: DIEGO HECTOR BARBIERI GALECIO | C11: 11 | D11: NP | E11: NP | F11: NP
B12: ELIZABETH MORALES CARCELEN | C12: 11 | E12: NP
B13: LUIS HERNANDEZ | C13: 11 | D13: OK | E13: OK | G13: CAPITAN DE MESA
B14: PAMELA MORALES VEGA | C14: 12
B15: ZARA CASTILLO | C15: 12
B16: EUFEMIA ISABEL CORREA OLAYA | C16: 12 | E16: NP
B17: SHIRLEY RIVERA HUAMAN | C17: 12 | E17: NP | F17: NP
B18: RAQUEL RIVEROS RAMOS | C18: 13 | D18: NP | E18: OK
B19: PATRICIA LILIANA RÍOS ROSSELL | C19: 13 | D19: NP
B20: PIERO ALESSANDRO PORTAL PASQUEL | C20: 14 | D20: NP | E20: NP | F20: NP
B21: ROCIO AYVAR VEGA | C21: 14
B22: ROXANA FLORENTINA BORJAS ORMEÑO | C22: 14
B23: MARINA PATRICIA CRUZADO MAMANI | C23: 15 | D23: OK
B24: LEISI MEDINA IDROGO | C24: 15
B25: GERALDINE STEPHANIE OTRERA CACÑAHUARAY | C25: 15 | F25: OK
B26: JENNY BETSABET ESPINAL BALTAZAR | C26: 16
B27: JESSICA PILAR LOPEZ LOPEZ | C27: 16
B28: JIMENA MARIBEL PLASENCIA AGUILAR | C28: 16
B29: KATIA MELVA DE PAZ FIGUEROA | C29: 16
B30: SOFIA ALLCCA LLACCHUAS | C30: 16
B31: LELY MELUSA ALTAMIRANO LLANTOY | C31: 16 | E31: OK
B32: ELMER ANGEL CHIPANA QUISPE | C32: 17
B33: GABRIELA NAUPARI VASQUEZ | C33: 17
B34: URSULA LAY GUILLEN | C34: 17
B35: FERNANDO LOPEZ MELO | C35: 17
B36: ANA CARINA CáRDENAS TERREROS | C36: 18 | D36: OK | F36: OK
B37: DARNER ISZAT DIAZ ZAPANA | C37: 18
B38: DIANA CAROLINA CCOSCCO GUTIéRREZ | C38: 18
B39: JESSICA GUISELLE MORALES VEGA | C39: 18 | E39: NP
B40: LOPEZ LOPEZ FERNANDO ABEL | C40: 18
B41: ANA TIPISMANA VIUDA DE FLORES | C41: 19
B42: ANITA ESPERANZA FLORES TIPISMANA | C42: 19
B43: LUCAS ALBERTO SANCHEZ SILVA | C43: 19
B44: CAMILA ALEGRIA VERASTEGUI DURAN | C44: 19
B45: CLAUDIA CATHERINE LÓPEZ JARAMILLO | C45: 19
B46: CONSUELO LAURA BALTAZAR ROSALES | C46: 19
B47: GIOVANA ELIZABETH PALOMINO MARCOS | C47: 19
B48: DIANA REYNA RAMOS OROSCO | C48: 19
B49: FABIO ALESSANDRO CANQUY LLOYD | C49: 19
B50: FABRICIO JAIR, CARDENAS ALTA MIRANO | C50: 19
B51: FIORELA GUTIERREZ SAAVEDRA | C51: 19
... B58: NOELIA VIRGINIA COTRINA LABRIANO | C58: 19
B59: ROSA VANEZA RAMIREZ HUALLPA | C59: 19 | D59: OK | E59: OK
B60: VIOLETA LIS BELLO GASPAR | C60: 19
B61: YEMBER CONDE QUISPE | C61: 19
B62: MUNOZ URQUIAGA NICOLE BERTHA | C62: 20
B63: CAROLINA VICTORIA MANRIQUE HUARANCA | C63: 20 | D63: NA | E63: NA | F63: NA
B64: ELIZABETH HUAMANI PALOMINO | C64: 20 | F64: XC
B65: FELIPE ALEJANDRO MALLQUI TRUJILLO | C65: 20 | D65: NA | E65: NA | F65: NA
B66: MARIO VICENTE PAUL MONTEJOS FIDEL | C66: 20
B67: GINA CaRDENAS LOPEZ | C67: 20 | D67: NP | E67: OK | F67: NP
B68: AARON MIGUEL SURCO CORIMAYA | C68: 20 | D68: NA | E68: NA
B69: YESENIA ZULLY PAUCAR MENDOZA | C69: 20
B70: HIPOLITA SaNCHEZ MEDINA | C70: 20
B71: CRISTIAN SANCHEZ TRINIDAD | C71: 20
B72: GUIDO RUSVEL FALCON ROJAS | C72: 20
B73: LUZ ELVIRA RAMiREZ | C73: 20
B74: LEONARDO QUISPE TRUJILLO | C74: 20
B75: ANGEL ENRIQUE YONG LAU | C75: 20
B76: MILAGROS YULIANA SOTO RIVERA | C76: 20
B77: JAVIER MARTiN LEVANO MAGALLANES | C77: 20
B78: LOPEZ ZAPANA LOURDES | C78: 21
B79: GARCIA SANTA CRUZ JENNY | C79: 21
B80: LóPEZ LóPEZ BRIGITTE FERNANDA | C80: 21
B81: NOLASCO ESTELA SERGIO | C81: 21 | F81: OK
B82: RAMIREZ HUALPA MARIO WILFREDO | C82: 21
B83: MOSCOSO RIOS GUILLERMO | C83: 21
A84: NA | B84: RODRIGUEZ LA RIVA DAVID JESUS | C84: 21
B85: MURILLO BONETT ROXANA | C85: 21
B86: MARTINEZ TERREROS SOLANGE | C86: 21
B87: CORIMAYA ACEITUNO DE SURCO REINALDA | C87: 21
B88: SaNCHEZ CASTRO TANIA AURORA | C88: 21
B89: MURO GAYOSO PERCY ANTONIO | C89: 21 | E89: XC
B90: RAMIREZ HUALPA JUAN ALVARO | C90: 21
B91: TIPISMANA PASACHE ALEJANDRINA PATRICIA | C91: 21
B92: HUAMaN ALVAREZ YISSEL | C92: 21
B93: CASTANEDA PONCE DE LEON JENNIFER ALYSSON | C93: 22
B94: MIRANDA CALSIN DORIS | C94: 22
B95: NOLASCO CHIPANA NILDA NICOLE | C95: 22 | F95: OK
B96: PORTOCARRERO PEREA KARIN | C96: 22
B97: SANTA CRUZ BUENDiA YIENY | C97: 22 | D97: OK
B98: VALDIVIA VILLEGAS VICTORIA DEL MILAGRO | C98: 22
B99: VARGAS ENRiQUEZ JOLBER | C99: 22
B100: MAGALLANES TASAYCO ESTEFANY LIZET | C100: 22
B101: CASTILLO RIOS PAMELA CYNTHIA | C101: 22 | F101: OK
B102: BRIAN STEVE SANGAY SALVATIERRA | C102: 22 | D102: NP | E102: XC | F102: OK
B103: MARIA OLARTE BARRIENTOS | C103: 22 | D103: OK
B104: LUIS FELIBERTO PALOMINO | C104: 23 | E104: OK
B105: CHENGUAYEN ROSPIGLIOSI FRANCISCO JAVIER | C105: 23 | D105: NP | E105: NP | F105: NP
B106: CASTILLO GONZALES CRISTIAN MIJAIL | C106: 23 | D106: NP | E106: NP | F106: NP
...

Sheet APOYOs CAP 2 E24
I1: LEYENDA
A2: CODIGO DE VESTIMENTA PARA LOS APOYOS SIEMPRE NEGRO FORMAL | D2: Mesa de enrolamiento | E2: Mesa de enrolamiento | F2: Mesa de enrolamiento | G2: OBS | I2: NA | J2: NO APLICA INVITACION
A3: RESPONSABLE | B3: APOYOS | C3: EQUIPO | D3: JUEVES 11:00 AM - 3:00 PM | E3: VIERNES 7:30 - 2:00 pm | F3: SABADO 8:00 AM - 11:00 AM | I3: OK | J3: CONFIRMA ASISTENCIA
A4: GARETH | B4: LEYLA PASQUEL | C4: 6 | D4: NP | E4: NP | F4: NP
A5: JOYCE | B5: ANEL ORIHUELA | C5: 6 | D5: NP | E5: NP | F5: NP
A6: JOYCE | B6: MANUEL YAKIMA RIVERA TOYAMA | C6: 7 | D6: OK | E6: OK | F6: NP | G6: CAPITAN DE MESA | M6: 1875 | N6: =+M6/3.34 -> 561.37725
A7: JOYCE | B7: ANGELLA MARIA BOLLET GOMEZ | C7: 10 | D7: NP | E7: NP | F7: NP
A8: GARETH | B8: ALEXANDRA TAPULLIMA CORDOVA | C8: 11
A9: KRISCIA | B9: ANAMELVA QUIÑONES BELTRÁN | C9: 11 | D9: NP | E9: NP | F9: NP
A10: JOYCE | B10: DIEGO HECTOR BARBIERI GALECIO | C10: 11 | D10: NC | E10: NC | F10: NC
A11: GARETH | B11: ELIZABETH MORALES CARCELEN | C11: 11
A12: NA | B12: LUIS HERNANDEZ | C12: 11 | D12: NA | E12: NA | F12: NA
A13: KRISCIA | B13: PAMELA MORALES VEGA | C13: 12 | D13: NC | E13: NP | F13: NP
A14: JOYCE | B14: ZARA CASTILLO | C14: 12
A15: NA | B15: EUFEMIA ISABEL CORREA OLAYA | C15: 12 | D15: NA | E15: NA | F15: NA
A16: GARETH | B16: SHIRLEY RIVERA HUAMAN | C16: 12 | D16: NP | E16: OK | F16: NP
A17: KRISCIA | B17: PILAR DE LA CRUZ | C17: 13 | D17: NC | E17: NC | F17: NC
A18: JOYCE | B18: RAQUEL RIVEROS RAMOS | C18: 13 | D18: NP | E18: NP | F18: NP
A19: GARETH | B19: PATRICIA LILIANA RÍOS ROSSELL | C19: 13 | D19: OK | E19: NP | F19: NP
A20: JOYCE | B20: PIERO ALESSANDRO PORTAL PASQUEL | C20: 14 | D20: NP | E20: NP | F20: NP
A21: GARETH | B21: ROCIO AYVAR VEGA | C21: 14 | D21: NC | E21: NA | F21: NA
A22: JOYCE | B22: ROXANA FLORENTINA BORJAS ORMEÑO | C22: 14 | D22: NP | E22: NP | F22: NP | G22: ALIADA C25
A23: KRISCIA | B23: LEISI MEDINA IDROGO | C23: 15 | D23: NP | E23: NP | F23: NP
A24: JOYCE | B24: JENNY BETSABET ESPINAL BALTAZAR | C24: 16
A25: GARETH | B25: JESSICA PILAR LOPEZ LOPEZ | C25: 16 | D25: NP | E25: NP | F25: OK
A26: KRISCIA | B26: JIMENA MARIBEL PLASENCIA AGUILAR | C26: 16 | D26: NP | E26: NA | F26: NA
A27: JOYCE | B27: KATIA MELVA DE PAZ FIGUEROA | C27: 16
A28: KRISCIA | B28: SOFIA ALLCCA LLACCHUAS | C28: 16 | D28: NA | E28: NA | F28: NA
A29: KRISCIA | B29: ELMER ANGEL CHIPANA QUISPE | C29: 17 | D29: NP | E29: NP | F29: NP
A30: GARETH | B30: GABRIELA NAUPARI VASQUEZ | C30: 17
A31: JOYCE | B31: URSULA LAY GUILLEN | C31: 17
A32: NA | B32: FERNANDO LOPEZ MELO | C32: 17
A33: NA | B33: ANA CARINA CáRDENAS TERREROS | C33: 18 | D33: NA | E33: NA | F33: NA
A34: GARETH | B34: DARNER ISZAT DIAZ ZAPANA | C34: 18
A35: KRISCIA | B35: DIANA CAROLINA CCOSCCO GUTIéRREZ | C35: 18 | D35: NA | E35: NA | F35: NA
A36: JOYCE | B36: GABRIELA KATERINNE JARA NARCISO | C36: 18
A37: GARETH | B37: LOPEZ LOPEZ FERNANDO ABEL | C37: 18 | D37: NP | E37: OK | F37: OK
A38: KRISCIA | B38: ANA TIPISMANA VIUDA DE FLORES | C38: 19 | D38: NA | E38: NA | F38: NA
A39: JOYCE | B39: ANITA ESPERANZA FLORES TIPISMANA | C39: 19
A40: JOYCE | B40: LUCAS ALBERTO SANCHEZ SILVA | C40: 19 | E40: OK
A41: KRISCIA | B41: CAMILA ALEGRIA VERASTEGUI DURAN | C41: 19 | D41: NA | E41: NA | F41: NA
A42: JOYCE | B42: CLAUDIA CATHERINE LÓPEZ JARAMILLO | C42: 19
A43: GARETH | B43: CONSUELO LAURA BALTAZAR ROSALES | C43: 19
A44: GARETH | B44: GIOVANA ELIZABETH PALOMINO MARCOS | C44: 19 | D44: NP | E44: NP | F44: OK
A45: JOYCE | B45: DIANA REYNA RAMOS OROSCO | C45: 19 | D45: NP | E45: NA | F45: NA
A46: GARETH | B46: FABIO ALESSANDRO CANQUY LLOYD | C46: 19
A47: KRISCIA | B47: FABRICIO JAIR, CARDENAS ALTA MIRANO | C47: 19 | D47: NC | E47: NC | F47: NC
A48: JOYCE | B48: FIORELA GUTIERREZ SAAVEDRA | C48: 19
A49: GARETH | B49: GIANCARLO PLASENCIA AGUILAR | C49: 19
A50: JOYCE | B50: GISSELLA HUAMAN CELESTINO | C50: 19 | D50: NP | E50: NP | F50: NP
A51: JOYCE | B51: GLADYS EUSEBIA MORENO CORNEJO | C51: 19
A52: GARETH | B52: JOSÉ ELIAS BALTAZAR ROSALES | C52: 19
A53: KRISCIA | B53: LILIANA JACKELINE CHU COELLO | C53: 19 | D53: NP | E53: NP | F53: NP
A54: JOYCE | B54: MAICHOL EDSON FUENTES CALLAUA | C54: 19
A55: GARETH | B55: MONICA FABIOLA FERNANDEZ ESPINOZA | C55: 19
A56: KRISCIA | B56: NOELIA VIRGINIA COTRINA LABRIANO | C56: 19 | D56: NC | E56: NC | F56: NC
A57: JOYCE | B57: ROSA VANEZA RAMIREZ HUALLPA | C57: 19 | D57: NP | E57: OK | F57: NP | G57: CONFIRMA PARTICIPACIÓN C2
A58: GARETH | B58: VIOLETA LIS BELLO GASPAR | C58: 19
A59: KRISCIA | B59: YEMBER CONDE QUISPE | C59: 19 | D59: NA | E59: NA | F59: NA
A60: KRISCIA | B60: PILCO CALIZAYA RICHARD | C60: 20 | D60: NA | E60: NA | F60: NA
A61: NA | B61: RAMIREZ HUALPA JUSTO GONZALO | C61: 20 | D61: NA | E61: NA | F61: NA
A62: GARETH | B62: MUNOZ URQUIAGA NICOLE BERTHA | C62: 20 | D62: NC | E62: NC | F62: NC
A63: NA | B63: CAROLINA VICTORIA MANRIQUE HUARANCA | C63: 20 | D63: NA | E63: NA | F63: NA
A64: NA | B64: ALVARO ROJAS YAHAIRA MARINA | C64: 20 | D64: NA | E64: NA | F64: NA
A65: NA | B65: ELIZABETH HUAMANI PALOMINO | C65: 20
A66: KRISCIA | B66: FELIPE ALEJANDRO MALLQUI TRUJILLO | C66: 20 | D66: NA | E66: NA | F66: NA
A67: JOYCE | B67: MARIO VICENTE PAUL MONTEJOS FIDEL | C67: 20
A68: NA | B68: GINA CaRDENAS LOPEZ | C68: 20
A69: NA | B69: AARON MIGUEL SURCO CORIMAYA | C69: 20
A70: GARETH | B70: YESENIA ZULLY PAUCAR MENDOZA | C70: 20
A71: KRISCIA | B71: HIPOLITA SaNCHEZ MEDINA | C71: 20 | D71: NC | E71: NA | F71: NA
A72: JOYCE | B72: CRISTIAN SANCHEZ TRINIDAD | C72: 20
A73: GARETH | B73: GUIDO RUSVEL FALCON ROJAS | C73: 20
A74: NA | B74: LUZ ELVIRA RAMiREZ | C74: 20
A75: KRISCIA | B75: LEONARDO QUISPE TRUJILLO | C75: 20 | D75: NA | E75: NA | F75: NA
A76: NA | B76: ANGEL ENRIQUE YONG LAU | C76: 20
A77: JOYCE | B77: MILAGROS YULIANA SOTO RIVERA | C77: 20
B78: JAVIER MARTiN LEVANO MAGALLANES | C78: 20 | D78: NP | E78: NP | F78: NP
A79: GARETH | B79: LOPEZ ZAPANA LOURDES | C79: 21 | D79: NP | E79: NP | F79: XC
A80: KRISCIA | B80: GARCIA SANTA CRUZ JENNY | C80: 21 | D80: NP | E80: NP | F80: NP
A81: JOYCE | B81: LóPEZ LóPEZ BRIGITTE FERNANDA | C81: 21 | D81: NC | E81: NC | F81: NC
A82: GARETH | B82: NOLASCO ESTELA SERGIO | C82: 21 | D82: OK | E82: OK | F82: XC
A83: KRISCIA | B83: RAMIREZ HUALPA MARIO WILFREDO | C83: 21 | D83: OK | E83: NA | F83: NA
A84: JOYCE | B84: MOSCOSO RIOS GUILLERMO | C84: 21 | D84: NP | E84: XC
A85: GARETH | B85: RODRIGUEZ LA RIVA DAVID JESUS | C85: 21 | D85: NP | E85: NP | F85: NP
A86: JOYCE | B86: MURILLO BONETT ROXANA | C86: 21 | D86: OK | E86: NP | F86: NP
A87: JOYCE | B87: MARTINEZ TERREROS SOLANGE | C87: 21 | D87: NP | E87: NP
A88: GARETH | B88: CORIMAYA ACEITUNO DE SURCO REINALDA | C88: 21 | D88: NC | E88: NC | F88: NC
A89: KRISCIA | B89: SaNCHEZ CASTRO TANIA AURORA | C89: 21 | D89: OK | E89: NP | F89: NA
A90: KRISCIA | B90: MURO GAYOSO PERCY ANTONIO | C90: 21 | D90: NA | E90: NA | F90: NA
A91: GARETH | B91: RAMIREZ HUALPA JUAN ALVARO | C91: 21 | D91: OK
A92: KRISCIA | B92: TIPISMANA PASACHE ALEJANDRINA PATRICIA | C92: 21 | D92: NP | E92: OK | F92: NA
A93: JOYCE | B93: HUAMaN ALVAREZ YISSEL | C93: 21 | D93: OK | E93: NP | F93: NP
A94: GARETH | B94: ARAUJO TANGOA BERTHA LUZ | C94: 22 | E94: NA | F94: NA
A95: KRISCIA | B95: CASTANEDA PONCE DE LEON JENNIFER ALYSSON | C95: 22 | D95: NC | E95: NA | F95: NA
A96: JOYCE | B96: MIRANDA CALSIN DORIS | C96: 22 | D96: NP | E96: NA | F96: NA
A97: GARETH | B97: NOLASCO CHIPANA NILDA NICOLE | C97: 22 | D97: OK | E97: NA | F97: NA
A98: KRISCIA | B98: PORTOCARRERO PEREA KARIN | C98: 22 | D98: OK | E98: NA | F98: NA
A99: JOYCE | B99: SANTA CRUZ BUENDiA YIENY | C99: 22 | D99: NP | E99: NA | F99: NA
A100: GARETH | B100: VALDIVIA VILLEGAS VICTORIA DEL MILAGRO | C100: 22 | D100: NP | E100: NA | F100: NA
...

Sheet APOYO CAP 2 EQUIPO 22
A2: CODIGO DE VESTIMENTA PARA LOS APOYOS SIEMPRE NEGRO FORMAL | D2: Mesa de enrolamiento | E2: Mesa de enrolamiento | F2: Mesa de enrolamiento | G2: OBS
A3: RESPONSABLE | B3: APOYOS | C3: EQUIPO | D3: JUEVES 11:00 AM - 3:00 PM | E3: VIERNES 8:30 - 2:00 pm | F3: SABADO 8:30 AM - 11:00 AM | I3: LEYENDA
A4: Gareth | B4: VIVIANA ELIZABETH ALCANTARA MAURTUA | C4: 4 | I4: NA | J4: NO APLICA INVITACION
A5: Kriscia | B5: MARIA CELLI HUAYANCA DIAZ | C5: 5 | I5: OK | J5: CONFIRMA ASISTENCIA
A6: Diana | B6: LEYLA PASQUEL | C6: 6 | D6: NP | E6: OK | F6: XC
A7: Gareth | B7: MANUEL YAKIMA RIVERA TOYAMA | C7: 7 | D7: OK | E7: NP | F7: NP | G7: CAPITAN DE MESA
A8: Kriscia | B8: ELVIS CUELLAR | C8: 8 | D8: NP | E8: NP | F8: NP
A9: Diana | B9: TONNY GUTIERREZ | C9: 8
A10: Gareth | B10: JUANA MARÍA FALCÓN ROJAS | C10: 10 | D10: OK
A11: Kriscia | B11: REYNA JARAMILLO PINEDO | C11: 10 | D11: OK | E11: NP | F11: NP
A12: Diana | B12: ANGELLA MARIA BOLLET GOMEZ | C12: 10 | D12: NP | E12: NP | F12: NP
A13: Gareth | B13: ALEXANDRA TAPULLIMA CORDOVA | C13: 11
A14: Kriscia | B14: ANAMELVA QUIÑONES BELTRÁN | C14: 11 | D14: NC | E14: NC | F14: NC
A15: Diana | B15: DIEGO HECTOR BARBIERI GALECIO | C15: 11
A16: Gareth | B16: ELIZABETH MORALES CARCELEN | C16: 11 | D16: NC | E16: NC | F16: NC
A17: Kriscia | B17: HERMÓGENES UNTIVEROA CISNEROS | C17: 11
A18: Diana | B18: JANET DURAND YARASQUI | C18: 11
A19: Gareth | B19: LETICIA SILVIA HORNA RODRÍGUEZ | C19: 11
A20: Kriscia | B20: LUIS HERNANDEZ | C20: 11 | D20: OK
A21: Diana | B21: FUEL DURAND HUAYNATE | C21: 12
A22: Gareth | B22: LIDIA TRUJILLO GUTIÉRREZ | C22: 12
A23: Kriscia | B23: LUISA PÉREZ CHINCHAY | C23: 12
A24: Diana | B24: PAMELA MORALES VEGA | C24: 12
A25: Gareth | B25: ZARA CASTILLO | C25: 12
A26: Diana | B26: BRITNEY SAFIRO OLENKA DELGADO QUIÑONES | C26: 13
A27: Diana | B27: JUAN MANUEL GRANDA | C27: 13 | D27: NP | E27: NP | F27: NP
A28: Gareth | B28: LEYDY PEÑA CHAVARRIA | C28: 13
A29: Kriscia | B29: LIANA ELSA CASTRO PRIETO GONZALES | C29: 13
A30: Diana | B30: MARÍA ELENA ROMERO RAMIREZ | C30: 13
A31: Gareth | B31: MARÍA JESÚS CARRASCO LLATAS | C31: 13
A32: Kriscia | B32: MARIA VERONICA JIMENEZ VASQUEZ | C32: 13
A33: Diana | B33: PATRICIA LILIANA RÍOS ROSSELL | C33: 13 | D33: NC | E33: NP | F33: NP
A34: Gareth | B34: PILAR DE LA CRUZ | C34: 13 | D34: NP | E34: NP | F34: NP | G34: VIAJE DE TRABAJO
A35: Kriscia | B35: RAQUEL RIVEROS RAMOS | C35: 13 | D35: OK | E35: NP | F35: NP
A36: Kriscia | B36: FLOR DE CANTUTA TELLO SARMIENTO | C36: 14
A37: Diana | B37: GIAN CARLO MINCHOLA VALDIVIA | C37: 14
A38: Gareth | B38: HELAR MUGURUZA | C38: 14
A39: Kriscia | B39: JESSICA CONGA HUARCAYA | C39: 14
A40: Diana | B40: JESUS JULIO ANTAURCO PEREZ | C40: 14
A41: Gareth | B41: LIMBER ELOY QUISPE | C41: 14
A42: Kriscia | B42: NORA ANAYA ESPINOZA | C42: 14
A43: Diana | B43: PIERO ALESSANDRO PORTAL PASQUEL | C43: 14
A44: Gareth | B44: PILAR CUADRAO CARRUITERO | C44: 14
A45: Kriscia | C45: 14
A46: Diana | B46: ROCIO AYVAR VEGA | C46: 14 | D46: NP | E46: NP | F46: OK
A47: Gareth | B47: RONY LANDEO | C47: 14
A48: Kriscia | B48: ROXANA FLORENTINA BORJAS ORMEÑO | C48: 14 | D48: NC | E48: NC | F48: NC
A49: Diana | B49: ANTONY LEO ALTAMIRANO LLACCHUAS | C49: 15
A50: Gareth | B50: CRISTIAN JONATHAN ARONE CHACHAYMA | C50: 15
A51: Kriscia | B51: GIULIANA CRISTINA BECERRA CANTELLA | C51: 15
A52: Diana | B52: HECTOR ENRIQUE CANQUI VALLADARES | C52: 15
A53: Gareth | C53: 15
A54: Kriscia | B54: LEISI MEDINA IDROGO | C54: 15 | D54: XC | E54: XC | F54: NP
A55: Diana | B55: LUCAS ALBERTO SANCHEZ SILVA | C55: 15 | D55: OK | E55: NP | F55: OK
A56: Gareth | B56: LUZ MABEL CHIPANA VEGA | C56: 15
A57: Kriscia | B57: MARINA PATRICIA CRUZADO MAMANI | C57: 15
A58: Diana | B58: NANCY MALPARTIDA FLORES | C58: 15
A59: Gareth | B59: NATHALY SUSY LANDA OCHOA | C59: 15
A60: Kriscia | B60: NORIS RIAÑO ZUBIETA | C60: 15
A61: Diana | B61: SHEILA DE LA CRUZ HUAYTALLA | C61: 15
A62: Gareth | B62: AVRIL ESTEPHANIA GARCIA MEDINA | C62: 16
A63: Kriscia | B63: BLANCA LUZ CHACHAYMA MARCOS | C63: 16
A64: Diana | B64: CARLOS HUMBERTO MENDOZA PICOAGA | C64: 16
A65: Gareth | B65: DAINA AYELEN MARTINEZ FLORES | C65: 16
A66: Kriscia | B66: FIDEL TANGOA ORACO | C66: 16
A67: Diana | C67: 16
A68: Gareth | C68: 16
A69: Kriscia | B69: JENNY BETSABET ESPINAL BALTAZAR | C69: 16
A70: Diana | B70: JESSICA PILAR LOPEZ LOPEZ | C70: 16
A71: Gareth | B71: JIMENA MARIBEL PLASENCIA AGUILAR | C71: 16
A72: Kriscia | B72: JORGE EDUARDO CHALCO CCASA | C72: 16
A73: Diana | B73: JOSE ISRAEL MAQUERA MONTOYA | C73: 16
A74: Gareth | B74: KATHERINE LILIBET QUISPE ARENAS | C74: 16
A75: Kriscia | B75: KATIA MELVA DE PAZ FIGUEROA | C75: 16
A76: Diana | B76: NOELIA COTRINA LABRIANO | C76: 16 | D76: OK | E76: NP | F76: NP
A77: Gareth | B77: MARIA ISABEL REYNOSO ARENAS | C77: 16
A78: Kriscia | B78: MIRIAM GISELLA MENDOZA PILCO | C78: 16
A79: Diana | B79: ODALIS RIVERA OSORES | C79: 16
A80: Gareth | B80: RUMI MONTANO RAMOS | C80: 16
A81: Kriscia | B81: SOFIA ALLCCA LLACCHUAS | C81: 16
A82: Diana | B82: ANGEL EDUARDO VELIZ YSLA | C82: 17
A83: Gareth | B83: ANGELLO GERONIMO PANTA MORALES | C83: 17
A84: Kriscia | B84: CLAUDIA OLENKA GALVEZ LOPEZ | C84: 17
A85: Diana | B85: ELMER ANGEL CHIPANA QUISPE | C85: 17
A86: Gareth | B86: ERIKA LIZETH NORENA DURAND | C86: 17 | D86: OK | E86: NP | F86: NP
A87: Kriscia | B87: FERNANDO HERNAN VENTURA ESPINOZA | C87: 17
A88: Diana | B88: GABRIELA NAUPARI VASQUEZ | C88: 17
A89: Gareth | B89: GIOVANNI GIUSSEPPE MIRANDA MALPARTIDA | C89: 17
A90: Kriscia | B90: GUSTAVO ADOLFO FERNANDEZ ESPINOZA | C90: 17
A91: Diana | B91: IRENA LARICO LIMACHI | C91: 17
A92: Gareth | B92: JAMPIER PIERO POLICARPO VERA | C92: 17
A93: Kriscia | B93: LIZETH PATRICIA ACUÑA MATOS | C93: 17
A94: Diana | B94: ROGGER ALCANTARA GUERRERO | C94: 17
A95: Gareth | B95: SARAI MESIAS TOLENTINO | C95: 17
A96: Kriscia | B96: SAUL FLAVIO CRUZADO MAMANI | C96: 17
A97: Diana | B97: URSULA LAY GUILLEN | C97: 17
A98: Gareth | B98: ANA CARINA CáRDENAS TERREROS | C98: 18
... A101: Gareth | B101: DIANA CAROLINA CCOSCCO GUTIéRREZ | C101: 18
A102: Kriscia | B102: FERNANDO ABEL LOPEZ LOPEZ | C102: 18 | D102: NP | E102: NP | F102: NP
A103: Diana | B103: GABRIELA KATERINNE JARA NARCISO | C103: 18
...

Sheet APOYOS MJ E 14 - 15- 16
B1: CODIGO DE VESTIMENTA PARA LOS APOYOS SIMPRE NEGRO FORMAL
B2: RESPONSABLE | C2: APOYOS | D2: EQUIPO | E2: VIERNES 5PM - 8 pm | F2: SABADO 830 AM - 11 AM | G2: SABADO 430 PM - 730PM | H2: DOMINGO 830 AM - 11 AM | I2: DOMINGO 430 PM - 8 PM
A3: 1 | B3: KR | C3: NATHALY CHUCO | D3: 5 | E3: NC | F3: NC | G3: NC | H3: NC | I3: NC
A4: 2 | B4: PC | C4: HUMBERTO CARRASCO LLATAS | D4: 7 | E4: NI | F4: NI | G4: NI | H4: NI | I4: NI
A5: 3 | B5: KR | C5: JHONATAN DANIEL ALCÁNTARA MAURTUA | D5: 7 | E5: NC | F5: NC | G5: NC | H5: NC | I5: NC
A6: 4 | B6: PC | C6: ALEXANDER TORIBIO CURI AGUADO | D6: 8 | E6: NP | F6: NP | G6: NP | H6: NP | I6: NP | J6: CUMPLEAÑOS DEL HIJO
A7: 5 | B7: KR | C7: ARIANA MERCEDES GUEVARA MELENDEZ | D7: 8 | E7: NP | F7: NP | G7: NP | H7: NP | I7: NP
A8: 6 | B8: PC | C8: ELVIS CUELLAR | D8: 8 | E8: NP | F8: NP | G8: NP | H8: NP | I8: NP
A9: 7 | B9: KR | C9: JULIO MOSCOSO | D9: 8 | E9: NP | F9: NP | G9: NP | H9: NP | I9: NP
A10: IG | B10: PC | C10: KATHERINE CHUCO VASQUEZ | D10: 8 | E10: NC | F10: NC | G10: NC | H10: NC | I10: NC
A11: 9 | B11: KR | C11: MARLLORY ULLOA USQUIANO | D11: 8 | E11: NP | F11: NP | G11: NP | H11: NP | I11: NP
A12: 10 | B12: PC | C12: JOEL ROBERTO CONDEZO RAMIREZ | D12: 9 | E12: NC | F12: NC | G12: NC | H12: NC | I12: NC
A13: 11 | B13: KR | C13: NURY LUISA DEL CARMEN MARCA | D13: 9 | E13: NP | F13: NP | G13: NP | H13: NP | I13: NP
A14: 12 | B14: PC | C14: ELISA NANCY PALOMINO HUARCAYA | D14: 10 | E14: NP | F14: NP | G14: NP | H14: NP | I14: NP | J14: ESTA REALIZANDO DOCUMENTACIONES DE SU COLEGIO QUE TIENE QUE PRESENTAR
A15: 13 | B15: KR | C15: GERALDINE VANESSA SOTOMAYOR BAZAN | D15: 10 | E15: NP | F15: NP | G15: NP | H15: NP | I15: NP
A16: 14 | B16: PC | C16: JEANNET LEON LEDESMA | D16: 10 | E16: NP | F16: NP | G16: NP | H16: NP | I16: NP | J16: POR AHORA NO PUEDE
A17: 15 | B17: KR | C17: JHARRINZON HUAMAN CHIPA | D17: 10 | E17: NC | F17: NC | G17: NC | H17: NC | I17: NC
A18: 16 | B18: PC | C18: JOSÉ BLADIMER RAMOS SIQUEROS | D18: 10 | E18: NP | F18: NP | G18: OK | H18: NP | I18: OK
A19: 17 | B19: KR | C19: JUANA MARÍA FALCÓN ROJAS | D19: 10 | E19: NP | F19: NP | G19: NP | H19: NP | I19: NP
A20: 18 | B20: PC | C20: MILAGROS CASTAÑEDA ORBE | D20: 10 | E20: NC | F20: NC | G20: NC | H20: NC | I20: NC
A21: 19 | B21: KR | C21: ROSMERY OCHOA FERRER | D21: 10 | E21: NP | F21: NP | G21: NP | H21: NP | I21: OK
A22: 20 | B22: PC | C22: YUSMELY DESIREÉ GARCÍA LLOVERA | D22: 10 | E22: NC | F22: NC | G22: NC | H22: NC | I22: NC | J22: TRABAJA Y TIENE UN VIAJE PROGRAMADO PARA ICA
A23: 21 | B23: KR | C23: ANAMELVA QUIÑONES BELTRÁN | D23: 11 | E23: NP | F23: NP | G23: NP | H23: NP | I23: NP
A24: 22 | B24: PC | C24: CRISTINA CUBA RIOS | D24: 11 | E24: NP | F24: NP | G24: NP | H24: NP | I24: NP
A25: 23 | B25: KR | C25: HERMÓGENES UNTIVEROA CISNEROS | D25: 11 | E25: NP | F25: NP | G25: NP | H25: NP | I25: NP
A26: 24 | B26: PC | C26: JANET DURAND YARASQUI | D26: 11 | E26: NP | F26: NP | G26: NP | H26: NP | I26: NP | J26: NO ESTA EN LIMA ESTA PRESTANDO SERVICIO SOCIAL EN IQUITOS Y LORETO REGRESA EN 3 MESES
A27: 25 | B27: KR | C27: LETICIA SILVIA HORNA RODRÍGUEZ | D27: 11 | E27: NP | F27: NP | G27: NP | H27: NP | I27: NP
A28: 26 | B28: PC | C28: SEFORA NOEMI OÑATE GUZMAN | D28: 11 | E28: NC | F28: NC | G28: NC | H28: NC | I28: NC
A29: 27 | B29: KR | C29: VANESSA SAAVEDRA ORBE | D29: 11 | E29: NC | F29: NC | G29: NC | H29: NC | I29: NC
A30: 28 | B30: PC | C30: CARMEN JOSELINA VALENCIA GUZMAN | D30: 12 | E30: NC | F30: NC | G30: NC | H30: NC | I30: NC
A31: 29 | B31: KR | C31: ELÍ AMERICO CALZADA ESPINOZA | D31: 12 | E31: NP | F31: NP | G31: NP | H31: NP | I31: NP
A32: 30 | B32: PC | C32: EUFEMIA ISABEL CORREA OLAYA | D32: 12 | E32: NP | F32: OK | G32: XC | H32: NP | I32: NP | J32: ESTA POR CONFIRMAR SABADO TARDE
A33: 31 | B33: KR | C33: FUEL DURAND HUAYNATE | D33: 12 | E33: NP | F33: NP | G33: NP | H33: NP | I33: NP
A34: 32 | B34: PC | C34: GISELA MORALES VALLADARES | D34: 12 | E34: NP | F34: NP | G34: NP | H34: NP | I34: NP | J34: TRATAMIENTO DE LAS LUMBARES Y ESTA CON TODA SU FAMILIA
A35: 33 | B35: KR | C35: JOHNNY EDUARDO HUÁNUCO ARELLANO | D35: 12 | E35: NP | F35: NP | G35: NP | H35: NP | I35: NP
A36: 34 | B36: PC | C36: JUANA ZARELA RODRIGUEZ GUERRERO | D36: 12 | E36: NP | F36: NP | G36: NP | H36: NP | I36: NP
A37: 35 | B37: KR | C37: NORMA CÁCERES MASÍAS | D37: 12 | E37: NC | F37: NC | G37: NC | H37: NC | I37: NC
A38: 36 | B38: PC | C38: PAMELA MORALES VEGA | D38: 12 | E38: NC | F38: NC | G38: NC | H38: NC | I38: NC
A39: 37 | B39: KR | C39: SHIRLEY RIVERA HUAMAN | D39: 12 | E39: NP | F39: NP | G39: NP | H39: NP | I39: OK
A40: 38 | B40: PC | C40: XIOMARA NICOLE QUIJANDRIA MEZA | D40: 12 | E40: NP | F40: NP | G40: NP | H40: NP | I40: NP | J40: POR AHORA NO PUEDE
A41: 39 | B41: KR | C41: YRMA CECILIA ALCA BARRA | D41: 12 | E41: NP | F41: NP | G41: NP | H41: NP | I41: NP
A42: 40 | B42: PC | C42: ZARA CASTILLO | D42: 12 | E42: NC | F42: NC | G42: NC | H42: NC | I42: NC
A43: 41 | B43: KR | C43: ANGELLA MARIA BOLLET GOMEZ | D43: 13 | E43: OK | F43: NP | G43: NP | H43: NP | I43: NP
A44: 42 | B44: PC | C44: BETTY YANETH QUIÑONES BELTRAN | D44: 13 | E44: NP | F44: NP | G44: NP | H44: NP | I44: NP
A45: 43 | B45: KR | C45: BRITNEY SAFIRO OLENKA DELGADO QUIÑONES | D45: 13 | E45: NC | F45: NC | G45: NC | H45: NC | I45: NC
A46: 44 | B46: PC | C46: HELVER ROLANDO LLANOS VÁSQUEZ | D46: 13 | E46: NP | F46: NP | G46: NP | H46: NP | I46: OK | J46: SOLO PUEDE DOMINGO
A47: 45 | B47: KR | C47: JEAN CARLOS RIOS ZEA | D47: 13 | E47: NP | F47: NP | G47: NP | H47: NP | I47: NP
A48: 46 | B48: PC | C48: JOSE ALONSO KUFFO MOSCOSO | D48: 13 | E48: NP | F48: NP | G48: NP | H48: NP | I48: NP | J48: VA ESTAR EN PUNTA HERMOSA
A49: 47 | B49: KR | C49: JOSE VALENCIA FERNANDEZ | D49: 13 | E49: NP | F49: NP | G49: NP | H49: NP | I49: NP
A50: 48 | B50: PC | C50: JUDY DIANA ARQUISE ESPINOZA | D50: 13 | E50: NC | F50: NC | G50: NC | H50: NC | I50: NC
A51: 49 | B51: KR | C51: LEYDY PEÑA CHAVARRIA | D51: 13 | E51: NC | F51: NC | G51: NC | H51: NC | I51: NC
A52: 50 | B52: PC | C52: LIANA ELSA CASTRO PRIETO GONZALES | D52: 13 | E52: NP | F52: NP | G52: OK | H52: OK | I52: NP
A53: 51 | B53: KR | C53: LIBBY FIORELA HUAYTALLA SANCHEZ | D53: 13 | E53: NC | F53: NC | G53: NC | H53: NC | I53: NC
A54: 52 | B54: PC | C54: MARÍA ELENA ROMERO RAMIREZ | D54: 13 | E54: NP | F54: NP | G54: NP | H54: NP | I54: OK | J54: SOLO PUEDE DOMINGO
A55: 53 | B55: KR | C55: MARÍA JESÚS CARRASCO LLATAS | D55: 13 | E55: NP | F55: NP | G55: NP | H55: NP | I55: NP
A56: 54 | B56: PC | C56: MARIA VERONICA JIMENEZ VASQUEZ | D56: 13 | E56: NP | F56: NP | G56: NP | H56: NP | I56: OK | J56: SOLO PUEDE DOMINGO
A57: 55 | B57: KR | C57: PATRICIA LILIANA RÍOS ROSSELL | D57: 13 | E57: OK | F57: NP | G57: OK | H57: NP | I57: OK
A58: 56 | B58: PC | C58: PILAR DE LA CRUZ | D58: 13 | E58: NP | F58: NP | G58: NP | H58: NP | I58: NP | J58: ESTARA DE NIÑERA
A59: 57 | B59: KR | C59: RAQUEL RIVEROS RAMOS | D59: 13 | E59: NP | F59: NP | G59: OK | H59: NP | I59: OK
A60: 58 | B60: PC | C60: RAÚL CHÁVEZ INCHE | D60: 13 | E60: NP | F60: NP | G60: NP | H60: NP | I60: NP | J60: VIAJE FAMILIAR
A61: 59 | B61: KR | C61: ROSA MARIA ÁLVAREZ SALAS | D61: 13 | E61: NP | F61: NP | G61: NP | H61: NP | I61: NP
A62: 60 | B62: PC | C62: SADITH KRY LÓPEZ HERRERA | D62: 13 | E62: NC | F62: NC | G62: NC | H62: NC | I62: NC
A63: 61 | B63: KR | C63: YANINA ESTEFANIA MEJIA ROMERO | D63: 13 | E63: NP | F63: NP | G63: NP | H63: NP | I63: NP
E64: =+COUNTIF(E1:E63,"ok") -> 2 | F64: =+COUNTIF(F1:F63,"ok") -> 1 | G64: =+COUNTIF(G1:G63,"ok") -> 4 | H64: =+COUNTIF(H1:H63,"ok") -> 1 | I64: =+COUNTIF(I1:I63,"ok") -> 8

Sheet MANAGERS E17
A1: CAPITANA | B1: ROCIO DE LA CRUZ | H1: 2,3,4 MAYO
A2: CREADOR CUANTICO | B2: EQUIPO | C2: DECLARACION | D2: ESTADO | E2: OBSERVACIONES | F2: QT
A3: ANAMELVA QUIÑONES BELTRÁN | B3: 11 | C3: 5 | D3: OK | E3: Se entrena en su seguridad en su amor propio. | F3: LEYLA
A4: BRITNEY SAFIRO OLENKA DELGADO QUIÑONES | B4: 13 | C4: 5 | D4: OK | F4: ROSEMARY
A5: EUFEMIA ISABEL CORREA OLAYA | B5: 12 | C5: 5 | D5: OK | F5: LEYLA
A6: GERALDINE VANESSA SOTOMAYOR BAZAN | B6: 10 | C6: 5 | D6: OK | F6: JORGE
A7: JEAN CARLOS RIOS ZEA | B7: 13 | C7: 3 | D7: OK | E7: SE ENTRENA PARA CREAR RELACIONES EXTRAORDINARIAS APASIONADO CON ESTE ESTILO DE VIDA | F7: ROSEMARY
A8: JOYCE PAMELA MARIN SUAREZ | B8: CREAR GYE | C8: 5 | D8: OK | F8: MANUEL
A9: JUANA MARÍA FALCÓN ROJAS | B9: 10 | C9: 5 | D9: OK | E9: MAÑANA CONFIRMA VIERNES | F9: MANUEL
A10: LEYDY PEÑA CHAVARRIA | B10: 13 | C10: 5 | D10: OK | F10: JORGE
A11: PAMELA MORALES VEGA | B11: 12 | C11: 5 | D11: OK | E11: Se entrena en ser energía, amor propio. | F11: LEYLA
A12: PILAR DE LA CRUZ | B12: 13 | C12: 5 | D12: OK | E12: Se entrena en aprender a pararse por ella, en ser la capitana de su propia vida y tener una relacion extraordinaria con sus hijas. | F12: ROSEMARY
A13: RAQUEL RIVEROS RAMOS | B13: 13 | C13: 5 | D13: OK | E13: CONTINUAR ENTRENANDOSE EN ESTE SU ESTILO DE VIDA | F13: LEYLA
A14: RAÚL CHÁVEZ INCHE | B14: 13 | C14: 5 | D14: OK | F14: JORGE | G14: MANAGER
A15: ROCIO DE LA CRUZ | B15: 4 | C15: 5 | D15: OK | E15: CAPITANA | F15: ROSEMARY
A16: ROSMERY OCHOA FERRER | B16: 10 | C16: 5 | D16: OK | E16: EXPANDIR SU CONSULTORIO | F16: MANUEL
A17: YUSMELY DESIREÉ GARCÍA LLOVERA | B17: 10 | C17: 5 | D17: OK | F17: JORGE
A18: ZARA CASTILLO | B18: 12 | C18: 5 | D18: OK | F18: ROSEMARY
C19: =SUM(C3:C18) -> 78
A20: Confirmados | D20: =+COUNTIF(D3:D18,"ok") -> 16
D23: QT | E23: 4
D24: OFICINA | E24: 4
E25: =+D20+E24+E23 -> 24

Sheet ALIADOS C1 E17
A1: CAPITANA | B1: ROCIO DE LA CRUZ | H1: 2,3,4 MAYO
A2: CREADOR CUANTICO | B2: EQUIPO | C2: RESPONSABLE | D2: ESTADO | E2: OBSERVACIONES | F2: QT
A3: NATHALY CHUCO | B3: 5 | C3: PAMELA | D3: NC
A4: LUCY OSTOA | B4: 4 | C4: KRISCIA | F4: MANUEL
A5: ROCIO DE LA CRUZ | B5: 4 | C5: CAPITANA | D5: OK | E5: CAPITANA | F5: ROSEMARY
A6: HUMBERTO CARRASCO LLATAS | B6: 7 | C6: LINID | D6: XC | E6: Confirma fin de mes
A7: JHONATAN DANIEL ALCÁNTARA MAURTUA | B7: 7 | C7: KRISCIA | D7: NC
A8: ALEXANDER TORIBIO CURI AGUADO | B8: 8 | C8: PAMELA | D8: XC
A9: ARIANA MERCEDES GUEVARA MELENDEZ | B9: 8 | C9: LINID | D9: NC
A10: JULIO MOSCOSO | B10: 8 | C10: PAMELA | D10: NC
A11: KATHERINE CHUCO VASQUEZ | B11: 8 | C11: LINID | D11: NC | E11: EL NUMERO DEL DIRECTORIO NO CONTESTA
A12: MARLLORY ULLOA USQUIANO | B12: 8 | C12: KRISCIA | D12: SIG | E12: VACACIONES (ENTRE MAYO - JULIO)
A13: ELVIS CUELLAR | B13: 8 | C13: KRISCIA | D13: NI | E13: ENFOCADO EN SU NEGOCIO | G13: MANAGER
A14: JHEN JEZMIN PONCE ESPINOZA | B14: 7 | C14: KRISCIA | D14: OK | E14: Se entrena ser su palabra, compromiso (Manager) | F14: LEYLA
A15: JOEL ROBERTO CONDEZO RAMIREZ | B15: 9 | C15: PAMELA | D15: NC
A16: GERALDINE VANESSA SOTOMAYOR BAZAN | B16: 10 | C16: PAMELA | D16: OK | F16: JORGE
A17: NURY LUISA DEL CARMEN MARCA | B17: 9 | C17: LINID | D17: NC
A18: JUANA MARÍA FALCÓN ROJAS | B18: 10 | C18: LINID | D18: OK | E18: MAÑANA CONFIRMA VIERNES | F18: MANUEL
A19: JEANNET LEON LEDESMA | B19: 10 | C19: LINID | D19: SIG | F19: JORGE
A20: ELISA NANCY PALOMINO HUARCAYA | B20: 10 | C20: KRISCIA | D20: NC
A21: JHARRINZON HUAMAN CHIPA | B21: 10 | C21: KRISCIA | D21: NC
A22: ROSMERY OCHOA FERRER | B22: 10 | C22: PAMELA | D22: OK | E22: EXPANDIR SU CONSULTORIO | F22: MANUEL
A23: YUSMELY DESIREÉ GARCÍA LLOVERA | B23: 10 | C23: LINID | D23: OK | F23: JORGE
A24: JOSÉ BLADIMER RAMOS SIQUEROS | B24: 10 | C24: PAMELA | D24: XC
A25: ANAMELVA QUIÑONES BELTRÁN | B25: 11 | C25: KRISCIA | D25: OK | E25: Se entrena en su seguridad en su amor propio. | F25: LEYLA
A26: EUFEMIA ISABEL CORREA OLAYA | B26: 12 | C26: PAMELA | D26: OK | F26: LEYLA
A27: MILAGROS CASTAÑEDA ORBE | B27: 10 | C27: KRISCIA | D27: SIG | E27: CLASES (DESPUES DE AGOSTO)
A28: CRISTINA CUBA RIOS | B28: 11 | C28: LINID | D28: NC
A29: HERMÓGENES UNTIVEROA CISNEROS | B29: 11 | C29: KRISCIA | D29: SIG | E29: JULIO
A30: PAMELA MORALES VEGA | B30: 12 | C30: PAMELA | D30: OK | E30: Se entrena en ser energía, amor propio. | F30: LEYLA
A31: JANET DURAND YARASQUI | B31: 11 | C31: PAMELA | D31: SIG | E31: 3 MESES FUERA DE LIMA POR TRABAJO SOCIAL
A32: SEFORA NOEMI OÑATE GUZMAN | B32: 11 | C32: KRISCIA | D32: NC | G32: MANAGER
A33: VANESSA SAAVEDRA ORBE | B33: 11 | C33: PAMELA | D33: NC
A34: CARMEN JOSELINA VALENCIA GUZMAN | B34: 12 | C34: LINID | D34: SIG | E34: Estudio- Cap 18
A35: FUEL DURAND HUAYNATE | B35: 12 | C35: LINID | D35: SIG | E35: Viaje - Cap 18 | G35: MANAGER
A36: GISELA MORALES VALLADARES | B36: 12 | C36: KRISCIA | D36: SIG | E36: A PARTIR DE AGOSTO
A37: JOHNNY EDUARDO HUÁNUCO ARELLANO | B37: 12 | C37: PAMELA | D37: XC | G37: MANAGER
A38: SHIRLEY RIVERA HUAMAN | B38: 12 | C38: LINID | D38: SIG | F38: LEYLA
A39: LETICIA SILVIA HORNA RODRÍGUEZ | B39: 11 | C39: LINID | D39: NI | E39: Aún no me subiré a los entrenamientos
A40: XIOMARA NICOLE QUIJANDRIA MEZA | B40: 12 | C40: KRISCIA | D40: SIG | E40: Se entrena en su liderazgo, compromiso con sus sueños. | F40: LEYLA
A41: ZARA CASTILLO | B41: 12 | C41: LINID | D41: OK | F41: ROSEMARY
A42: JUANA ZARELA RODRIGUEZ GUERRERO | B42: 12 | C42: LINID | D42: SIG | E42: Clases - Cap 18 | G42: MANAGER
A43: ANGELLA MARIA BOLLET GOMEZ | B43: 13 | C43: KRISCIA | D43: OK | E43: Se entrena en ser arriesgada, valiente y ser su palabra. | F43: JORGE | G43: MANAGER
A44: MARÍA JESÚS CARRASCO LLATAS | B44: 13 | C44: KRISCIA | D44: NI | E44: Por el momento no desea ser aliada. (Temas familiares) | G44: MANAGER
A45: ELÍ AMERICO CALZADA ESPINOZA | B45: 12 | C45: KRISCIA | D45: SIG | E45: Se entrena en su empoderamiento y abundancia | F45: MANUEL
A46: NORMA CÁCERES MASÍAS | B46: 12 | C46: KRISCIA | D46: NC
A47: YRMA CECILIA ALCA BARRA | B47: 12 | C47: PAMELA | D47: NC
A48: BETTY YANETH QUIÑONES BELTRAN | B48: 13 | C48: PAMELA | D48: NC
A49: HELVER ROLANDO LLANOS VÁSQUEZ | B49: 13 | C49: KRISCIA | D49: SIG | E49: Se entrena en su empoderamiento, en que los tiempos y su negocio no lo maneje a él, si no él liderar su vida. | F49: JORGE
A50: JOSE VALENCIA FERNANDEZ | B50: 13 | C50: KRISCIA | D50: SIG | E50: Mayo
A51: BRITNEY SAFIRO OLENKA DELGADO QUIÑONES | B51: 13 | C51: LINID | D51: OK | F51: ROSEMARY
A52: JUDY DIANA ARQUISE ESPINOZA | B52: 13 | C52: PAMELA | D52: NC
A53: JEAN CARLOS RIOS ZEA | B53: 13 | C53: PAMELA | D53: OK | E53: SE ENTRENA PARA CREAR RELACIONES EXTRAORDINARIAS APASIONADO CON ESTE ESTILO DE VIDA | F53: ROSEMARY
A54: JOSE ALONSO KUFFO MOSCOSO | B54: 13 | C54: LINID | D54: OK | F54: MANUEL
A55: LEYDY PEÑA CHAVARRIA | B55: 13 | C55: LINID | D55: OK | F55: JORGE
A56: LIANA ELSA CASTRO PRIETO GONZALES | B56: 13 | C56: KRISCIA | D56: OK | E56: Se entrena en ser amor y en su liderazgo. | F56: ROSEMARY
A57: LIBBY FIORELA HUAYTALLA SANCHEZ | B57: 13 | C57: PAMELA | D57: NC
A58: PATRICIA LILIANA RÍOS ROSSELL | B58: 13 | C58: PAMELA | D58: OK | E58: AUN NO LO SABE | F58: ROSEMARY
A59: MARIA VERONICA JIMENEZ VASQUEZ | B59: 13 | C59: PAMELA | D59: SIG | E59: QUIERE SER ENTRENADORA/ABANDONO EL GRUPITO
A60: MARÍA ELENA ROMERO RAMIREZ | B60: 13 | C60: LINID | E60: DESERTO DEL C1 E17 SABADO EN LA NOCHE | F60: MANUEL
A61: PILAR DE LA CRUZ | B61: 13 | C61: KRISCIA | D61: OK | E61: Se entrena en aprender a pararse por ella, en ser la capitana de su propia vida y tener una relacion extraordinaria con sus hijas. | F61: ROSEMARY
A62: ROSA MARIA ÁLVAREZ SALAS | B62: 13 | C62: KRISCIA | D62: SIG | E62: Se entrena en ser lider de su vida en confiar en ella para expandir su abundancia.
A63: RAQUEL RIVEROS RAMOS | B63: 13 | C63: PAMELA | D63: OK | E63: CONTINUAR ENTRENANDOSE EN ESTE SU ESTILO DE VIDA | F63: LEYLA
A64: SADITH KRY LÓPEZ HERRERA | B64: 13 | C64: PAMELA | D64: NC
A65: YANINA ESTEFANIA MEJIA ROMERO | B65: 13 | C65: LINID | D65: SIG
A66: RAÚL CHÁVEZ INCHE | B66: 13 | C66: LINID | D66: OK | F66: JORGE | G66: MANAGER
A67: JOYCE PAMELA MARIN SUAREZ | B67: CREAR GYE | C67: PAMELA | D67: OK | F67: MANUEL
A69: Confirmados | D69: =+COUNTIF(D3:D67,"ok") -> 21
D72: QT | E72: 4
D73: OFICINA | E73: 4
E74: =+D69+E73+E72 -> 29

Sheet SOMBRAS Y QT E18 C1
B1: SOMBRAS ASOMBROSAS | D1: CREADOR CUANTICO | E1: QT
B2: CRISTINA MARTINEZ & PIERO ALESSANDRO PORTAL PASQUEL | D2: CRISTINA MARTINEZ | E2: MANUEL
B3: GARETH SAID RAMOS PÉREZ & MARIA VERONICA JIMENEZ VASQUEZ | D3: ELVIS CUELLAR | E3: ROSE
B4: JORGE & MANUEL | D4: GARETH SAID RAMOS PÉREZ | E4: JORGE
B5: JOYCE MARIN & ZARA CASTILLO LEON | D5: JOSÉ BLADIMER RAMOS SIQUEROS | E5: LEYLA
B6: LEYLA & ROSE | D6: JOYCE MARIN | E6: JORGE
B7: ROBERTO CONDEZO & LUISA PEREZ CHINCHAY | D7: LIDIA TRUJILLO GUTIERREZ | E7: LEYLA
B8: ROCIO AYVAR VEGA & JOSÉ BLADIMER RAMOS SIQUEROS | D8: LUISA PEREZ CHINCHAY | E8: MANUEL
B9: TONNY GUTIERREZ & LIDIA TRUJILLO GUTIERREZ | D9: MARIA VERONICA JIMENEZ VASQUEZ | E9: JORGE
B10: VIVIANA ALCANTARA MAURTUA & RAQUEL RIVEROS RAMOS & ELVIS CUELLAR | D10: PIERO ALESSANDRO PORTAL PASQUEL | E10: MANUEL
D11: RAQUEL RIVEROS RAMOS | E11: ROSE
D12: ROBERTO CONDEZO | E12: MANUEL
D13: ROCIO AYVAR VEGA | E13: LEYLA
D14: TONNY GUTIERREZ | E14: LEYLA
D15: VIVIANA ALCANTARA MAURTUA | E15: ROSE
D16: ZARA CASTILLO LEON | E16: JORGE

Sheet APOYOS C1 E17
A1: RESPONSABLE | B1: NOMBRE | C1: EQUIPO | D1: STATUS | E1: OBSERVACIONES
A2: JS | B2: DIANA MOSCOSSO | C2: 16 | D2: NP
A3: JS | B3: JESSICA LÓPEZ LÓPEZ | C3: 16 | D3: NP
A4: JS | B4: FLOR DE CANTUTA TELLO SARMIENTO | C4: 14 | D4: OK
A5: JS | B5: BRENDA LORENA TOLEDO ORELLANA | C5: 16 | D5: NP
A6: JS | B6: GIOVANA PALOMINO MARCOS | C6: 16 | D6: NP
A7: JS | B7: RHANIA SHADEN UNTIVEROS REQUEJO | C7: 14 | D7: OK
A8: JS | B8: NORA ANAYA ESPINOZA | C8: 14 | D8: OK
A9: JS | B9: GIAN CARLO MINCHOLA VALDIVIA | C9: 14 | D9: OK
A10: JS | B10: CELIA JAMES VEGA | C10: 16 | D10: NC
A11: JS | B11: CARLOS ALBERTO CASTILLO TIPISMANA | C11: 15 | D11: OK
A12: JS | B12: KATHERINE LILIBET QUISPE ARENAS | C12: 16 | D12: NP
A13: JS | B13: ANTONY LEO ALTAMIRANO LLACCHUAS | C13: 15 | D13: XC
... A33: JS | B33: DANIEL ADOLFO CÁRDENAS RIOS | C33: 16 | D33: OK
D34: =+COUNTIF(D2:D33,"OK") -> 15

Sheet APOYO CAMINATA 
A1: APOYO MESA DE APOYO
A3: N° | B3: NOMBRE | C3: EQUIPO | D3: STATUS
A4: 1 | B4: DIANA MOSCOSO | C4: 16 | D4: OK
A5: 2 | B5: MIRIAM MENDOZA PILCO | C5: 16 | D5: OK
A6: 3 | B6: JESSICA LOPEZ LOPEZ | C6: 16 | D6: OK
A7: 4 | B7: GIOVANA PALOMINO | C7: 16 | D7: OK
A8: 5 | B8: KATHERINE LILIBET | C8: 16 | D8: NP
A9: 6 | B9: ALLYZON LEON | C9: 16 | D9: NP
A10: 7 | B10: CARLOS HUMBERTO | C10: 16 | D10: NP
A11: 8 | B11: JENNY BETSABET ESPINAL | C11: 16 | D11: OK
A12: 9 | B12: KATHY DE PAZ | C12: 16 | D12: NP
A13: 10 | B13: JIMENA PLASENCIA | C13: 16

Sheet APOYOS C2 E16
A1: APOYOS | B1: EQUIPO | C1: JUEVES 11 am a 230 pm | D1: VIERNES 8:30 am a 2 pm | E1: RESPONSABLE
A2: ANGELLA MARIA BOLLET GOMEZ | B2: 13 | C2: OK | D2: OK | E2: KRISCIA
A3: BETTY YANETH QUIÑONES BELTRAN | B3: 13 | D3: OK | E3: PAMELA
A4: BRITNEY SAFIRO OLENKA DELGADO QUIÑONES | B4: 13 | C4: OK | D4: OK | E4: LINID
A5: CARMEN JOSELINA VALENCIA GUZMAN | B5: 12 | D5: SIG | E5: KRISCIA
A6: ELÍ AMERICO CALZADA ESPINOZA | B6: 12 | D6: NC | E6: PAMELA
A7: EUFEMIA ISABEL CORREA OLAYA | B7: 12 | E7: LINID
A8: FUEL DURAND HUAYNATE | B8: 12 | C8: SIG | D8: SIG | E8: KRISCIA
A9: GISELA MORALES VALLADARES | B9: 12 | D9: OK | E9: PAMELA
A10: HELVER ROLANDO LLANOS VÁSQUEZ | B10: 13 | C10: OK | D10: OK | E10: LINID
A11: JEAN CARLOS RIOS ZEA | B11: 13 | C11: OK | D11: OK | E11: KRISCIA
A12: JOHNNY EDUARDO HUÁNUCO ARELLANO | B12: 12 | D12: NC | E12: PAMELA
A13: JORGE LUIS LEON DE LOS RIOS | B13: 13 | E13: LINID
A14: JOSE ALONSO KUFFO MOSCOSO | B14: 13 | C14: OK | D14: NO | E14: KRISCIA
A15: JOSE VALENCIA FERNANDEZ | B15: 13 | D15: NI | E15: PAMELA
A16: JUAN MANUEL GRANDA | B16: 13 | C16: OK | D16: OK | E16: LINID
A17: JUANA ZARELA RODRIGUEZ GUERRERO | B17: 12 | C17: NO | D17: XC | E17: KRISCIA
A18: JUDY DIANA ARQUISE ESPINOZA | B18: 13 | D18: NI | E18: PAMELA
A19: LEYDY PEÑA CHAVARRIA | B19: 13 | C19: NO | D19: OK | E19: LINID
A20: LIANA ELSA CASTRO PRIETO GONZALES | B20: 13 | C20: XC | D20: XC | E20: KRISCIA
A21: LIBBY FIORELA HUAYTALLA SANCHEZ | B21: 13 | D21: NI | E21: PAMELA
A22: MARÍA ELENA ROMERO RAMIREZ | B22: 13 | C22: OK | D22: OK | E22: LINID
A23: MARÍA JESÚS CARRASCO LLATAS | B23: 13 | C23: SIG | D23: SIG | E23: KRISCIA
A24: MARIA VERONICA JIMENEZ VASQUEZ | B24: 13 | D24: NI | E24: PAMELA
A25: NORMA CÁCERES MASÍAS | B25: 12 | E25: LINID
A26: PAMELA MORALES VEGA | B26: 12 | C26: OK | D26: OK | E26: KRISCIA
A27: PATRICIA LILIANA RÍOS ROSSELL | B27: 13 | C27: OK | D27: OK | E27: PAMELA
A28: PILAR DE LA CRUZ | B28: 13 | C28: OK | D28: OK | E28: LINID
A29: RAQUEL RIVEROS RAMOS | B29: 13 | C29: OK | D29: OK | E29: KRISCIA
A30: RAÚL CHÁVEZ INCHE | B30: 13 | D30: OK | E30: PAMELA
A31: ROSA MARIA ÁLVAREZ SALAS | B31: 13 | C31: NO | D31: NO | E31: LINID
A32: SADITH KRY LÓPEZ HERRERA | B32: 13 | C32: OK | D32: SIG | E32: KRISCIA
A33: SARITA RAMOS | B33: 13 | D33: NI | E33: PAMELA
A34: SHIRLEY RIVERA HUAMAN | B34: 12 | E34: LINID
A35: XIOMARA NICOLE QUIJANDRIA MEZA | B35: 12 | C35: SIG | D35: SIG | E35: KRISCIA
A36: Zelmy Alcantara | B36: 15 | C36: OK | E36: PAMELA
A37: Giu Becerra | B37: 15 | C37: OK | E37: PAMELA
A38: ⁠Carlos Castillo | B38: 15 | C38: OK | E38: PAMELA
A39: Luz Chipana | B39: 15 | C39: OK | E39: PAMELA
A40: ⁠Paty Cruzado | B40: 15 | C40: OK | E40: PAMELA
A41: Shei De la cruz | B41: 15 | C41: OK | E41: PAMELA
A42: Stephanie Otero | B42: 15 | C42: OK | E42: PAMELA
A43: Diego Valencia | B43: 14 | C43: OK | E43: PAMELA
A44: Luis Hernández | B44: 15 | C44: OK | E44: PAMELA
A45: DORA BALTODANO | B45: 14 | C45: OK | E45: PAMELA
A46: YANINA ESTEFANIA MEJIA ROMERO | B46: 13 | E46: PAMELA
A47: YRMA CECILIA ALCA BARRA | B47: 12 | E47: LINID
A48: ZARA CASTILLO | B48: 12 | C48: OK | D48: OK | E48: KRISCIA
A50: Confirmados | C50: =+COUNTIF(C2:C48,"ok") -> 23 | D50: =+COUNTIF(D2:D48,"ok") -> 15

Sheet APOYO MJ E26-25-24
A2: CODIGO DE VESTIMENTA PARA LOS APOYOS SIEMPRE NEGRO FORMAL | D2: Mesa de enrolamiento | E2: Mesa de enrolamiento | F2: Mesa de enrolamiento | G2: Mesa de enrolamiento | H2: Mesa de enrolamiento | I2: OBS
A3: RESPONSABLE | B3: APOYOS | C3: EQUIPO | D3: VIERNES 320PM - 8 pm | E3: SABADO 830 AM - 11 AM | F3: SABADO 430 PM - 730PM | G3: DOMINGO 830 AM - 11 AM | H3: DOMINGO 400 PM - 8 PM | K3: LEYENDA
A4: DM | B4: GIULIANA CRISTINA BECERRA CANTELLA | C4: 0
A5: JM | B5: MARIA CELLI HUAYANCA DIAZ | C5: 5 | K5: OK | L5: CONFIRMA ASISTENCIA
A6: NA | B6: MANUEL YAKIMA RIVERA TOYAMA | C6: 7 | D6: NP | E6: NP | F6: NP | G6: NP | H6: NP | I6: CAPITAN DE MESA
A7: ZU | B7: ANEL ORIHUELA | C7: 7 | D7: OK | H7: OK | I7: CONFIRM
A8: DM | B8: ELVIS CUELLAR | C8: 8
A9: JM | B9: SANDRA MARLENE LOPEZ CHAHUA | C9: 9 | D9: NP | E9: OK | F9: OK | G9: NP | H9: NP
A10: JM | B10: DIEGO HECTOR BARBIERI GALECIO | C10: 11
A11: LP | B11: MILAGROS CASTAÑEDA ORBE | C11: 10 | D11: OK
A12: ZU | B12: LIZ CAROL TRUJILLO MALLQUI | C12: 11 | D12: NC
A13: DM | B13: ANAMELVA QUIÑONES BELTRÁN | C13: 11 | D13: NP | E13: NP | F13: NP | G13: NP | H13: NP | I13: DESCANSO MEDICO
A14: JM | B14: ELIZABETH MORALES CARCELEN | C14: 11
A15: LP | B15: LUIS ALBERTO HERNÁNDEZ MENDOZA | C15: 11 | D15: NP | E15: NP | F15: NP | G15: NP | H15: NP | I15: MANAGER
A16: JM | B16: ALEXANDRA TAPULLIMA CORDOVA | C16: 11 | G16: OK | H16: OK
A17: DM | B17: FUEL DURAND HUAYNATE | C17: 12
A18: JM | B18: PAMELA MORALES VEGA | C18: 12 | D18: OK
A19: LP | B19: LIDIA TRUJILLO GUTIÉRREZ | C19: 12 | D19: NC
A20: ZU | B20: D'YANIRA ALLYZON LEON SUAREZ | C20: 12 | D20: NP | E20: NP | F20: NP | G20: NP | H20: NP | I20: SALUD
A21: DM | B21: EUFEMIA ISABEL CORREA OLAYA | C21: 12 | D21: C | E21: C | F21: C | G21: C | H21: C | I21: CAPITANA E24
A22: LP | B22: PATRICIA LILIANA RÍOS ROSSELL | C22: 13 | D22: NP | E22: NP | F22: NP | G22: NP | H22: NP
A23: ZU | B23: LIANA ELSA CASTRO PRIETO GONZALES | C23: 13
A24: DM | B24: PILAR DE LA CRUZ | C24: 13
A25: JM | B25: RAQUEL RIVEROS RAMOS | C25: 13 | D25: OK
A26: LP | B26: RAÚL CHÁVEZ INCHE | C26: 13 | H26: OK
A27: ZU | B27: JEAN CARLOS RIOS ZEA | C27: 13 | D27: OK | I27: CONFIRMÓ EN VUELOS
A28: JM | B28: ANGELLA MARIA BOLLET GOMEZ | C28: 13 | D28: OK
A29: JM | B29: ROCIO AYVAR VEGA | C29: 14
A30: LP | B30: CARMEN PEREZ CHINCHAY | C30: 14 | D30: NP | E30: NP | F30: NP | G30: NP | H30: NP | I30: VIAJA
A31: ZU | B31: ROXANA FLORENTINA BORJAS ORMEÑO | C31: 14 | N31: =8+2+8+13+1+11+1 -> 44
A32: DM | B32: LUZ MABEL CHIPANA VEGA | C32: 15
A33: JM | B33: STEPHANIE OTRERA | C33: 15 | I33: MANAGER
A34: LP | B34: SHEILA DE LA CRUZ HUAYTALLA | C34: 15 | D34: NC
A35: ZU | B35: LUCAS ALBERTO SANCHEZ SILVA | C35: 15 | D35: OK
A36: DM | B36: LEISIS MEDINA IDROGO | C36: 15
A37: JM | B37: NANCY MALPARTIDA FLORES | C37: 15
A38: LP | B38: JENNY BETSABET ESPINAL BALTAZAR | C38: 16 | D38: NC
A39: ZU | B39: LELY MELUSA ALTAMIRANO LLANTOY | C39: 16 | I39: MANAGER
A40: JM | B40: AVRIL ESTEPHANIA GARCIA MEDINA | C40: 16 | I40: DE VIAJE
A41: LP | B41: ODALIS RIVERA OSORES | C41: 16 | D41: XC
A42: ZU | B42: JORGE EDUARDO CHALCO CCASA | C42: 16 | E42: OK | I42: CONFIRMÓ EN VUELOS
A43: DM | B43: JOSE ISRAEL MAQUERA MONTOYA | C43: 16 | H43: OK
A44: JM | B44: RUMI MONTANO RAMOS | C44: 16
A45: LP | B45: DAINA AYELEN MARTINEZ FLORES | C45: 16 | D45: NC
A46: ZU | B46: GIOVANNI GIUSSEPPE MIRANDA MALPARTIDA | C46: 17 | D46: NP | E46: NP | F46: NP | G46: NP | H46: NP
A47: DM | B47: RAÚL CHÁVEZ INCHE | C47: 13
A48: JM | B48: ELMER ANGEL CHIPANA QUISPE | C48: 17
A49: LP | B49: ERIKA LIZETH NORENA DURAND | C49: 17 | D49: OK | I49: DE VIAJE
A50: ZU | B50: ANGELLO GERONIMO PANTA MORALES | C50: 17 | D50: NC
A51: DM | B51: GUSTAVO ADOLFO FERNANDEZ ESPINOZA | C51: 17
A52: JM | B52: LIZETH PATRICIA ACUÑA MATOS | C52: 17
A53: LP | B53: ROGGER ALCANTARA GUERRERO | C53: 17 | D53: NC
A54: ZU | B54: CLAUDIA OLENKA GALVEZ LOPEZ | C54: 17 | D54: NC
A55: DM | B55: GABRIELA NAUPARI VASQUEZ | C55: 17 | D55: NA | E55: NA | F55: NA | G55: NA | H55: NA
A56: JM | B56: URSULA LAY GUILLEN | C56: 17
A57: LP | B57: ARISKELA MONTANO MIRANDA | C57: 17 | G57: OK | H57: OK
A58: ZU | B58: GABRIELA KATERINNE JARA NARCISO | C58: 18 | D58: NP
A59: DM | B59: ANA CARINA CáRDENAS TERREROS | C59: 18 | D59: MANAGER | E59: MANAGER | F59: MANAGER | G59: MANAGER | H59: MANAGER | I59: MANAGER
A60: JM | B60: FERNANDO ABEL LOPEZ LOPEZ | C60: 18 | E60: XC | F60: XC | G60: XC | H60: XC | I60: MANAGER
A61: LP | B61: NADIA ZEGARRA TOLENTINO | C61: 18
A62: ZU | B62: KRISTIAN DELGADO | C62: 18
A63: DM | B63: JESSICA GUISELLE MORALES VEGA | C63: 18 | D63: OK
A64: NA | B64: DARNER ISZAT DIAZ ZAPANA | C64: 18
A65: LP | B65: ANA TIPISMANA VIUDA DE FLORES | C65: 19 | D65: A | E65: A | F65: A | G65: A | H65: A
A66: ZU | B66: CAMILA ALEGRIA VERASTEGUI DURAN | C66: 19 | D66: A | E66: A | F66: A | G66: A | H66: A
A67: DM | B67: DAVID EMERSON CONTRERAS LUCHINE | C67: 19 | F67: XC | G67: XC | H67: XC
A68: JM | B68: DIANA REYNA RAMOS OROSCO | C68: 19
A69: LP | B69: FABIO ALESSANDRO CANQUY LLOYD | C69: 19 | D69: A | E69: A | F69: A | G69: A | H69: A
A70: ZU | B70: FIORELA GUTIERREZ SAAVEDRA | C70: 19
A71: DM | B71: GISSELLA HUAMAN CELESTINO | C71: 19 | D71: XC | E71: XC | F71: XC | G71: XC | H71: XC
A72: JM | B72: GLADYS EUSEBIA MORENO CORNEJO | C72: 19
A73: LP | B73: JOSÉ ELIAS BALTAZAR ROSALES | C73: 19
A74: ZU | B74: MAICHOL EDSON FUENTES CALLAUA | C74: 19 | D74: NC
A75: DM | B75: MONICA FABIOLA FERNANDEZ ESPINOZA | C75: 19
A76: JM | B76: NOELIA VIRGINIA COTRINA LABRIANO | C76: 19
A77: LP | B77: ROSA VANEZA RAMIREZ HUALLPA | C77: 19 | D77: NC
A78: ZU | B78: VIOLETA LIS BELLO GASPAR | C78: 19
A79: DM | B79: YEMBER CONDE QUISPE | C79: 19
A80: LP | B80: JAVIER MARTIN LEVANO | C80: 20
A81: ZU | B81: JUSTO GONZALO RAMIREZ HUALPA | C81: 20 | D81: NP | E81: NP | F81: NP | G81: NP | H81: NP | I81: VIAJE
A82: DM | B82: MUNOZ URQUIAGA NICOLE BERTHA | C82: 20
A83: JM | B83: MANRIQUE HUARANCCA CAROLINA VICTORIA | C83: 20 | D83: XC
A84: LP | B84: SANCHEZ MEDINA HIPOLITA | C84: 20 | E84: OK | F84: OK
A85: ZU | B85: GINA CaRDENAS LOPEZ | C85: 20 | F85: OK | I85: CONFIRMÓ EN VUELOS
A86: DM | B86: LUZ ELVIRA RAMiREZ | C86: 20
A87: JM | B87: NOELIA GUTIERREZ | C87: LQ
A88: LP | B88: ABIGAIL LLACTAS FLORES | C88: 21 | D88: NC
A89: ZU | B89: ALEJANDRINA PATRICIA TIPISMANA PASACHE | C89: 21 | D89: NC
A90: DM | B90: BRIGITTE FERNANDA LóPEZ LóPEZ | C90: 21 | D90: NC
A91: NA | B91: DAVID JESUS RODRIGUEZ LA RIVA | C91: 21 | D91: NA | E91: NA | F91: NA | G91: NA | H91: NA | I91: MANAGER EN JUEGO
A92: LP | B92: EVER DAVID CARDENAS TELLO | C92: 21
A93: ZU | B93: GUILLERMO MOSCOSO RIOS | C93: 21 | I93: NA
A94: DM | B94: JENNY GARCIA SANTA CRUZ | C94: 21
A95: JM | B95: LOURDES LOPEZ ZAPANA | C95: 21 | M95: =104-9 -> 95
A96: LP | B96: MARIA DEL CARMEN MENDOZA PILCO | C96: 21
A97: ZU | B97: MARiA ELENA ALVINO LoPEZ | C97: 21
A98: DM | B98: NANCY YSABEL HERNANDEZ GOMEZ | C98: 21 | D98: NC
A99: JM | B99: PAULINA PALOMINO RAMOS | C99: 21
A100: LP | B100: PERCY ANTONIO MURO GAYOSO | C100: 21 | I100: Miercoles / medio dia
A101: ZU | B101: ROXANA MURILLO BONETT | C101: 21
...

Sheet APOYO MJ E24-23-22
A2: CODIGO DE VESTIMENTA PARA LOS APOYOS SIEMPRE NEGRO FORMAL | D2: Mesa de enrolamiento | E2: Mesa de enrolamiento | F2: Mesa de enrolamiento | G2: Mesa de enrolamiento | H2: Mesa de enrolamiento | I2: OBS
A3: RESPONSABLE | B3: APOYOS | C3: EQUIPO | D3: VIERNES 320PM - 8 pm | E3: SABADO 830 AM - 11 AM | F3: SABADO 430 PM - 730PM | G3: DOMINGO 830 AM - 11 AM | H3: DOMINGO 400 PM - 8 PM | K3: LEYENDA
A4: Kriscia | B4: GIULIANA CRISTINA BECERRA CANTELLA | C4: 0 | D4: NC | E4: NC | F4: NC | G4: NC | H4: NC
A5: Kriscia | B5: MARIA CELLI HUAYANCA DIAZ | C5: 5 | D5: NA | E5: NA | F5: NA | G5: NA | H5: NA | K5: OK | L5: CONFIRMA ASISTENCIA
A6: Kriscia | B6: LEYLA PASQUEL | C6: 6 | D6: NP | E6: NP | F6: NP | G6: NP | H6: NP
A7: Gareth | B7: MANUEL YAKIMA RIVERA TOYAMA | C7: 7 | D7: OK | E7: OK | F7: NP | G7: NP | H7: NP | I7: CAPITAN DE MESA
A8: Kriscia | B8: ANEL ORIHUELA | C8: 7
A9: Kriscia | B9: JUAN MANUEL GRANDA NAVARRO | C9: 7 | D9: NA | E9: NA | F9: NA | G9: NA | H9: NA
A10: Joyce | B10: TONNY GUTIERREZ | C10: 8 | D10: NA | E10: NA | F10: NA | G10: NA | H10: NA
A11: Joyce | B11: ELVIS CUELLAR | C11: 8 | D11: NA | E11: NA | F11: NA | G11: NA | H11: NA
A12: Joyce | B12: DIEGO HECTOR BARBIERI GALECIO | C12: 11 | D12: NP | E12: NP | F12: NP | G12: OK | H12: NP
A13: Kriscia | B13: REYNA JARAMILLO PINEDO | C13: 10 | D13: NA | E13: NA | F13: NA | G13: NA | H13: NA
A14: gareth | B14: MILAGROS CASTAÑEDA ORBE | C14: 10 | D14: NP | E14: NP | F14: XC | G14: XC | H14: XC
A15: Joyce | B15: LIZ CAROL TRUJILLO MALLQUI | C15: 11 | D15: NP | E15: OK | F15: NP | G15: NA | H15: NA
A16: gareth | B16: ANAMELVA QUIÑONES BELTRÁN | C16: 11 | D16: OK | E16: OK | F16: OK | G16: NP | H16: OK | I16: APOYO VIP
A17: Gareth | B17: ELIZABETH MORALES CARCELEN | C17: 11 | D17: NA | E17: NA | F17: NA | G17: NA | H17: NA
A18: Joyce | B18: LUIS ALBERTO HERNÁNDEZ MENDOZA | C18: 11 | D18: NA | E18: NA | F18: NA | G18: NA | H18: NA | I18: MANAGER
A19: Joyce | B19: ALEXANDRA TAPULLIMA CORDOVA | C19: 11 | D19: NP | E19: NP | F19: NP | G19: OK | H19: OK
A20: Kriscia | B20: FUEL DURAND HUAYNATE | C20: 12 | D20: NP | E20: NP | F20: NP | G20: NP | H20: NP
A21: Joyce | B21: PAMELA MORALES VEGA | C21: 12 | D21: NP | E21: NP | F21: NP | G21: NP | H21: NP
A22: Gareth | B22: DIANA MOSCOSO | C22: 12 | D22: OK | E22: OK | F22: OK | G22: OK | H22: OK | I22: APOYO VIP
A23: Kriscia | B23: LIDIA TRUJILLO GUTIÉRREZ | C23: 12 | D23: NP | E23: NP | F23: NP | G23: NP | H23: NP
A24: Joyce | B24: D'YANIRA ALLYZON LEON SUAREZ | C24: 12 | D24: OK | E24: NP | F24: NP | G24: NP | H24: OK
A25: Joyce | B25: EUFEMIA ISABEL CORREA OLAYA | C25: 12 | D25: NA | E25: NA | F25: NA | G25: NA | H25: NA | I25: CAPITANA E24
A26: Gareth | B26: SHIRLEY RIVERA HUAMAN | C26: 12 | D26: NP | E26: NP | F26: NP | G26: NP | H26: OK
A27: gareth | B27: PATRICIA LILIANA RÍOS ROSSELL | C27: 13 | D27: NA | E27: NA | F27: NA | G27: NA | H27: NA
A28: Joyce | B28: LIANA ELSA CASTRO PRIETO GONZALES | C28: 13 | D28: NA | E28: NA | F28: NA | G28: NA | H28: NA
A29: Kriscia | B29: MARIA VERONICA JIMENEZ VASQUEZ | C29: 13 | D29: NA | E29: NA | F29: NA | G29: NA | H29: NA
A30: Joyce | B30: PILAR DE LA CRUZ | C30: 13 | D30: NP | E30: NP | F30: NP | G30: NP | H30: NP
A31: Kriscia | B31: RAQUEL RIVEROS RAMOS | C31: 13 | D31: OK | E31: NP | F31: NP | G31: NP | H31: NP
A32: Gareth | B32: BRITNEY SAFIRO OLENKA DELGADO QUIÑONES | C32: 13 | D32: NA | E32: NA | F32: NA | G32: NA | H32: NA
A33: JOYCE | B33: JORGE LUIS LEON DE LOS RIOS | C33: 13 | D33: NO
A34: Kriscia | B34: RAÚL CHÁVEZ INCHE | C34: 13 | D34: NP | E34: NP | F34: NP | G34: NP | H34: NP
A35: Gareth | B35: JEAN CARLOS RIOS ZEA | C35: 13 | D35: NA | E35: NA | F35: NA | G35: NA | H35: NA
A36: Joyce | B36: ANGELLA MARIA BOLLET GOMEZ | C36: 13 | D36: OK | H36: OK
A37: Gareth | B37: ROCIO AYVAR VEGA | C37: 14 | D37: NP | E37: NP | F37: NP | G37: NP | H37: NP
A38: Joyce | B38: CARMEN PEREZ CHINCHAY | C38: 14 | D38: NP | E38: NP | F38: OK | G38: NP | H38: OK
A39: Kriscia | B39: ROXANA FLORENTINA BORJAS ORMEÑO | C39: 14 | D39: NP | E39: NP | F39: NP | G39: NP | H39: NP
A40: Kriscia | B40: RHANIA UNTIVEROS REQUEJO | C40: 14 | D40: NA | E40: NA | F40: NA | G40: NA | H40: NA
A41: Joyce | B41: LUZ MABEL CHIPANA VEGA | C41: 15 | D41: NA | E41: NA | F41: NA | G41: NA | H41: NA
A42: Gareth | B42: STEPHANIE OTRERA | C42: 15 | D42: NA | E42: NA | F42: NA | G42: NA | H42: NA | I42: MANAGER
A43: Gareth | B43: SHEILA DE LA CRUZ HUAYTALLA | C43: 15
A44: Kriscia | B44: LUCAS ALBERTO SANCHEZ SILVA | C44: 15 | D44: NA | E44: NA | F44: NA | G44: NA | H44: NA
A45: Kriscia | B45: LEISIS MEDINA IDROGO | C45: 15 | D45: NA | E45: NA | F45: NA | G45: NA | H45: NA
A46: gareth | B46: NANCY MALPARTIDA FLORES | C46: 15 | D46: NA | E46: NA | F46: NA | G46: NA | H46: NA
A47: Joyce | B47: JENNY BETSABET ESPINAL BALTAZAR | C47: 16 | D47: NA | E47: NA | F47: NA | G47: NA | H47: NA
A48: Kriscia | B48: JIMENA MARIBEL PLASENCIA AGUILAR | C48: 16 | D48: NP | E48: NP | F48: NP | G48: NP | H48: NP
A49: Kriscia | B49: LELY MELUSA ALTAMIRANO LLANTOY | C49: 16 | D49: NA | E49: NA | F49: NA | G49: NA | H49: NA | I49: MANAGER
A50: Gareth | B50: KATHERINE LILIBET QUISPE ARENAS | C50: 16 | D50: NA | E50: NA | F50: NA | G50: NA | H50: NA
A51: Joyce | B51: AVRIL ESTEPHANIA GARCIA MEDINA | C51: 16 | D51: NP | E51: NP | F51: NP | G51: NP | H51: NP | I51: DE VIAJE
A52: gareth | B52: ODALIS RIVERA OSORES | C52: 16 | D52: NA | E52: NA | F52: NA | G52: NA | H52: NA
A53: Kriscia | B53: JORGE EDUARDO CHALCO CCASA | C53: 16 | D53: NA | E53: NA | F53: NA | G53: NA | H53: NA
A54: Joyce | B54: JOSE ISRAEL MAQUERA MONTOYA | C54: 16 | D54: NA | E54: NA | F54: NA | G54: NA | H54: NA
A55: Gareth | B55: RUMI MONTANO RAMOS | C55: 16 | D55: NA | E55: NA | F55: NA | G55: NA | H55: NA
A56: Gareth | B56: DAINA AYELEN MARTINEZ FLORES | C56: 16 | D56: NA | E56: NA | F56: NA | G56: NA | H56: NA
A57: Gareth | B57: GIOVANNI GIUSSEPPE MIRANDA MALPARTIDA | C57: 17 | D57: NA | E57: NA | F57: NA | G57: NA | H57: NA
A58: Joyce | B58: RAÚL CHÁVEZ INCHE | C58: 13 | D58: NP | E58: NP | F58: NP | G58: NP | H58: NP
A59: Kriscia | B59: ELMER ANGEL CHIPANA QUISPE | C59: 17
A60: Joyce | B60: ERIKA LIZETH NORENA DURAND | C60: 17 | D60: NP | E60: NP | F60: NP | G60: NP | H60: NP
A61: Gareth | B61: ANGELLO GERONIMO PANTA MORALES | C61: 17 | D61: NA | E61: NA | F61: NA | G61: NA | H61: NA
A62: Joyce | B62: GUSTAVO ADOLFO FERNANDEZ ESPINOZA | C62: 17 | D62: NA | E62: NA | F62: NA | G62: NA | H62: NA
A63: Kriscia | B63: LIZETH PATRICIA ACUÑA MATOS | C63: 17
A64: Kriscia | B64: ROGGER ALCANTARA GUERRERO | C64: 17 | D64: NA | E64: NA | F64: NA | G64: NA | H64: NA
A65: JOYCE | B65: CLAUDIA OLENKA GALVEZ LOPEZ | C65: 17 | D65: NA | E65: NA | F65: NA | G65: NA | H65: NA
A66: Kriscia | B66: GABRIELA NAUPARI VASQUEZ | C66: 17 | D66: NA | E66: NA | F66: NA | G66: NA | H66: NA
A67: Gareth | B67: URSULA LAY GUILLEN | C67: 17 | D67: NA | E67: NA | F67: NA | G67: NA | H67: NA
A68: Joyce | B68: ARISKELA MONTANO MIRANDA | C68: 17
A69: gareth | B69: GABRIELA KATERINNE JARA NARCISO | C69: 18 | D69: NA | E69: NA | F69: NA | G69: NA | H69: NA
A70: Joyce | B70: ANA CARINA CáRDENAS TERREROS | C70: 18 | D70: NA | E70: NA | F70: NA | G70: NA | H70: NA | I70: MANAGER
A71: Kriscia | B71: FERNANDO ABEL LOPEZ LOPEZ | C71: 18 | D71: NA | E71: NA | F71: NA | G71: NA | H71: NA | I71: MANAGER
A72: Joyce | B72: NADIA ZEGARRA TOLENTINO | C72: 18 | D72: OK | E72: NP | F72: NP | G72: NP | H72: NP
A73: Joyce | B73: OTTY ZULEY URTEGA SILVA | C73: 18 | D73: NA | E73: NA | F73: NA | G73: NA | H73: NA | I73: MANAGER
A74: Kriscia | B74: KRISTIAN DELGADO | C74: 18
A75: Kriscia | B75: CRISTINA MARTÍNEZ PUENTE | C75: 18 | D75: NA | E75: NA | F75: NA | G75: NA | H75: NA
A76: Joyce | B76: JESSICA GUISELLE MORALES VEGA | C76: 18 | D76: NC | E76: NC | F76: NC | G76: NC | H76: NC
A77: Gareth | B77: DARNER ISZAT DIAZ ZAPANA | C77: 18 | D77: NP | E77: NP | F77: NP | G77: NP | H77: NP
A78: Gareth | B78: NOELIA VIRGINIA COTRINA LABRIANO | C78: 19 | D78: NA | E78: NA | F78: NA | G78: NA | H78: NA
A79: Gareth | B79: ALVARO ROJAS YAHAIRA MARINA | C79: 20 | D79: NA | E79: NA | F79: NA | G79: NA | H79: NA
A80: Gareth | B80: JAVIER MARTIN LEVANO | C80: 20 | D80: NA | E80: NA | F80: NA | G80: NA | H80: NA | I80: MANAGER
