Workbook

Sheet Hoja1
A1: COORDINADOR MAESTRIA DEL JUEGO | B1: MAESTRIA DEL JUEGO | E1: CAPITULO UNO | J1: C2 A CREACION | Y1: CREACION A RELACION | AJ1: RELACIÓN A GRATITUD | AU1: GRATITUD AL VIAJE | AY1: PERDIDOS | BD1: STATUS DEL EQUIPO
I2: CAPITULO DOS | P2: CREACIÓN | Y2: RELACIÓN | AJ2: GRATITUD | AU2: EL VIAJE
A3: CMJ | B3: SEDE | C3: E.# | D3: ENROLAMIENTO | E3: INICIAN C1 | F3: TERMINAN CAP 1 | G3: PAGAN C2 | H3: PASE | I3: INICIAN C2 | J3: TERMINAN C2 | K3: PAGOS MJ | L3: PASE | M3: MANGERS DECLARADOS | N3: C2 | O3: REZAGADOS | P3: PX INICIO | Q3: MANAGERS INICIO | R3: PX FINAL | S3: MANGERS FINAL | T3: DESERTORES PX | U3: DESERTORES MG | V3: ENROLAMIENTO PX | W3: ENROLAMIENTO MANAGERS | X3: ENROLAMIENTO TOTAL | Y3: PX INICIO | Z3: MANAGERS INICIO | AA3: DESERTORES PX | AB3: DESERTORES MANAGERS | AC3: PX FINAL | AD3: MANGERS FINAL | AE3: DESERTORES PX | AF3: DESERTORES MG | AG3: ENROLAMIENTO PX | AH3: ENROLAMIENTO MANAGERS | AI3: ENROLAMIENTO TOTAL | AJ3: PX INICIO | AK3: MANAGERS INICIO | AL3: DESERTORES PX | AM3: DESERORES MANAGERS | AN3: PX FINAL | AO3: MANGERS FINAL | AP3: DESERTORES PX | AQ3: DESERTORES MG | AR3: ENROLAMIENTO PX | AS3: ENROLAMIENTO MANAGERS | AT3: ENROLAMIENTO TOTAL | AU3: PX INICIO | AV3: MANAGERS INICIO | AW3: NO GRADUADO PX | AX3: NO GRADUADO MANAGERS | AY3: PX PERDIDOS EN MJ | AZ3: MANAGER PERDIDOS EN MJ | BA3: % DESERCIÓN | BB3: IMPACTO C1-VIAJE | BC3: IMPACTO | BD3: STATUS DEL EQUIPO
A4: MIGUEL TORRES | B4: CUENCA | C4: 1 | D4: =54+32+34 -> 120 | E4: 61 | F4: 61 | G4: 23 | H4: =+G4/F4 -> 0.37704918 | I4: 30 | J4: 30 | K4: 28 | L4: =+K4/J4 -> 0.93333333 | M4: 5 | N4: 21 | O4: 0 | P4: =+O4+N4 -> 21 | Q4: 5 | R4: 18 | S4: 5 | T4: =+P4-R4 -> 3 | U4: =+Q4-S4 -> 0 | V4: 22 | W4: 15 | X4: =+W4+V4 -> 37 | Y4: 16 | Z4: 5 | AA4: =+R4-Y4 -> 2 | AB4: =+S4-Z4 -> 0 | AC4: 16 | AD4: 5 | AE4: =+Y4-AC4 -> 0 | AF4: =+Z4-AD4 -> 0 | AG4: 16 | AH4: 16 | AI4: =+AH4+AG4 -> 32 | AJ4: 16 | AK4: 5 | AL4: =+AC4-AJ4 -> 0 | AM4: =+AD4-AK4 -> 0 | AN4: 14 | AO4: 4 | AP4: =+AJ4-AN4 -> 2 | AQ4: =+AK4-AO4 -> 1 | AR4: 23 | AS4: 11 | AT4: =+AS4+AR4 -> 34 | AU4: 14 | AV4: 4 | AW4: =+AN4-AU4 -> 0 | AX4: =+AO4-AV4 -> 0 | AY4: =+P4-AU4 -> 7 | AZ4: =+Q4-AV4 -> 1 | BA4: =+(AY4+AZ4)/(P4+Q4) -> 0.30769231 | BB4: =+(AU4+AV4)/E4 -> 0.29508197 | BC4: =+AU4/D4 -> 0.11666667 | BD4: =IF(AU4>0,"Graduado","En Proceso") -> Graduado
A5: MAURICIO RAMIREZ | B5: MEDELLIN | C5: 1 | D5: 46 | E5: 40 | F5: 38 | G5: 24 | H5: =+G5/F5 -> 0.63157895 | I5: 19 | J5: 19 | K5: 19 | L5: =+K5/J5 -> 1 | M5: 3 | N5: 18 | O5: 1 | P5: =+O5+N5 -> 19 | Q5: 3 | R5: 18 | S5: 3 | T5: =+P5-R5 -> 1 | U5: =+Q5-S5 -> 0 | V5: 31 | W5: 15 | X5: =+W5+V5 -> 46 | Y5: 16 | Z5: 3 | AA5: =+R5-Y5 -> 2 | AB5: =+S5-Z5 -> 0 | AC5: 14 | AD5: 2 | AE5: =+Y5-AC5 -> 2 | AF5: =+Z5-AD5 -> 1 | AG5: 13 | AH5: 10 | AI5: =+AH5+AG5 -> 23 | AJ5: 14 | AK5: 2 | AL5: =+AC5-AJ5 -> 0 | AM5: =+AD5-AK5 -> 0 | AN5: 12 | AO5: 2 | AP5: =+AJ5-AN5 -> 2 | AQ5: =+AK5-AO5 -> 0 | AR5: 14 | AS5: 9 | AT5: =+AS5+AR5 -> 23 | AU5: 7 | AV5: 2 | AW5: =+AN5-AU5 -> 5 | AX5: =+AO5-AV5 -> 0 | AY5: =+P5-AU5 -> 12 | AZ5: =+Q5-AV5 -> 1 | BA5: =+(AY5+AZ5)/(P5+Q5) -> 0.59090909 | BB5: =+(AU5+AV5)/E5 -> 0.225 | BC5: =+AU5/D5 -> 0.15217391 | BD5: =IF(AU5>0,"Graduado","En Proceso") -> Graduado
A6: MIGUEL TORRES | B6: CUENCA | C6: 2 | D6: 39 | E6: 32 | F6: 31 | G6: 21 | H6: =+G6/F6 -> 0.67741935 | I6: 21 | J6: 19 | K6: 17 | L6: =+K6/J6 -> 0.89473684 | M6: 5 | N6: 17 | O6: 1 | P6: =+O6+N6 -> 18 | Q6: 3 | R6: 18 | S6: 3 | T6: =+P6-R6 -> 0 | U6: =+Q6-S6 -> 0 | V6: 41 | W6: 16 | X6: =+W6+V6 -> 57 | Y6: 18 | Z6: 3 | AA6: =+R6-Y6 -> 0 | AB6: =+S6-Z6 -> 0 | AC6: 18 | AD6: 2 | AE6: =+Y6-AC6 -> 0 | AF6: =+Z6-AD6 -> 1 | AG6: 24 | AH6: 8 | AI6: =+AH6+AG6 -> 32 | AJ6: 16 | AK6: 2 | AL6: =+AC6-AJ6 -> 2 | AM6: =+AD6-AK6 -> 0 | AN6: 15 | AO6: 2 | AP6: =+AJ6-AN6 -> 1 | AQ6: =+AK6-AO6 -> 0 | AR6: 39 | AS6: 11 | AT6: =+AS6+AR6 -> 50 | AU6: 14 | AV6: 2 | AW6: =+AN6-AU6 -> 1 | AX6: =+AO6-AV6 -> 0 | AY6: =+P6-AU6 -> 4 | AZ6: =+Q6-AV6 -> 1 | BA6: =+(AY6+AZ6)/(P6+Q6) -> 0.23809524 | BB6: =+(AU6+AV6)/E6 -> 0.5 | BC6: =+AU6/D6 -> 0.35897436 | BD6: =IF(AU6>0,"Graduado","En Proceso") -> Graduado
A7: MAURICIO RAMIREZ | B7: MEDELLIN | C7: 2 | D7: 47 | E7: 42 | F7: 40 | G7: 31 | H7: =+G7/F7 -> 0.775 | I7: 28 | J7: 28 | K7: 24 | L7: =+K7/J7 -> 0.85714286 | M7: 6 | N7: 15 | O7: 0 | P7: =+O7+N7 -> 15 | Q7: 6 | R7: 13 | S7: 6 | T7: =+P7-R7 -> 2 | U7: =+Q7-S7 -> 0 | V7: 21 | W7: 26 | X7: =+W7+V7 -> 47 | Y7: 12 | Z7: 6 | AA7: =+R7-Y7 -> 1 | AB7: =+S7-Z7 -> 0 | AC7: 12 | AD7: 6 | AE7: =+Y7-AC7 -> 0 | AF7: =+Z7-AD7 -> 0 | AG7: 30 | AH7: 27 | AI7: =+AH7+AG7 -> 57 | AJ7: 11 | AK7: 5 | AL7: =+AC7-AJ7 -> 1 | AM7: =+AD7-AK7 -> 1 | AN7: 8 | AO7: 5 | AP7: =+AJ7-AN7 -> 3 | AQ7: =+AK7-AO7 -> 0 | AR7: 26 | AS7: 30 | AT7: =+AS7+AR7 -> 56 | AU7: 8 | AV7: 5 | AW7: =+AN7-AU7 -> 0 | AX7: =+AO7-AV7 -> 0 | AY7: =+P7-AU7 -> 7 | AZ7: =+Q7-AV7 -> 1 | BA7: =+(AY7+AZ7)/(P7+Q7) -> 0.38095238 | BB7: =+(AU7+AV7)/E7 -> 0.30952381 | BC7: =+AU7/D7 -> 0.17021277 | BD7: =IF(AU7>0,"Graduado","En Proceso") -> Graduado
A8: MIGUEL TORRES | B8: CUENCA | C8: 3 | D8: =33+24 -> 57 | E8: 16 | F8: 16 | G8: 2 | H8: =+G8/F8 -> 0.125 | I8: 22 | J8: 18 | K8: 18 | L8: =+K8/J8 -> 1 | M8: 5 | N8: 15 | O8: 0 | P8: =+O8+N8 -> 15 | Q8: 4 | R8: 15 | S8: 4 | T8: =+P8-R8 -> 0 | U8: =+Q8-S8 -> 0 | V8: 23 | W8: 10 | X8: =+W8+V8 -> 33 | Y8: 13 | Z8: 4 | AA8: =+R8-Y8 -> 2 | AB8: =+S8-Z8 -> 0 | AC8: 12 | AD8: 2 | AE8: =+Y8-AC8 -> 1 | AF8: =+Z8-AD8 -> 2 | AG8: 17 | AH8: 7 | AI8: =+AH8+AG8 -> 24 | AJ8: 10 | AK8: 2 | AL8: =+AC8-AJ8 -> 2 | AM8: =+AD8-AK8 -> 0 | AN8: 8 | AO8: 2 | AP8: =+AJ8-AN8 -> 2 | AQ8: =+AK8-AO8 -> 0 | AR8: 22 | AS8: 5 | AT8: =+AS8+AR8 -> 27 | AU8: 7 | AV8: 2 | AW8: =+AN8-AU8 -> 1 | AX8: =+AO8-AV8 -> 0 | AY8: =+P8-AU8 -> 8 | AZ8: =+Q8-AV8 -> 2 | BA8: =+(AY8+AZ8)/(P8+Q8) -> 0.52631579 | BB8: =+(AU8+AV8)/E8 -> 0.5625 | BC8: =+AU8/D8 -> 0.12280702 | BD8: =IF(AU8>0,"Graduado","En Proceso") -> Graduado
A9: MAURICIO RAMIREZ | B9: MEDELLIN | C9: 3 | D9: 70 | E9: 49 | F9: 41 | G9: 21 | H9: =+G9/F9 -> 0.51219512 | I9: 17 | J9: 16 | K9: 16 | L9: =+K9/J9 -> 1 | M9: 1 | N9: 14 | O9: 2 | P9: =+O9+N9 -> 16 | Q9: 1 | R9: 14 | S9: 1 | T9: =+P9-R9 -> 2 | U9: =+Q9-S9 -> 0 | V9: 25 | W9: 3 | X9: =+W9+V9 -> 28 | Y9: 13 | Z9: 1 | AA9: =+R9-Y9 -> 1 | AB9: =+S9-Z9 -> 0 | AC9: 12 | AD9: 1 | AE9: =+Y9-AC9 -> 1 | AF9: =+Z9-AD9 -> 0 | AG9: 22 | AH9: 5 | AI9: =+AH9+AG9 -> 27 | AJ9: 0 | AK9: 0 | AL9: =+AC9-AJ9 -> 12 | AM9: =+AD9-AK9 -> 1 | AN9: 0 | AO9: 0 | AP9: =+AJ9-AN9 -> 0 | AQ9: =+AK9-AO9 -> 0 | AR9: 0 | AS9: 0 | AT9: =+AS9+AR9 -> 0 | AU9: 0 | AV9: 0 | AW9: =+AN9-AU9 -> 0 | AX9: =+AO9-AV9 -> 0 | AY9: =+P9-AU9 -> 16 | AZ9: =+Q9-AV9 -> 1 | BA9: =+(AY9+AZ9)/(P9+Q9) -> 1 | BB9: =+(AU9+AV9)/E9 -> 0 | BC9: =+AU9/D9 -> 0 | BD9: =IF(AU9>0,"Graduado","En Proceso") -> En Proceso
A10: JOSUE VERA | B10: CUENCA | C10: 4 | D10: 99 | E10: 74 | F10: 59 | G10: 16 | H10: =+G10/F10 -> 0.27118644 | I10: 13 | J10: 13 | K10: 12 | L10: =+K10/J10 -> 0.92307692 | M10: 0 | N10: 12 | O10: 0 | P10: =+O10+N10 -> 12 | Q10: 1 | R10: 10 | S10: 2 | T10: =+P10-R10 -> 2 | U10: =+Q10-S10 -> -1 | V10: 15 | W10: 6 | X10: =+W10+V10 -> 21 | Y10: 8 | Z10: 2 | AA10: =+R10-Y10 -> 2 | AB10: =+S10-Z10 -> 0 | AC10: 8 | AD10: 2 | AE10: =+Y10-AC10 -> 0 | AF10: =+Z10-AD10 -> 0 | AG10: 18 | AH10: 5 | AI10: =+AH10+AG10 -> 23 | AJ10: 8 | AK10: 2 | AL10: =+AC10-AJ10 -> 0 | AM10: =+AD10-AK10 -> 0 | AN10: 8 | AO10: 1 | AP10: =+AJ10-AN10 -> 0 | AQ10: =+AK10-AO10 -> 1 | AR10: 14 | AS10: 6 | AT10: =+AS10+AR10 -> 20 | AU10: 8 | AV10: 1 | AW10: =+AN10-AU10 -> 0 | AX10: =+AO10-AV10 -> 0 | AY10: =+P10-AU10 -> 4 | AZ10: =+Q10-AV10 -> 0 | BA10: =+(AY10+AZ10)/(P10+Q10) -> 0.30769231 | BB10: =+(AU10+AV10)/E10 -> 0.12162162 | BC10: =+AU10/D10 -> 0.080808081 | BD10: =IF(AU10>0,"Graduado","En Proceso") -> Graduado
A11: MAURICIO RAMIREZ | B11: MEDELLIN | C11: 4 | D11: 108 | E11: 59 | F11: 51 | G11: 37 | H11: =+G11/F11 -> 0.7254902 | I11: 28 | J11: 25 | K11: 25 | L11: =+K11/J11 -> 1 | M11: 2 | N11: 18 | O11: 0 | P11: =+O11+N11 -> 18 | Q11: 2 | R11: 16 | S11: 2 | T11: =+P11-R11 -> 2 | U11: =+Q11-S11 -> 0 | V11: 31 | W11: 10 | X11: =+W11+V11 -> 41 | Y11: 0 | Z11: 0 | AA11: =+R11-Y11 -> 16 | AB11: =+S11-Z11 -> 2 | AC11: 0 | AD11: 0 | AE11: =+Y11-AC11 -> 0 | AF11: =+Z11-AD11 -> 0 | AG11: 0 | AH11: 0 | AI11: =+AH11+AG11 -> 0 | AJ11: 0 | AK11: 0 | AL11: =+AC11-AJ11 -> 0 | AM11: =+AD11-AK11 -> 0 | AN11: 0 | AO11: 0 | AP11: =+AJ11-AN11 -> 0 | AQ11: =+AK11-AO11 -> 0 | AR11: 0 | AS11: 0 | AT11: =+AS11+AR11 -> 0 | AU11: 0 | AV11: 0 | AW11: =+AN11-AU11 -> 0 | AX11: =+AO11-AV11 -> 0 | AY11: =+P11-AU11 -> 18 | AZ11: =+Q11-AV11 -> 2 | BA11: =+(AY11+AZ11)/(P11+Q11) -> 1 | BB11: =+(AU11+AV11)/E11 -> 0 | BC11: =+AU11/D11 -> 0 | BD11: =IF(AU11>0,"Graduado","En Proceso") -> En Proceso
A12: JOSUE VERA | B12: CUENCA | C12: 5 | D12: 95 | E12: 74 | F12: 74 | G12: 28 | H12: =+G12/F12 -> 0.37837838 | I12: 26 | J12: 26 | K12: 24 | L12: =+K12/J12 -> 0.92307692 | M12: 2 | N12: 23 | O12: 1 | P12: =+O12+N12 -> 24 | Q12: 3 | R12: 23 | S12: 3 | T12: =+P12-R12 -> 1 | U12: =+Q12-S12 -> 0 | V12: 31 | W12: 9 | X12: =+W12+V12 -> 40 | Y12: 19 | Z12: 3 | AA12: =+R12-Y12 -> 4 | AB12: =+S12-Z12 -> 0 | AC12: 17 | AD12: 3 | AE12: =+Y12-AC12 -> 2 | AF12: =+Z12-AD12 -> 0 | AG12: 45 | AH12: 9 | AI12: =+AH12+AG12 -> 54 | AJ12: 15 | AK12: 3 | AL12: =+AC12-AJ12 -> 2 | AM12: =+AD12-AK12 -> 0 | AN12: 15 | AO12: 3 | AP12: =+AJ12-AN12 -> 0 | AQ12: =+AK12-AO12 -> 0 | AR12: 45 | AS12: 12 | AT12: =+AS12+AR12 -> 57 | AU12: 14 | AV12: 3 | AW12: =+AN12-AU12 -> 1 | AX12: =+AO12-AV12 -> 0 | AY12: =+P12-AU12 -> 10 | AZ12: =+Q12-AV12 -> 0 | BA12: =+(AY12+AZ12)/(P12+Q12) -> 0.37037037 | BB12: =+(AU12+AV12)/E12 -> 0.22972973 | BC12: =+AU12/D12 -> 0.14736842 | BD12: =IF(AU12>0,"Graduado","En Proceso") -> Graduado
A13: MAURICIO RAMIREZ | B13: MEDELLIN | C13: 5 | D13: 126 | E13: 81 | F13: 70 | G13: 39 | H13: =+G13/F13 -> 0.55714286 | I13: 0 | J13: 0 | K13: 0 | L13: =+K13/J13 -> #DIV/0! | M13: 0 | N13: 0 | O13: 0 | P13: =+O13+N13 -> 0 | Q13: 0 | R13: 0 | S13: 0 | T13: =+P13-R13 -> 0 | U13: =+Q13-S13 -> 0 | V13: 0 | W13: 0 | X13: =+W13+V13 -> 0 | Y13: 0 | Z13: 0 | AA13: =+R13-Y13 -> 0 | AB13: =+S13-Z13 -> 0 | AC13: 0 | AD13: 0 | AE13: =+Y13-AC13 -> 0 | AF13: =+Z13-AD13 -> 0 | AG13: 0 | AH13: 0 | AI13: =+AH13+AG13 -> 0 | AJ13: 0 | AK13: 0 | AL13: =+AC13-AJ13 -> 0 | AM13: =+AD13-AK13 -> 0 | AN13: 0 | AO13: 0 | AP13: =+AJ13-AN13 -> 0 | AQ13: =+AK13-AO13 -> 0 | AR13: 0 | AS13: 0 | AT13: =+AS13+AR13 -> 0 | AU13: 0 | AV13: 0 | AW13: =+AN13-AU13 -> 0 | AX13: =+AO13-AV13 -> 0 | AY13: =+P13-AU13 -> 0 | AZ13: =+Q13-AV13 -> 0 | BA13: =+(AY13+AZ13)/(P13+Q13) -> #DIV/0! | BB13: =+(AU13+AV13)/E13 -> 0 | BC13: =+AU13/D13 -> 0 | BD13: =IF(AU13>0,"Graduado","En Proceso") -> En Proceso
A14: JOSUE VERA | B14: CUENCA | C14: 6 | D14: 99 | E14: 90 | F14: 74 | G14: 32 | H14: =+G14/F14 -> 0.43243243 | I14: 30 | J14: 23 | K14: 23 | L14: =+K14/J14 -> 1 | M14: 2 | N14: 23 | O14: 1 | P14: =+O14+N14 -> 24 | Q14: 2 | R14: 23 | S14: 2 | T14: =+P14-R14 -> 1 | U14: =+Q14-S14 -> 0 | V14: 52 | W14: 6 | X14: =+W14+V14 -> 58 | Y14: 22 | Z14: 2 | AA14: =+R14-Y14 -> 1 | AB14: =+S14-Z14 -> 0 | AC14: 22 | AD14: 1 | AE14: =+Y14-AC14 -> 0 | AF14: =+Z14-AD14 -> 1 | AG14: 38 | AH14: 3 | AI14: =+AH14+AG14 -> 41 | AJ14: 20 | AK14: 1 | AL14: =+AC14-AJ14 -> 2 | AM14: =+AD14-AK14 -> 0 | AN14: 19 | AO14: 1 | AP14: =+AJ14-AN14 -> 1 | AQ14: =+AK14-AO14 -> 0 | AR14: 36 | AS14: 6 | AT14: =+AS14+AR14 -> 42 | AU14: 19 | AV14: 1 | AW14: =+AN14-AU14 -> 0 | AX14: =+AO14-AV14 -> 0 | AY14: =+P14-AU14 -> 5 | AZ14: =+Q14-AV14 -> 1 | BA14: =+(AY14+AZ14)/(P14+Q14) -> 0.23076923 | BB14: =+(AU14+AV14)/E14 -> 0.22222222 | BC14: =+AU14/D14 -> 0.19191919 | BD14: =IF(AU14>0,"Graduado","En Proceso") -> Graduado
A15: JOSE SANCHEZ | B15: LIMA | C15: 6 | D15: 58 | E15: 36 | F15: 35 | G15: 11 | H15: =+G15/F15 -> 0.31428571 | I15: 10 | J15: 10 | K15: 9 | L15: =+K15/J15 -> 0.9 | M15: 3 | N15: 7 | P15: =+O15+N15 -> 7 | Q15: 3 | R15: 5 | S15: 3 | T15: =+P15-R15 -> 2 | U15: =+Q15-S15 -> 0 | V15: 5 | W15: 17 | X15: =+W15+V15 -> 22 | Y15: 3 | Z15: 3 | AA15: =+R15-Y15 -> 2 | AB15: =+S15-Z15 -> 0 | AC15: 3 | AD15: 3 | AE15: =+Y15-AC15 -> 0 | AF15: =+Z15-AD15 -> 0 | AG15: 5 | AH15: 16 | AI15: =+AH15+AG15 -> 21 | AJ15: 0 | AK15: 2 | AL15: =+AC15-AJ15 -> 3 | AM15: =+AD15-AK15 -> 1 | AN15: 0 | AO15: 2 | AP15: =+AJ15-AN15 -> 0 | AQ15: =+AK15-AO15 -> 0 | AR15: 0 | AS15: 12 | AT15: =+AS15+AR15 -> 12 | AU15: 0 | AV15: 2 | AW15: =+AN15-AU15 -> 0 | AX15: =+AO15-AV15 -> 0 | AY15: =+P15-AU15 -> 7 | AZ15: =+Q15-AV15 -> 1 | BA15: =+(AY15+AZ15)/(P15+Q15) -> 0.8 | BB15: =+(AU15+AV15)/E15 -> 0.055555556 | BC15: =+AU15/D15 -> 0 | BD15: Graduado
A16: JOSUE VERA | B16: CUENCA | C16: 7 | D16: 122 | E16: 114 | F16: 105 | G16: 54 | H16: =+G16/F16 -> 0.51428571 | I16: 48 | J16: 44 | K16: 44 | L16: =+K16/J16 -> 1 | M16: 3 | N16: 43 | O16: 1 | P16: =+O16+N16 -> 44 | Q16: 2 | R16: 44 | S16: 2 | T16: =+P16-R16 -> 0 | U16: =+Q16-S16 -> 0 | V16: 87 | W16: 8 | X16: =+W16+V16 -> 95 | Y16: 36 | Z16: 2 | AA16: =+R16-Y16 -> 8 | AB16: =+S16-Z16 -> 0 | AC16: 33 | AD16: 2 | AE16: =+Y16-AC16 -> 3 | AF16: =+Z16-AD16 -> 0 | AG16: 48 | AH16: 10 | AI16: =+AH16+AG16 -> 58 | AJ16: 33 | AK16: 2 | AL16: =+AC16-AJ16 -> 0 | AM16: =+AD16-AK16 -> 0 | AN16: 29 | AO16: 2 | AP16: =+AJ16-AN16 -> 4 | AQ16: =+AK16-AO16 -> 0 | AR16: 54 | AS16: 7 | AT16: =+AS16+AR16 -> 61 | AU16: 33 | AV16: 2 | AW16: =+AN16-AU16 -> -4 | AX16: =+AO16-AV16 -> 0 | AY16: =+P16-AU16 -> 11 | AZ16: =+Q16-AV16 -> 0 | BA16: =+(AY16+AZ16)/(P16+Q16) -> 0.23913043 | BB16: =+(AU16+AV16)/E16 -> 0.30701754 | BC16: =+AU16/D16 -> 0.2704918 | BD16: =IF(AU16>0,"Graduado","En Proceso") -> Graduado
A17: JOSE SANCHEZ | B17: LIMA | C17: 7 | D17: 79 | E17: 58 | F17: 45 | G17: 25 | H17: =+G17/F17 -> 0.55555556 | I17: 22 | J17: 20 | K17: 20 | L17: =+K17/J17 -> 1 | M17: 3 | N17: 17 | P17: =+O17+N17 -> 17 | Q17: 3 | R17: 16 | S17: 3 | T17: =+P17-R17 -> 1 | U17: =+Q17-S17 -> 0 | V17: 26 | W17: 8 | X17: =+W17+V17 -> 34 | Y17: 14 | Z17: 2 | AA17: =+R17-Y17 -> 2 | AB17: =+S17-Z17 -> 1 | AC17: 14 | AD17: 2 | AE17: =+Y17-AC17 -> 0 | AF17: =+Z17-AD17 -> 0 | AG17: 16 | AH17: 4 | AI17: =+AH17+AG17 -> 20 | AJ17: 9 | AK17: 3 | AL17: =+AC17-AJ17 -> 5 | AM17: =+AD17-AK17 -> -1 | AN17: 9 | AO17: 3 | AP17: =+AJ17-AN17 -> 0 | AQ17: =+AK17-AO17 -> 0 | AR17: 16 | AS17: 17 | AT17: =+AS17+AR17 -> 33 | AU17: 8 | AV17: 3 | AW17: =+AN17-AU17 -> 1 | AX17: =+AO17-AV17 -> 0 | AY17: =+P17-AU17 -> 9 | AZ17: =+Q17-AV17 -> 0 | BA17: =+(AY17+AZ17)/(P17+Q17) -> 0.45 | BB17: =+(AU17+AV17)/E17 -> 0.18965517 | BC17: =+AU17/D17 -> 0.10126582 | BD17: =IF(AU17>0,"Graduado","En Proceso") -> Graduado
A18: JOSUE VERA - KERLY CARRILLO | B18: CUENCA | C18: 8 | D18: 190 | E18: 150 | F18: 130 | G18: 55 | H18: =+G18/F18 -> 0.42307692 | I18: 55 | J18: 47 | K18: 44 | L18: =+K18/J18 -> 0.93617021 | M18: 3 | N18: 37 | O18: 0 | P18: =+O18+N18 -> 37 | Q18: 3 | R18: 37 | S18: 3 | T18: =+P18-R18 -> 0 | U18: =+Q18-S18 -> 0 | V18: 37 | W18: 10 | X18: =+W18+V18 -> 47 | Y18: 31 | Z18: 2 | AA18: =+R18-Y18 -> 6 | AB18: =+S18-Z18 -> 1 | AC18: 30 | AD18: 2 | AE18: =+Y18-AC18 -> 1 | AF18: =+Z18-AD18 -> 0 | AG18: 34 | AH18: 10 | AI18: =+AH18+AG18 -> 44 | AJ18: 27 | AK18: 2 | AL18: =+AC18-AJ18 -> 3 | AM18: =+AD18-AK18 -> 0 | AP18: =+AJ18-AN18 -> 27 | AQ18: =+AK18-AO18 -> 2 | AR18: 41 | AS18: 10 | AT18: =+AS18+AR18 -> 51 | AU18: 23 | AV18: 2 | AW18: =+AN18-AU18 -> -23 | AX18: =+AO18-AV18 -> -2 | AY18: =+P18-AU18 -> 14 | AZ18: =+Q18-AV18 -> 1 | BA18: =+(AY18+AZ18)/(P18+Q18) -> 0.375 | BB18: =+(AU18+AV18)/E18 -> 0.16666667 | BC18: =+AU18/D18 -> 0.12105263 | BD18: =IF(AU18>0,"Graduado","En Proceso") -> Graduado
A19: JOSE SANCHEZ | B19: LIMA | C19: 8 | D19: 79 | E19: 50 | F19: 45 | G19: 32 | H19: =+G19/F19 -> 0.71111111 | I19: 28 | J19: 21 | K19: 21 | L19: =+K19/J19 -> 1 | M19: 10 | N19: 17 | P19: =+O19+N19 -> 17 | Q19: 8 | R19: 14 | S19: 8 | T19: =+P19-R19 -> 3 | U19: =+Q19-S19 -> 0 | V19: 25 | W19: 29 | X19: =+W19+V19 -> 54 | Y19: 10 | Z19: 8 | AA19: =+R19-Y19 -> 4 | AB19: =+S19-Z19 -> 0 | AC19: 10 | AD19: 7 | AE19: =+Y19-AC19 -> 0 | AF19: =+Z19-AD19 -> 1 | AG19: 21 | AH19: 22 | AI19: =+AH19+AG19 -> 43 | AJ19: 9 | AK19: 5 | AL19: =+AC19-AJ19 -> 1 | AM19: =+AD19-AK19 -> 2 | AN19: 7 | AO19: 5 | AP19: =+AJ19-AN19 -> 2 | AQ19: =+AK19-AO19 -> 0 | AR19: 19 | AS19: 11 | AT19: =+AS19+AR19 -> 30 | AU19: 7 | AV19: 5 | AW19: =+AN19-AU19 -> 0 | AX19: =+AO19-AV19 -> 0 | AY19: =+P19-AU19 -> 10 | AZ19: =+Q19-AV19 -> 3 | BA19: =+(AY19+AZ19)/(P19+Q19) -> 0.52 | BB19: =+(AU19+AV19)/E19 -> 0.24 | BC19: =+AU19/D19 -> 0.088607595 | BD19: =IF(AU19>0,"Graduado","En Proceso") -> Graduado
A20: KERLY CARRILLO | B20: CUENCA | C20: 9 | D20: 148 | E20: 127 | F20: 115 | G20: 56 | H20: =+G20/F20 -> 0.48695652 | I20: 57 | J20: 56 | K20: 52 | L20: =+K20/J20 -> 0.92857143 | M20: 2 | N20: 47 | O20: 0 | P20: =+O20+N20 -> 47 | Q20: 2 | R20: 38 | S20: 2 | T20: =+P20-R20 -> 9 | U20: =+Q20-S20 -> 0 | V20: 38 | W20: 10 | X20: =+W20+V20 -> 48 | Y20: 35 | Z20: 2 | AA20: =+R20-Y20 -> 3 | AB20: =+S20-Z20 -> 0 | AC20: 32 | AD20: 2 | AE20: =+Y20-AC20 -> 3 | AF20: =+Z20-AD20 -> 0 | AG20: 39 | AH20: 7 | AI20: =+AH20+AG20 -> 46 | AL20: =+AC20-AJ20 -> 32 | AM20: =+AD20-AK20 -> 2 | AP20: =+AJ20-AN20 -> 0 | AQ20: =+AK20-AO20 -> 0 | AT20: =+AS20+AR20 -> 0 | AW20: =+AN20-AU20 -> 0 | AX20: =+AO20-AV20 -> 0 | AY20: =+P20-AU20 -> 47 | AZ20: =+Q20-AV20 -> 2 | BA20: =+(AY20+AZ20)/(P20+Q20) -> 1 | BB20: =+(AU20+AV20)/E20 -> 0 | BC20: =+AU20/D20 -> 0 | BD20: =IF(AU20>0,"Graduado","En Proceso") -> En Proceso
A21: JOSE SANCHEZ | B21: LIMA | C21: 9 | D21: 74 | E21: 67 | F21: 60 | G21: 24 | H21: =+G21/F21 -> 0.4 | I21: 22 | J21: 17 | K21: 17 | L21: =+K21/J21 -> 1 | M21: 5 | N21: 15 | P21: =+O21+N21 -> 15 | Q21: 4 | R21: 12 | S21: 3 | T21: =+P21-R21 -> 3 | U21: =+Q21-S21 -> 1 | V21: 21 | W21: 15 | X21: =+W21+V21 -> 36 | Y21: 6 | Z21: 3 | AA21: =+R21-Y21 -> 6 | AB21: =+S21-Z21 -> 0 | AC21: 6 | AD21: 3 | AE21: =+Y21-AC21 -> 0 | AF21: =+Z21-AD21 -> 0 | AG21: 19 | AH21: 14 | AI21: =+AH21+AG21 -> 33 | AJ21: 6 | AK21: 3 | AL21: =+AC21-AJ21 -> 0 | AM21: =+AD21-AK21 -> 0 | AN21: 5 | AO21: 3 | AP21: =+AJ21-AN21 -> 1 | AQ21: =+AK21-AO21 -> 0 | AR21: 19 | AS21: 20 | AT21: =+AS21+AR21 -> 39 | AU21: 4 | AV21: 3 | AW21: =+AN21-AU21 -> 1 | AX21: =+AO21-AV21 -> 0 | AY21: =+P21-AU21 -> 11 | AZ21: =+Q21-AV21 -> 1 | BA21: =+(AY21+AZ21)/(P21+Q21) -> 0.63157895 | BB21: =+(AU21+AV21)/E21 -> 0.10447761 | BC21: =+AU21/D21 -> 0.054054054 | BD21: =IF(AU21>0,"Graduado","En Proceso") -> Graduado
A22: KERLY CARRILLO | B22: CUENCA | C22: 10 | D22: 154 | E22: 138 | F22: 127 | G22: 59 | H22: =+G22/F22 -> 0.46456693 | I22: 63 | J22: 55 | K22: 49 | L22: =+K22/J22 -> 0.89090909 | M22: 4 | N22: 34 | O22: 2 | P22: =+O22+N22 -> 36 | Q22: 2 | R22: 36 | S22: 2 | T22: =+P22-R22 -> 0 | U22: =+Q22-S22 -> 0 | V22: 51 | W22: 10 | X22: =+W22+V22 -> 61 | AA22: =+R22-Y22 -> 36 | AB22: =+S22-Z22 -> 2 | AE22: =+Y22-AC22 -> 0 | AF22: =+Z22-AD22 -> 0 | AI22: =+AH22+AG22 -> 0 | AL22: =+AC22-AJ22 -> 0 | AM22: =+AD22-AK22 -> 0 | AP22: =+AJ22-AN22 -> 0 | AQ22: =+AK22-AO22 -> 0 | AT22: =+AS22+AR22 -> 0 | AW22: =+AN22-AU22 -> 0 | AX22: =+AO22-AV22 -> 0 | AY22: =+P22-AU22 -> 36 | AZ22: =+Q22-AV22 -> 2 | BA22: =+(AY22+AZ22)/(P22+Q22) -> 1 | BB22: =+(AU22+AV22)/E22 -> 0 | BC22: =+AU22/D22 -> 0 | BD22: =IF(AU22>0,"Graduado","En Proceso") -> En Proceso
A23: JOSE SANCHEZ | B23: LIMA | C23: 10 | D23: 112 | E23: 82 | F23: 65 | G23: 36 | H23: =+G23/F23 -> 0.55384615 | I23: 34 | J23: 26 | K23: 26 | L23: =+K23/J23 -> 1 | M23: 1 | N23: 24 | P23: =+O23+N23 -> 24 | Q23: 1 | R23: 23 | S23: 1 | T23: =+P23-R23 -> 1 | U23: =+Q23-S23 -> 0 | V23: 22 | W23: 5 | X23: =+W23+V23 -> 27 | Y23: 20 | Z23: 1 | AA23: =+R23-Y23 -> 3 | AB23: =+S23-Z23 -> 0 | AC23: 16 | AD23: 0 | AE23: =+Y23-AC23 -> 4 | AF23: =+Z23-AD23 -> 1 | AG23: 22 | AH23: 1 | AI23: =+AH23+AG23 -> 23 | AJ23: 16 | AK23: 1 | AL23: =+AC23-AJ23 -> 0 | AM23: =+AD23-AK23 -> -1 | AN23: 15 | AO23: 1 | AP23: =+AJ23-AN23 -> 1 | AQ23: =+AK23-AO23 -> 0 | AR23: 33 | AS23: 5 | AT23: =+AS23+AR23 -> 38 | AU23: 12 | AV23: 1 | AW23: =+AN23-AU23 -> 3 | AX23: =+AO23-AV23 -> 0 | AY23: =+P23-AU23 -> 12 | AZ23: =+Q23-AV23 -> 0 | BA23: =+(AY23+AZ23)/(P23+Q23) -> 0.48 | BB23: =+(AU23+AV23)/E23 -> 0.15853659 | BC23: =+AU23/D23 -> 0.10714286 | BD23: =IF(AU23>0,"Graduado","En Proceso") -> Graduado
A24: KERLY CARRILLO | B24: CUENCA | C24: 11 | D24: 158 | E24: 124 | F24: 114 | G24: 49 | H24: =+G24/F24 -> 0.42982456 | L24: =+K24/J24 -> #DIV/0! | P24: =+O24+N24 -> 0 | T24: =+P24-R24 -> 0 | U24: =+Q24-S24 -> 0 | X24: =+W24+V24 -> 0 | AA24: =+R24-Y24 -> 0 | AB24: =+S24-Z24 -> 0 | AE24: =+Y24-AC24 -> 0 | AF24: =+Z24-AD24 -> 0 | AI24: =+AH24+AG24 -> 0 | AL24: =+AC24-AJ24 -> 0 | AM24: =+AD24-AK24 -> 0 | AP24: =+AJ24-AN24 -> 0 | AQ24: =+AK24-AO24 -> 0 | AT24: =+AS24+AR24 -> 0 | AW24: =+AN24-AU24 -> 0 | AX24: =+AO24-AV24 -> 0 | AY24: =+P24-AU24 -> 0 | AZ24: =+Q24-AV24 -> 0 | BA24: =+(AY24+AZ24)/(P24+Q24) -> #DIV/0! | BB24: =+(AU24+AV24)/E24 -> 0 | BC24: =+AU24/D24 -> 0 | BD24: =IF(AU24>0,"Graduado","En Proceso") -> En Proceso
A25: JOSE SANCHEZ | B25: LIMA | C25: 11 | D25: 90 | E25: 65 | F25: 56 | G25: 31 | H25: =+G25/F25 -> 0.55357143 | I25: 24 | J25: 20 | K25: 20 | L25: =+K25/J25 -> 1 | M25: 3 | N25: 19 | O25: 2 | P25: =+O25+N25 -> 21 | Q25: 3 | R25: 19 | S25: 3 | T25: =+P25-R25 -> 2 | U25: =+Q25-S25 -> 0 | V25: 36 | W25: 15 | X25: =+W25+V25 -> 51 | Y25: 18 | Z25: 3 | AA25: =+R25-Y25 -> 1 | AB25: =+S25-Z25 -> 0 | AC25: 17 | AD25: 3 | AE25: =+Y25-AC25 -> 1 | AF25: =+Z25-AD25 -> 0 | AG25: 30 | AH25: 10 | AI25: =+AH25+AG25 -> 40 | AJ25: 16 | AK25: 3 | AL25: =+AC25-AJ25 -> 1 | AM25: =+AD25-AK25 -> 0 | AN25: 15 | AO25: 3 | AP25: =+AJ25-AN25 -> 1 | AQ25: =+AK25-AO25 -> 0 | AR25: 35 | AS25: 12 | AT25: =+AS25+AR25 -> 47 | AU25: 14 | AV25: 3 | AW25: =+AN25-AU25 -> 1 | AX25: =+AO25-AV25 -> 0 | AY25: =+P25-AU25 -> 7 | AZ25: =+Q25-AV25 -> 0 | BA25: =+(AY25+AZ25)/(P25+Q25) -> 0.29166667 | BB25: =+(AU25+AV25)/E25 -> 0.26153846 | BC25: =+AU25/D25 -> 0.15555556 | BD25: =IF(AU25>0,"Graduado","En Proceso") -> Graduado
A26: JOSE SANCHEZ | B26: LIMA | C26: 12 | D26: 113 | E26: 69 | F26: 58 | G26: 29 | H26: =+G26/F26 -> 0.5 | I26: 30 | J26: 29 | K26: 29 | L26: =+K26/J26 -> 1 | M26: 7 | N26: 26 | O26: 1 | P26: =+O26+N26 -> 27 | Q26: 6 | R26: 26 | S26: 5 | T26: =+P26-R26 -> 1 | U26: =+Q26-S26 -> 1 | V26: 37 | W26: 20 | X26: =+W26+V26 -> 57 | Y26: 24 | Z26: 5 | AA26: =+R26-Y26 -> 2 | AB26: =+S26-Z26 -> 0 | AC26: 23 | AD26: 5 | AE26: =+Y26-AC26 -> 1 | AF26: =+Z26-AD26 -> 0 | AG26: 54 | AH26: 15 | AI26: =+AH26+AG26 -> 69 | AJ26: 21 | AK26: 5 | AL26: =+AC26-AJ26 -> 2 | AM26: =+AD26-AK26 -> 0 | AN26: 21 | AO26: 5 | AP26: =+AJ26-AN26 -> 0 | AQ26: =+AK26-AO26 -> 0 | AR26: 57 | AS26: 23 | AT26: =+AS26+AR26 -> 80 | AU26: 18 | AV26: 5 | AW26: =+AN26-AU26 -> 3 | AX26: =+AO26-AV26 -> 0 | AY26: =+P26-AU26 -> 9 | AZ26: =+Q26-AV26 -> 1 | BA26: =+(AY26+AZ26)/(P26+Q26) -> 0.3030303 | BB26: =+(AU26+AV26)/E26 -> 0.33333333 | BC26: =+AU26/D26 -> 0.15929204 | BD26: =IF(AU26>0,"Graduado","En Proceso") -> Graduado
A27: ALEJANDRO DIAZ | B27: GUAYAQUIL | C27: 13 | D27: 185 | E27: 131 | F27: 87 | G27: 39 | H27: =+G27/F27 -> 0.44827586 | I27: 44 | J27: 40 | K27: 32 | L27: =+K27/J27 -> 0.8 | M27: 7 | N27: 31 | P27: =+O27+N27 -> 31 | Q27: 2 | R27: 31 | S27: 1 | T27: =+P27-R27 -> 0 | U27: =+Q27-S27 -> 1 | V27: 25 | W27: 5 | X27: =+W27+V27 -> 30 | Y27: 20 | Z27: 2 | AA27: =+R27-Y27 -> 11 | AB27: =+S27-Z27 -> -1 | AC27: 20 | AD27: 1 | AE27: =+Y27-AC27 -> 0 | AF27: =+Z27-AD27 -> 1 | AG27: 25 | AH27: 5 | AI27: =+AH27+AG27 -> 30 | AJ27: 18 | AK27: 1 | AL27: =+AC27-AJ27 -> 2 | AM27: =+AD27-AK27 -> 0 | AN27: 17 | AO27: 1 | AP27: =+AJ27-AN27 -> 1 | AQ27: =+AK27-AO27 -> 0 | AR27: 44 | AS27: 3 | AT27: =+AS27+AR27 -> 47 | AU27: 13 | AV27: 1 | AW27: =+AN27-AU27 -> 4 | AX27: =+AO27-AV27 -> 0 | AY27: =+P27-AU27 -> 18 | AZ27: =+Q27-AV27 -> 1 | BA27: =+(AY27+AZ27)/(P27+Q27) -> 0.57575758 | BB27: =+(AU27+AV27)/E27 -> 0.10687023 | BC27: =+AU27/D27 -> 0.07027027 | BD27: =IF(AU27>0,"Graduado","En Proceso") -> Graduado
A28: JOSE SANCHEZ | B28: LIMA | C28: 13 | D28: 130 | E28: 102 | F28: 90 | G28: 43 | H28: =+G28/F28 -> 0.47777778 | I28: 40 | J28: 36 | K28: 36 | L28: =+K28/J28 -> 1 | M28: 22 | N28: 35 | O28: 2 | P28: =+O28+N28 -> 37 | Q28: 2 | R28: 36 | S28: 2 | T28: =+P28-R28 -> 1 | U28: =+Q28-S28 -> 0 | V28: 48 | W28: 11 | X28: =+W28+V28 -> 59 | Y28: 27 | Z28: 3 | AA28: =+R28-Y28 -> 9 | AB28: =+S28-Z28 -> -1 | AC28: 26 | AD28: 3 | AE28: =+Y28-AC28 -> 1 | AF28: =+Z28-AD28 -> 0 | AG28: 45 | AH28: 13 | AI28: =+AH28+AG28 -> 58 | AJ28: 24 | AK28: 3 | AL28: =+AC28-AJ28 -> 2 | AM28: =+AD28-AK28 -> 0 | AN28: 22 | AO28: 3 | AP28: =+AJ28-AN28 -> 2 | AQ28: =+AK28-AO28 -> 0 | AR28: 53 | AS28: 14 | AT28: =+AS28+AR28 -> 67 | AU28: 21 | AV28: 3 | AW28: =+AN28-AU28 -> 1 | AX28: =+AO28-AV28 -> 0 | AY28: =+P28-AU28 -> 16 | AZ28: =+Q28-AV28 -> -1 | BA28: =+(AY28+AZ28)/(P28+Q28) -> 0.38461538 | BB28: =+(AU28+AV28)/E28 -> 0.23529412 | BC28: =+AU28/D28 -> 0.16153846 | BD28: =IF(AU28>0,"Graduado","En Proceso") -> Graduado
A29: ALEJANDRO DIAZ | B29: GUAYAQUIL | C29: 14 | D29: 158 | E29: 142 | F29: 108 | G29: 32 | H29: =+G29/F29 -> 0.2962963 | I29: 38 | J29: 38 | K29: 29 | L29: =+K29/J29 -> 0.76315789 | M29: 9 | N29: 29 | O29: 1 | P29: =+O29+N29 -> 30 | Q29: 7 | R29: 28 | S29: 7 | T29: =+P29-R29 -> 2 | U29: =+Q29-S29 -> 0 | V29: 50 | W29: 24 | X29: =+W29+V29 -> 74 | Y29: 22 | Z29: 7 | AA29: =+R29-Y29 -> 6 | AB29: =+S29-Z29 -> 0 | AC29: 22 | AD29: 5 | AE29: =+Y29-AC29 -> 0 | AF29: =+Z29-AD29 -> 2 | AG29: 38 | AH29: 17 | AI29: =+AH29+AG29 -> 55 | AJ29: 19 | AK29: 4 | AL29: =+AC29-AJ29 -> 3 | AM29: =+AD29-AK29 -> 1 | AN29: 17 | AO29: 4 | AP29: =+AJ29-AN29 -> 2 | AQ29: =+AK29-AO29 -> 0 | AR29: 53 | AS29: 18 | AT29: =+AS29+AR29 -> 71 | AU29: 16 | AV29: 4 | AW29: =+AN29-AU29 -> 1 | AX29: =+AO29-AV29 -> 0 | AY29: =+P29-AU29 -> 14 | AZ29: =+Q29-AV29 -> 3 | BA29: =+(AY29+AZ29)/(P29+Q29) -> 0.45945946 | BB29: =+(AU29+AV29)/E29 -> 0.14084507 | BC29: =+AU29/D29 -> 0.10126582 | BD29: =IF(AU29>0,"Graduado","En Proceso") -> Graduado
A30: LINID VALENCIA | B30: LIMA | C30: 14 | D30: 176 | E30: 129 | F30: 105 | G30: 39 | H30: =+G30/F30 -> 0.37142857 | I30: 31 | J30: 30 | K30: 27 | L30: =+K30/J30 -> 0.9 | M30: 12 | N30: 21 | O30: 2 | P30: =+O30+N30 -> 23 | Q30: 9 | R30: 23 | S30: 8 | T30: =+P30-R30 -> 0 | U30: =+Q30-S30 -> 1 | V30: 43 | W30: 34 | X30: =+W30+V30 -> 77 | Y30: 22 | Z30: 8 | AA30: =+R30-Y30 -> 1 | AB30: =+S30-Z30 -> 0 | AC30: 22 | AD30: 7 | AE30: =+Y30-AC30 -> 0 | AF30: =+Z30-AD30 -> 1 | AG30: 43 | AH30: 20 | AI30: =+AH30+AG30 -> 63 | AJ30: 21 | AK30: 7 | AL30: =+AC30-AJ30 -> 1 | AM30: =+AD30-AK30 -> 0 | AN30: 18 | AO30: 7 | AP30: =+AJ30-AN30 -> 3 | AQ30: =+AK30-AO30 -> 0 | AR30: 43 | AS30: 28 | AT30: =+AS30+AR30 -> 71 | AU30: 16 | AV30: 7 | AW30: =+AN30-AU30 -> 2 | AX30: =+AO30-AV30 -> 0 | AY30: =+P30-AU30 -> 7 | AZ30: =+Q30-AV30 -> 2 | BA30: =+(AY30+AZ30)/(P30+Q30) -> 0.28125 | BB30: =+(AU30+AV30)/E30 -> 0.17829457 | BC30: =+AU30/D30 -> 0.090909091 | BD30: =IF(AU30>0,"Graduado","En Proceso") -> Graduado
A31: BENDA RODRIGUEZ | B31: GUAYAQUIL | C31: 15 | D31: 165 | E31: 145 | F31: 130 | G31: 63 | H31: =+G31/F31 -> 0.48461538 | I31: 58 | J31: 54 | K31: 47 | L31: =+K31/J31 -> 0.87037037 | M31: 13 | N31: 44 | O31: 1 | P31: =+O31+N31 -> 45 | Q31: 4 | R31: 44 | S31: 4 | T31: =+P31-R31 -> 1 | U31: =+Q31-S31 -> 0 | V31: 55 | W31: 14 | X31: =+W31+V31 -> 69 | Y31: 39 | Z31: 4 | AA31: =+R31-Y31 -> 5 | AB31: =+S31-Z31 -> 0 | AC31: 38 | AD31: 4 | AE31: =+Y31-AC31 -> 1 | AF31: =+Z31-AD31 -> 0 | AG31: 70 | AH31: 9 | AI31: =+AH31+AG31 -> 79 | AJ31: 32 | AK31: 4 | AL31: =+AC31-AJ31 -> 6 | AM31: =+AD31-AK31 -> 0 | AN31: 32 | AO31: 4 | AP31: =+AJ31-AN31 -> 0 | AQ31: =+AK31-AO31 -> 0 | AR31: 105 | AS31: 20 | AT31: =+AS31+AR31 -> 125 | AU31: 32 | AV31: 4 | AW31: =+AN31-AU31 -> 0 | AX31: =+AO31-AV31 -> 0 | AY31: =+P31-AU31 -> 13 | AZ31: =+Q31-AV31 -> 0 | BA31: =+(AY31+AZ31)/(P31+Q31) -> 0.26530612 | BB31: =+(AU31+AV31)/E31 -> 0.24827586 | BC31: =+AU31/D31 -> 0.19393939 | BD31: =IF(AU31>0,"Graduado","En Proceso") -> Graduado
A32: LINID VALENCIA | B32: LIMA | C32: 15 | D32: 215 | E32: 143 | F32: 124 | G32: 56 | H32: =+G32/F32 -> 0.4516129 | I32: 56 | J32: 54 | K32: 52 | L32: =+K32/J32 -> 0.96296296 | M32: 13 | N32: 47 | O32: 2 | P32: =+O32+N32 -> 49 | Q32: 11 | R32: 42 | S32: 8 | T32: =+P32-R32 -> 7 | U32: =+Q32-S32 -> 3 | V32: 131 | W32: 49 | X32: =+W32+V32 -> 180 | Y32: 34 | Z32: 8 | AA32: =+R32-Y32 -> 8 | AB32: =+S32-Z32 -> 0 | AC32: 34 | AD32: 8 | AE32: =+Y32-AC32 -> 0 | AF32: =+Z32-AD32 -> 0 | AG32: 85 | AH32: 24 | AI32: =+AH32+AG32 -> 109 | AJ32: 30 | AK32: 7 | AL32: =+AC32-AJ32 -> 4 | AM32: =+AD32-AK32 -> 1 | AN32: 29 | AO32: 7 | AP32: =+AJ32-AN32 -> 1 | AQ32: =+AK32-AO32 -> 0 | AR32: 57 | AS32: 23 | AT32: =+AS32+AR32 -> 80 | AU32: 29 | AV32: 7 | AW32: =+AN32-AU32 -> 0 | AX32: =+AO32-AV32 -> 0 | AY32: =+P32-AU32 -> 20 | AZ32: =+Q32-AV32 -> 4 | BA32: =+(AY32+AZ32)/(P32+Q32) -> 0.4 | BB32: =+(AU32+AV32)/E32 -> 0.25174825 | BC32: =+AU32/D32 -> 0.13488372 | BD32: =IF(AU32>0,"Graduado","En Proceso") -> Graduado
A33: BRENDA RODRIGUEZ | B33: GUAYAQUIL | C33: 16 | D33: 171 | E33: 123 | F33: 114 | G33: 35 | H33: =+G33/F33 -> 0.30701754 | I33: 36 | J33: 33 | K33: 31 | L33: =+K33/J33 -> 0.93939394 | M33: 7 | N33: 24 | O33: 2 | P33: =+O33+N33 -> 26 | Q33: 3 | R33: 22 | S33: 3 | T33: =+P33-R33 -> 4 | U33: =+Q33-S33 -> 0 | V33: 24 | W33: 12 | X33: =+W33+V33 -> 36 | Y33: 19 | Z33: 2 | AA33: =+R33-Y33 -> 3 | AB33: =+S33-Z33 -> 1 | AC33: 19 | AD33: 1 | AE33: =+Y33-AC33 -> 0 | AF33: =+Z33-AD33 -> 1 | AG33: 25 | AH33: 10 | AI33: =+AH33+AG33 -> 35 | AJ33: 14 | AK33: 2 | AL33: =+AC33-AJ33 -> 5 | AM33: =+AD33-AK33 -> -1 | AN33: 14 | AO33: 2 | AP33: =+AJ33-AN33 -> 0 | AQ33: =+AK33-AO33 -> 0 | AR33: 20 | AS33: 9 | AT33: =+AS33+AR33 -> 29 | AU33: 10 | AV33: 2 | AW33: =+AN33-AU33 -> 4 | AX33: =+AO33-AV33 -> 0 | AY33: =+P33-AU33 -> 16 | AZ33: =+Q33-AV33 -> 1 | BA33: =+(AY33+AZ33)/(P33+Q33) -> 0.5862069 | BB33: =+(AU33+AV33)/E33 -> 0.097560976 | BC33: =+AU33/D33 -> 0.058479532 | BD33: =IF(AU33>0,"Graduado","En Proceso") -> Graduado
A34: LINID VALENCIA | B34: LIMA | C34: 16 | D34: 180 | E34: 138 | F34: 110 | G34: 33 | H34: =+G34/F34 -> 0.3 | I34: 33 | J34: 32 | K34: 32 | L34: =+K34/J34 -> 1 | M34: 4 | N34: 30 | O34: 3 | P34: =+O34+N34 -> 33 | Q34: 3 | R34: 33 | S34: 3 | T34: =+P34-R34 -> 0 | U34: =+Q34-S34 -> 0 | V34: 37 | W34: 8 | X34: =+W34+V34 -> 45 | Y34: 31 | Z34: 3 | AA34: =+R34-Y34 -> 2 | AB34: =+S34-Z34 -> 0 | AC34: 28 | AD34: 3 | AE34: =+Y34-AC34 -> 3 | AF34: =+Z34-AD34 -> 0 | AG34: 39 | AH34: 9 | AI34: =+AH34+AG34 -> 48 | AL34: =+AC34-AJ34 -> 28 | AM34: =+AD34-AK34 -> 3 | AP34: =+AJ34-AN34 -> 0 | AQ34: =+AK34-AO34 -> 0 | AT34: =+AS34+AR34 -> 0 | AU34: 24 | AV34: 3 | AW34: =+AN34-AU34 -> -24 | AX34: =+AO34-AV34 -> -3 | AY34: =+P34-AU34 -> 9 | AZ34: =+Q34-AV34 -> 0 | BA34: =+(AY34+AZ34)/(P34+Q34) -> 0.25 | BB34: =+(AU34+AV34)/E34 -> 0.19565217 | BC34: =+AU34/D34 -> 0.13333333 | BD34: =IF(AU34>0,"Graduado","En Proceso") -> Graduado
A35: BRENDA RODRIGUEZ | B35: GUAYAQUIL | C35: 17 | D35: 186 | E35: 171 | F35: 143 | G35: 45 | H35: =+G35/F35 -> 0.31468531 | I35: 41 | J35: 38 | K35: 27 | L35: =+K35/J35 -> 0.71052632 | M35: 10 | N35: 23 | O35: 5 | P35: =+O35+N35 -> 28 | Q35: 4 | R35: 22 | S35: 4 | T35: =+P35-R35 -> 6 | U35: =+Q35-S35 -> 0 | V35: 38 | W35: 15 | X35: =+W35+V35 -> 53 | Y35: 18 | Z35: 4 | AA35: =+R35-Y35 -> 4 | AB35: =+S35-Z35 -> 0 | AC35: 17 | AD35: 3 | AE35: =+Y35-AC35 -> 1 | AF35: =+Z35-AD35 -> 1 | AG35: 29 | AH35: 12 | AI35: =+AH35+AG35 -> 41 | AL35: =+AC35-AJ35 -> 17 | AM35: =+AD35-AK35 -> 3 | AP35: =+AJ35-AN35 -> 0 | AQ35: =+AK35-AO35 -> 0 | AT35: =+AS35+AR35 -> 0 | AW35: =+AN35-AU35 -> 0 | AX35: =+AO35-AV35 -> 0 | AY35: =+P35-AU35 -> 28 | AZ35: =+Q35-AV35 -> 4 | BA35: =+(AY35+AZ35)/(P35+Q35) -> 1 | BB35: =+(AU35+AV35)/E35 -> 0 | BC35: =+AU35/D35 -> 0 | BD35: =IF(AU35>0,"Graduado","En Proceso") -> En Proceso
A36: LINID VALENCIA | B36: LIMA | C36: 17 | D36: 228 | E36: 153 | F36: 120 | G36: 52 | H36: =+G36/F36 -> 0.43333333 | I36: 45 | J36: 39 | K36: 39 | L36: =+K36/J36 -> 1 | M36: 16 | N36: 33 | O36: 2 | P36: =+O36+N36 -> 35 | Q36: 15 | R36: 33 | S36: 12 | T36: =+P36-R36 -> 2 | U36: =+Q36-S36 -> 3 | V36: 61 | W36: 58 | X36: =+W36+V36 -> 119 | Y36: 29 | Z36: 12 | AA36: =+R36-Y36 -> 4 | AB36: =+S36-Z36 -> 0 | AC36: 27 | AD36: 11 | AE36: =+Y36-AC36 -> 2 | AF36: =+Z36-AD36 -> 1 | AG36: 67 | AH36: 34 | AI36: =+AH36+AG36 -> 101 | AJ36: 27 | AK36: 11 | AL36: =+AC36-AJ36 -> 0 | AM36: =+AD36-AK36 -> 0 | AN36: 26 | AO36: 10 | AP36: =+AJ36-AN36 -> 1 | AQ36: =+AK36-AO36 -> 1 | AR36: 70 | AS36: 41 | AT36: =+AS36+AR36 -> 111 | AU36: 26 | AV36: 10 | AW36: 1 | AX36: =+AO36-AV36 -> 0 | AY36: =+P36-AU36 -> 9 | AZ36: =+Q36-AV36 -> 5 | BA36: =+(AY36+AZ36)/(P36+Q36) -> 0.28 | BB36: =+(AU36+AV36)/E36 -> 0.23529412 | BC36: =+AU36/D36 -> 0.11403509 | BD36: =IF(AU36>0,"Graduado","En Proceso") -> Graduado
A37: BRENDA RODRIGUEZ | B37: GUAYAQUIL | C37: 18 | D37: 213 | E37: 201 | F37: 163 | G37: 63 | H37: =+G37/F37 -> 0.38650307 | I37: 54 | J37: 50 | K37: 41 | L37: =+K37/J37 -> 0.82 | M37: 9 | N37: 34 | O37: 3 | P37: =+O37+N37 -> 37 | Q37: 7 | R37: 35 | S37: 5 | T37: =+P37-R37 -> 2 | U37: =+Q37-S37 -> 2 | V37: 58 | W37: 12 | X37: =+W37+V37 -> 70 | Y37: 30 | Z37: 5 | AA37: =+R37-Y37 -> 5 | AB37: =+S37-Z37 -> 0 | AC37: 30 | AD37: 5 | AE37: =+Y37-AC37 -> 0 | AF37: =+Z37-AD37 -> 0 | AG37: 57 | AH37: 13 | AI37: =+AH37+AG37 -> 70 | AL37: =+AC37-AJ37 -> 30 | AM37: =+AD37-AK37 -> 5 | AP37: =+AJ37-AN37 -> 0 | AQ37: =+AK37-AO37 -> 0 | AT37: =+AS37+AR37 -> 0 | AW37: =+AN37-AU37 -> 0 | AX37: =+AO37-AV37 -> 0 | AY37: =+P37-AU37 -> 37 | AZ37: =+Q37-AV37 -> 7 | BA37: =+(AY37+AZ37)/(P37+Q37) -> 1 | BB37: =+(AU37+AV37)/E37 -> 0 | BC37: =+AU37/D37 -> 0 | BD37: =IF(AU37>0,"Graduado","En Proceso") -> En Proceso
A38: LINID VALENCIA | B38: LIMA | C38: 18 | D38: 251 | E38: 180 | F38: 133 | G38: 48 | H38: =+G38/F38 -> 0.36090226 | I38: 34 | J38: 30 | K38: 28 | L38: =+K38/J38 -> 0.93333333 | M38: 12 | N38: 28 | O38: 0 | P38: =+O38+N38 -> 28 | Q38: 7 | R38: 20 | S38: 7 | T38: =+P38-R38 -> 8 | U38: =+Q38-S38 -> 0 | V38: 20 | W38: 18 | X38: =+W38+V38 -> 38 | Y38: 20 | Z38: 6 | AA38: =+R38-Y38 -> 0 | AB38: =+S38-Z38 -> 1 | AC38: 18 | AD38: 6 | AE38: =+Y38-AC38 -> 2 | AF38: =+Z38-AD38 -> 0 | AG38: 25 | AH38: 12 | AI38: =+AH38+AG38 -> 37 | AJ38: 14 | AK38: 6 | AL38: =+AC38-AJ38 -> 4 | AM38: =+AD38-AK38 -> 0 | AN38: 12 | AO38: 6 | AP38: =+AJ38-AN38 -> 2 | AQ38: =+AK38-AO38 -> 0 | AR38: 36 | AS38: 20 | AT38: =+AS38+AR38 -> 56 | AU38: 12 | AV38: 6 | AW38: 1 | AX38: =+AO38-AV38 -> 0 | AY38: =+V38-AU38 -> 8 | AZ38: =+Q38-AV38 -> 1 | BA38: =+(AY38+AZ38)/(P38+Q38) -> 0.25714286 | BB38: =+(AU38+AV38)/E38 -> 0.1 | BC38: =+AU38/D38 -> 0.047808765 | BD38: =IF(AU38>0,"Graduado","En Proceso") -> Graduado
A39: BRENDA RODRIGUEZ | B39: GUAYAQUIL | C39: 19 | D39: 140 | E39: 124 | F39: 110 | G39: 30 | H39: =+G39/F39 -> 0.27272727 | I39: 31 | J39: 30 | K39: 30 | L39: =+K39/J39 -> 1 | M39: 10 | N39: 30 | O39: 4 | P39: =+O39+N39 -> 34 | Q39: 10 | R39: 28 | S39: 10 | T39: =+P39-R39 -> 6 | U39: =+Q39-S39 -> 0 | V39: 60 | W39: 43 | X39: =+W39+V39 -> 103 | AA39: =+R39-Y39 -> 28 | AB39: =+S39-Z39 -> 10 | AE39: =+Y39-AC39 -> 0 | AF39: =+Z39-AD39 -> 0 | AI39: =+AH39+AG39 -> 0 | AL39: =+AC39-AJ39 -> 0 | AM39: =+AD39-AK39 -> 0 | AP39: =+AJ39-AN39 -> 0 | AQ39: =+AK39-AO39 -> 0 | AT39: =+AS39+AR39 -> 0 | AW39: =+AN39-AU39 -> 0 | AX39: =+AO39-AV39 -> 0 | AY39: =+P39-AU39 -> 34 | AZ39: =+Q39-AV39 -> 10 | BA39: =+(AY39+AZ39)/(P39+Q39) -> 1 | BB39: =+(AU39+AV39)/E39 -> 0 | BC39: =+AU39/D39 -> 0 | BD39: =IF(AU39>0,"Graduado","En Proceso") -> En Proceso
A40: LINID VALENCIA | B40: LIMA | C40: 19 | D40: 217 | E40: 160 | F40: 133 | G40: 64 | H40: =+G40/F40 -> 0.48120301 | I40: 61 | J40: 60 | K40: 58 | L40: =+K40/J40 -> 0.96666667 | M40: 12 | N40: 53 | O40: 3 | P40: =+O40+N40 -> 56 | Q40: 9 | R40: 48 | S40: 9 | T40: =+P40-R40 -> 8 | U40: =+Q40-S40 -> 0 | V40: 61 | W40: 27 | X40: =+W40+V40 -> 88 | Y40: 43 | Z40: 6 | AA40: =+R40-Y40 -> 5 | AB40: =+S40-Z40 -> 3 | AC40: 36 | AD40: 5 | AE40: =+Y40-AC40 -> 7 | AF40: =+Z40-AD40 -> 1 | AG40: 44 | AH40: 23 | AI40: =+AH40+AG40 -> 67 | AJ40: 30 | AK40: 4 | AL40: =+AC40-AJ40 -> 6 | AM40: =+AD40-AK40 -> 1 | AN40: 27 | AO40: 3 | AP40: =+AJ40-AN40 -> 3 | AQ40: =+AK40-AO40 -> 1 | AR40: 50 | AS40: 18 | AT40: =+AS40+AR40 -> 68 | AW40: =+AN40-AU40 -> 27 | AX40: =+AO40-AV40 -> 3 | AY40: =+P40-AU40 -> 56 | AZ40: =+Q40-AV40 -> 9 | BA40: =+(AY40+AZ40)/(P40+Q40) -> 1 | BB40: =+(AU40+AV40)/E40 -> 0 | BC40: =+AU40/D40 -> 0 | BD40: =IF(AU40>0,"Graduado","En Proceso") -> En Proceso
A41: BRENDA RODRIGUEZ | B41: GUAYAQUIL | C41: 20 | D41: 221 | E41: 125 | F41: 110 | G41: 17 | H41: =+G41/F41 -> 0.15454545 | L41: =+K41/J41 -> #DIV/0! | P41: =+O41+N41 -> 0 | T41: =+P41-R41 -> 0 | U41: =+Q41-S41 -> 0 | X41: =+W41+V41 -> 0 | AA41: =+R41-Y41 -> 0 | AB41: =+S41-Z41 -> 0 | AE41: =+Y41-AC41 -> 0 | AF41: =+Z41-AD41 -> 0 | AI41: =+AH41+AG41 -> 0 | AL41: =+AC41-AJ41 -> 0 | AM41: =+AD41-AK41 -> 0 | AP41: =+AJ41-AN41 -> 0 | AQ41: =+AK41-AO41 -> 0 | AT41: =+AS41+AR41 -> 0 | AW41: =+AN41-AU41 -> 0 | AX41: =+AO41-AV41 -> 0 | AY41: =+P41-AU41 -> 0 | AZ41: =+Q41-AV41 -> 0 | BA41: =+(AY41+AZ41)/(P41+Q41) -> #DIV/0! | BB41: =+(AU41+AV41)/E41 -> 0 | BC41: =+AU41/D41 -> 0 | BD41: =IF(AU41>0,"Graduado","En Proceso") -> En Proceso
A42: LINID VALENCIA | B42: LIMA | C42: 20 | D42: 236 | E42: 168 | F42: 136 | G42: 79 | H42: =+G42/F42 -> 0.58088235 | I42: 43 | J42: 41 | K42: 35 | L42: =+K42/J42 -> 0.85365854 | M42: 8 | N42: 35 | O42: 1 | P42: =+O42+N42 -> 36 | Q42: 8 | R42: 30 | S42: 8 | T42: =+P42-R42 -> 6 | U42: =+Q42-S42 -> 0 | V42: 38 | W42: 20 | X42: =+W42+V42 -> 58 | Y42: 27 | Z42: 6 | AA42: =+R42-Y42 -> 3 | AB42: =+S42-Z42 -> 2 | AC42: 23 | AD42: 3 | AE42: =+Y42-AC42 -> 4 | AF42: =+Z42-AD42 -> 3 | AG42: 42 | AH42: 22 | AI42: =+AH42+AG42 -> 64 | AJ42: 22 | AK42: 3 | AL42: =+AC42-AJ42 -> 1 | AM42: =+AD42-AK42 -> 0 | AN42: 22 | AO42: 3 | AP42: =+AJ42-AN42 -> 0 | AQ42: =+AK42-AO42 -> 0 | AR42: 52 | AS42: 19 | AT42: =+AS42+AR42 -> 71 | AW42: =+AN42-AU42 -> 22 | AX42: =+AO42-AV42 -> 3 | AY42: =+P42-AU42 -> 36 | AZ42: =+Q42-AV42 -> 8 | BA42: =+(AY42+AZ42)/(P42+Q42) -> 1 | BB42: =+(AU42+AV42)/E42 -> 0 | BC42: =+AU42/D42 -> 0 | BD42: =IF(AU42>0,"Graduado","En Proceso") -> En Proceso
A43: LINID VALENCIA | B43: LIMA | C43: 21 | D43: 181 | E43: 153 | F43: 125 | G43: 62 | H43: =+G43/F43 -> 0.496 | I43: 53 | J43: 50 | K43: 42 | L43: =+K43/J43 -> 0.84 | M43: 3 | N43: 42 | O43: 2 | P43: =+O43+N43 -> 44 | Q43: 7 | R43: 35 | S43: 7 | T43: =+P43-R43 -> 9 | U43: =+Q43-S43 -> 0 | V43: 63 | W43: 17 | X43: =+W43+V43 -> 80 | Y43: 30 | Z43: 3 | AA43: =+R43-Y43 -> 5 | AB43: =+S43-Z43 -> 4 | AC43: 30 | AD43: 3 | AE43: =+Y43-AC43 -> 0 | AF43: =+Z43-AD43 -> 0 | AG43: 67 | AH43: 9 | AI43: =+AH43+AG43 -> 76 | AJ43: 26 | AK43: 3 | AL43: =+AC43-AJ43 -> 4 | AM43: =+AD43-AK43 -> 0 | AN43: 25 | AO43: 3 | AP43: =+AJ43-AN43 -> 1 | AQ43: =+AK43-AO43 -> 0 | AR43: 107 | AS43: 13 | AT43: =+AS43+AR43 -> 120 | AU43: 24 | AV43: 3 | AW43: =+AN43-AU43 -> 1 | AX43: =+AO43-AV43 -> 0 | AY43: =+P43-AU43 -> 20 | AZ43: =+Q43-AV43 -> 4 | BA43: =+(AY43+AZ43)/(P43+Q43) -> 0.47058824 | BB43: =+(AU43+AV43)/E43 -> 0.17647059 | BC43: =+AU43/D43 -> 0.13259669 | BD43: =IF(AU43>0,"Graduado","En Proceso") -> Graduado
A44: LINID VALENCIA | B44: LIMA | C44: 22 | D44: 212 | E44: 219 | F44: 150 | G44: 46 | H44: =+G44/F44 -> 0.30666667 | I44: 42 | J44: 41 | K44: 39 | L44: =+K44/J44 -> 0.95121951 | M44: 7 | N44: 33 | O44: 2 | P44: =+O44+N44 -> 35 | Q44: 5 | R44: 32 | S44: 5 | T44: =+P44-R44 -> 3 | U44: =+Q44-S44 -> 0 | V44: 35 | W44: 19 | X44: =+W44+V44 -> 54 | Y44: 27 | Z44: 3 | AA44: =+R44-Y44 -> 5 | AB44: =+S44-Z44 -> 2 | AC44: 24 | AD44: 3 | AE44: =+Y44-AC44 -> 3 | AF44: =+Z44-AD44 -> 0 | AG44: 38 | AH44: 13 | AI44: =+AH44+AG44 -> 51 | AJ44: 23 | AK44: 3 | AL44: =+AC44-AJ44 -> 1 | AM44: =+AD44-AK44 -> 0 | AN44: 22 | AO44: 3 | AP44: =+AJ44-AN44 -> 1 | AQ44: =+AK44-AO44 -> 0 | AR44: 73 | AS44: 13 | AT44: =+AS44+AR44 -> 86 | AU44: 22 | AV44: 3 | AW44: =+AN44-AU44 -> 0 | AX44: =+AO44-AV44 -> 0 | AY44: =+P44-AU44 -> 13 | AZ44: =+Q44-AV44 -> 2 | BA44: =+(AY44+AZ44)/(P44+Q44) -> 0.375 | BB44: =+(AU44+AV44)/E44 -> 0.11415525 | BC44: =+AU44/D44 -> 0.10377358 | BD44: =IF(AU44>0,"Graduado","En Proceso") -> Graduado
A45: LINID VALENCIA | B45: LIMA | C45: 23 | D45: 201 | E45: 152 | F45: 117 | G45: 45 | H45: =+G45/F45 -> 0.38461538 | I45: 37 | J45: 36 | K45: 36 | L45: =+K45/J45 -> 1 | M45: 7 | N45: 33 | O45: 2 | P45: =+O45+N45 -> 35 | Q45: 7 | R45: 32 | S45: 7 | T45: =+P45-R45 -> 3 | U45: =+Q45-S45 -> 0 | V45: 69 | W45: 37 | X45: =+W45+V45 -> 106 | Y45: 28 | Z45: 7 | AA45: =+R45-Y45 -> 4 | AB45: =+S45-Z45 -> 0 | AC45: 27 | AD45: 7 | AE45: =+Y45-AC45 -> 1 | AF45: =+Z45-AD45 -> 0 | AG45: 67 | AH45: 33 | AI45: =+AH45+AG45 -> 100 | AJ45: 26 | AK45: 7 | AL45: =+AC45-AJ45 -> 1 | AM45: =+AD45-AK45 -> 0 | AN45: 25 | AO45: 7 | AP45: =+AJ45-AN45 -> 1 | AQ45: =+AK45-AO45 -> 0 | AR45: 93 | AS45: 41 | AT45: =+AS45+AR45 -> 134 | AU45: 24 | AV45: 7 | AW45: =+AN45-AU45 -> 1 | AX45: =+AO45-AV45 -> 0 | AY45: =+P45-AU45 -> 11 | AZ45: =+Q45-AV45 -> 0 | BA45: =+(AY45+AZ45)/(P45+Q45) -> 0.26190476 | BB45: =+(AU45+AV45)/E45 -> 0.20394737 | BC45: =+AU45/D45 -> 0.11940299 | BD45: Graduado
A46: LINID VALENCIA | B46: LIMA | C46: 26 | D46: 334 | E46: 247 | F46: 184 | G46: 52 | H46: =+G46/F46 -> 0.2826087 | I46: 43 | N46: 30 | O46: 1 | P46: =+O46+N46 -> 31 | Q46: 9 | S46: 9
A47: LINID VALENCIA | B47: LIMA | C47: 24 | D47: 277 | E47: 227 | F47: 185 | G47: 79 | H47: =+G47/F47 -> 0.42702703 | I47: 81 | J47: 77 | K47: 66 | L47: =+K47/J47 -> 0.85714286 | M47: 15 | N47: 61 | O47: 5 | P47: =+O47+N47 -> 66 | Q47: 14 | R47: 63 | S47: 12 | T47: =+P47-R47 -> 3 | U47: =+Q47-S47 -> 2 | V47: 104 | W47: 44 | X47: =+W47+V47 -> 148 | Y47: 50 | Z47: 12 | AA47: =+R47-Y47 -> 13 | AB47: =+S47-Z47 -> 0 | AC47: 48 | AD47: 12 | AE47: =+Y47-AC47 -> 2 | AF47: =+Z47-AD47 -> 0 | AG47: 97 | AH47: 30 | AI47: =+AH47+AG47 -> 127 | AJ47: 42 | AK47: 10 | AL47: =+AC47-AJ47 -> 6 | AM47: =+AD47-AK47 -> 2 | AP47: =+AJ47-AN47 -> 42 | AQ47: =+AK47-AO47 -> 10 | AT47: =+AS47+AR47 -> 0 | AW47: =+AN47-AU47 -> 0 | AX47: =+AO47-AV47 -> 0 | AY47: =+P47-AU47 -> 66 | AZ47: =+Q47-AV47 -> 14 | BA47: =+(AY47+AZ47)/(P47+Q47) -> 1 | BB47: =+(AU47+AV47)/E47 -> 0 | BC47: =+AU47/D47 -> 0
A48: LINID VALENCIA | B48: LIMA | C48: 25 | D48: 210 | E48: 56 | F48: 154 | G48: 50 | H48: =+G48/F48 -> 0.32467532 | I48: 41 | J48: 38 | K48: 31 | L48: =+K48/J48 -> 0.81578947 | M48: 6 | N48: 31 | O48: 0 | P48: =+O48+N48 -> 31 | Q48: 5 | R48: 23 | S48: 5 | T48: =+P48-R48 -> 8 | U48: 0 | V48: 33 | W48: 14 | X48: =+W48+V48 -> 47 | Y48: 22 | Z48: 4 | AA48: =+R48-Y48 -> 1 | AB48: =+S48-Z48 -> 1 | AL48: =+AC48-AJ48 -> 0 | AM48: =+AD48-AK48 -> 0 | AP48: =+AJ48-AN48 -> 0 | AQ48: =+AK48-AO48 -> 0 | AT48: =+AS48+AR48 -> 0 | BA48: =+(AY48+AZ48)/(P48+Q48) -> 0 | BB48: =+(AU48+AV48)/E48 -> 0 | BC48: =+AU48/D48 -> 0
A49: ANA CRIS SANCHEZ | B49: QUITO | C49: 79 | D49: 460 | E49: 305 | F49: 259 | G49: 71 | H49: =+G49/F49 -> 0.27413127 | I49: 57 | J49: 53 | K49: 45 | L49: =+K49/J49 -> 0.8490566 | M49: 9 | N49: 51 | P49: =+O49+N49 -> 51 | Q49: 4 | R49: 45 | S49: 4 | T49: =+P49-R49 -> 6 | U49: =+Q49-S49 -> 0 | V49: 97 | W49: 14 | X49: =+W49+V49 -> 111 | Y49: 41 | Z49: 3 | AA49: =+R49-Y49 -> 4 | AB49: =+S49-Z49 -> 1 | AC49: 40 | AD49: 3 | AE49: =+Y49-AC49 -> 1 | AF49: =+Z49-AD49 -> 0 | AG49: 100 | AH49: 9 | AI49: =+AH49+AG49 -> 109 | AJ49: 37 | AK49: 3 | AL49: =+AC49-AJ49 -> 3 | AM49: =+AD49-AK49 -> 0 | AN49: 34 | AO49: 3 | AP49: =+AJ49-AN49 -> 3 | AQ49: =+AK49-AO49 -> 0 | AR49: 95 | AS49: 13 | AT49: =+AS49+AR49 -> 108 | AU49: 32 | AV49: 3 | AW49: =+AN49-AU49 -> 2 | AX49: =+AO49-AV49 -> 0 | AY49: =+P49-AU49 -> 19 | AZ49: =+Q49-AV49 -> 1 | BA49: =+(AY49+AZ49)/(P49+Q49) -> 0.36363636 | BB49: =+(AU49+AV49)/E49 -> 0.1147541 | BC49: =+AU49/D49 -> 0.069565217 | BD49: =IF(AU49>0,"Graduado","En Proceso") -> Graduado
A50: JOSUE VERA | B50: QUITO | C50: 80 | D50: 428 | E50: 296 | F50: 267 | G50: 74 | H50: =+G50/F50 -> 0.27715356 | I50: 59 | J50: 57 | K50: 55 | L50: =+K50/J50 -> 0.96491228 | M50: 12 | N50: 50 | P50: =+O50+N50 -> 50 | Q50: 5 | R50: 44 | S50: 5 | T50: =+P50-R50 -> 6 | U50: =+Q50-S50 -> 0 | V50: 80 | W50: 13 | X50: =+W50+V50 -> 93 | Y50: 43 | Z50: 5 | AA50: =+R50-Y50 -> 1 | AB50: =+S50-Z50 -> 0 | AC50: 39 | AD50: 5 | AE50: =+Y50-AC50 -> 4 | AF50: =+Z50-AD50 -> 0 | AG50: 63 | AH50: 16 | AI50: =+AH50+AG50 -> 79 | AJ50: 38 | AK50: 5 | AL50: =+AC50-AJ50 -> 1 | AM50: =+AD50-AK50 -> 0 | AN50: 38 | AO50: 5 | AP50: =+AJ50-AN50 -> 0 | AQ50: =+AK50-AO50 -> 0 | AR50: 78 | AS50: 21 | AT50: =+AS50+AR50 -> 99 | AU50: 35 | AV50: 5 | AW50: =+AN50-AU50 -> 3 | AX50: =+AO50-AV50 -> 0 | AY50: =+P50-AU50 -> 15 | AZ50: =+Q50-AV50 -> 0 | BA50: =+(AY50+AZ50)/(P50+Q50) -> 0.27272727 | BB50: =+(AU50+AV50)/E50 -> 0.13513514 | BC50: =+AU50/D50 -> 0.081775701 | BD50: =IF(AU50>0,"Graduado","En Proceso") -> Graduado
A51: JULIO NARVAEZ | B51: QUITO | C51: 81 | D51: 392 | E51: 283 | F51: 263 | G51: 95 | H51: =+G51/F51 -> 0.36121673 | I51: 98 | J51: 94 | K51: 89 | L51: =+K51/J51 -> 0.94680851 | M51: 21 | N51: 82 | P51: =+O51+N51 -> 82 | Q51: 12 | R51: 78 | S51: 10 | T51: =+P51-R51 -> 4 | U51: =+Q51-S51 -> 2 | V51: 107 | W51: 24 | X51: =+W51+V51 -> 131 | Y51: 71 | Z51: 7 | AA51: =+R51-Y51 -> 7 | AB51: =+S51-Z51 -> 3 | AC51: 66 | AD51: 7 | AE51: =+Y51-AC51 -> 5 | AF51: =+Z51-AD51 -> 0 | AG51: 129 | AH51: 17 | AI51: =+AH51+AG51 -> 146 | AJ51: 60 | AK51: 6 | AL51: =+AC51-AJ51 -> 6 | AM51: =+AD51-AK51 -> 1 | AN51: 58 | AO51: 5 | AP51: =+AJ51-AN51 -> 2 | AQ51: =+AK51-AO51 -> 1 | AR51: 135 | AS51: 25 | AT51: =+AS51+AR51 -> 160 | AU51: 57 | AV51: 5 | AW51: =+AN51-AU51 -> 1 | AX51: =+AO51-AV51 -> 0 | AY51: =+P51-AU51 -> 25 | AZ51: =+Q51-AV51 -> 7 | BA51: =+(AY51+AZ51)/(P51+Q51) -> 0.34042553 | BB51: =+(AU51+AV51)/E51 -> 0.21908127 | BC51: =+AU51/D51 -> 0.14540816 | BD51: =IF(AU51>0,"Graduado","En Proceso") -> Graduado
A52: ERIKA GAVILANEZ | B52: QUITO | C52: 82 | D52: 382 | E52: 332 | F52: 290 | G52: 75 | H52: =+G52/F52 -> 0.25862069 | I52: 66 | J52: 64 | K52: 59 | L52: =+K52/J52 -> 0.921875 | M52: 17 | N52: 47 | P52: =+O52+N52 -> 47 | Q52: 11 | R52: 36 | S52: 10 | T52: =+P52-R52 -> 11 | U52: =+Q52-S52 -> 1 | V52: 74 | W52: 33 | X52: =+W52+V52 -> 107 | Y52: 34 | Z52: 9 | AA52: =+R52-Y52 -> 2 | AB52: =+S52-Z52 -> 1 | AC52: 33 | AD52: 9 | AE52: =+Y52-AC52 -> 1 | AF52: =+Z52-AD52 -> 0 | AG52: 71 | AH52: 28 | AI52: =+AH52+AG52 -> 99 | AJ52: 30 | AK52: 9 | AL52: =+AC52-AJ52 -> 3 | AM52: =+AD52-AK52 -> 0 | AN52: 30 | AO52: 9 | AP52: =+AJ52-AN52 -> 0 | AQ52: =+AK52-AO52 -> 0 | AR52: 61 | AS52: 39 | AT52: =+AS52+AR52 -> 100 | AU52: 29 | AV52: 9 | AW52: =+AN52-AU52 -> 1 | AX52: =+AO52-AV52 -> 0 | AY52: =+P52-AU52 -> 18 | AZ52: =+Q52-AV52 -> 2 | BA52: =+(AY52+AZ52)/(P52+Q52) -> 0.34482759 | BB52: =+(AU52+AV52)/E52 -> 0.11445783 | BC52: =+AU52/D52 -> 0.07591623 | BD52: =IF(AU52>0,"Graduado","En Proceso") -> Graduado
A53: ANA CRIS SANCHEZ | B53: QUITO | C53: 83 | D53: 485 | E53: 307 | F53: 268 | G53: 70 | H53: =+G53/F53 -> 0.26119403 | I53: 70 | J53: 70 | K53: 69 | L53: =+K53/J53 -> 0.98571429 | M53: 17 | N53: 62 | O53: 9 | P53: =+O53+N53 -> 71 | Q53: 16 | R53: 66 | S53: 15 | T53: =+P53-R53 -> 5 | U53: =+Q53-S53 -> 1 | V53: 134 | W53: 39 | X53: =+W53+V53 -> 173 | Y53: 61 | Z53: 14 | AA53: =+R53-Y53 -> 5 | AB53: =+S53-Z53 -> 1 | AC53: 59 | AD53: 14 | AE53: =+Y53-AC53 -> 2 | AF53: =+Z53-AD53 -> 0 | AG53: 69 | AH53: 35 | AI53: =+AH53+AG53 -> 104 | AJ53: 59 | AK53: 14 | AL53: =+AC53-AJ53 -> 0 | AM53: =+AD53-AK53 -> 0 | AN53: 53 | AO53: 14 | AP53: =+AJ53-AN53 -> 6 | AQ53: =+AK53-AO53 -> 0 | AR53: 125 | AS53: 54 | AT53: =+AS53+AR53 -> 179 | AU53: 52 | AV53: 14 | AW53: =+AN53-AU53 -> 1 | AX53: =+AO53-AV53 -> 0 | AY53: =+P53-AU53 -> 19 | AZ53: =+Q53-AV53 -> 2 | BA53: =+(AY53+AZ53)/(P53+Q53) -> 0.24137931 | BB53: =+(AU53+AV53)/E53 -> 0.21498371 | BC53: =+AU53/D53 -> 0.10721649 | BD53: =IF(AU53>0,"Graduado","En Proceso") -> Graduado
A54: ERIKA GAVILANEZ | B54: QUITO | C54: 84 | D54: 361 | E54: 335 | F54: 299 | G54: 108 | H54: =+G54/F54 -> 0.36120401 | I54: 101 | J54: 94 | K54: 84 | L54: =+K54/J54 -> 0.89361702 | M54: 32 | N54: 81 | P54: =+O54+N54 -> 81 | Q54: 22 | R54: 76 | S54: 22 | T54: =+P54-R54 -> 5 | U54: =+Q54-S54 -> 0 | V54: 136 | W54: 74 | X54: =+W54+V54 -> 210 | Y54: 67 | Z54: 21 | AA54: =+R54-Y54 -> 9 | AB54: =+S54-Z54 -> 1 | AC54: 65 | AD54: 20 | AE54: =+Y54-AC54 -> 2 | AF54: =+Z54-AD54 -> 1 | AG54: 103 | AH54: 55 | AI54: =+AH54+AG54 -> 158 | AJ54: 57 | AK54: 19 | AL54: =+AC54-AJ54 -> 8 | AM54: =+AD54-AK54 -> 1 | AN54: 51 | AO54: 19 | AP54: =+AJ54-AN54 -> 6 | AQ54: =+AK54-AO54 -> 0 | AR54: 83 | AS54: 77 | AT54: =+AS54+AR54 -> 160 | AU54: 50 | AV54: 18 | AW54: =+AN54-AU54 -> 1 | AX54: =+AO54-AV54 -> 1 | AY54: =+P54-AU54 -> 31 | AZ54: =+Q54-AV54 -> 4 | BA54: =+(AY54+AZ54)/(P54+Q54) -> 0.33980583 | BB54: =+(AU54+AV54)/E54 -> 0.20298507 | BC54: =+AU54/D54 -> 0.13850416 | BD54: =IF(AU54>0,"Graduado","En Proceso") -> Graduado
A55: JOSE SANCHEZ | B55: QUITO | C55: 85 | D55: 426 | E55: 260 | F55: 238 | G55: 83 | H55: =+G55/F55 -> 0.3487395 | I55: 76 | J55: 73 | K55: 65 | L55: =+K55/J55 -> 0.89041096 | M55: 9 | N55: 50 | O55: 9 | P55: =+O55+N55 -> 59 | Q55: 8 | R55: 55 | S55: 7 | T55: =+P55-R55 -> 4 | U55: =+Q55-S55 -> 1 | V55: 79 | W55: 31 | X55: =+W55+V55 -> 110 | Y55: 51 | Z55: 7 | AA55: =+R55-Y55 -> 4 | AB55: =+S55-Z55 -> 0 | AC55: 45 | AD55: 5 | AE55: =+Y55-AC55 -> 6 | AF55: =+Z55-AD55 -> 2 | AG55: 79 | AH55: 22 | AI55: =+AH55+AG55 -> 101 | AJ55: 40 | AK55: 5 | AL55: =+AC55-AJ55 -> 5 | AM55: =+AD55-AK55 -> 0 | AN55: 38 | AO55: 5 | AP55: =+AJ55-AN55 -> 2 | AQ55: =+AK55-AO55 -> 0 | AR55: 70 | AS55: 18 | AT55: =+AS55+AR55 -> 88 | AU55: 35 | AV55: 5 | AW55: =+AN55-AU55 -> 3 | AX55: =+AO55-AV55 -> 0 | AY55: =+P55-AU55 -> 24 | AZ55: =+Q55-AV55 -> 3 | BA55: =+(AY55+AZ55)/(P55+Q55) -> 0.40298507 | BB55: =+(AU55+AV55)/E55 -> 0.15384615 | BC55: =+AU55/D55 -> 0.082159624 | BD55: =IF(AU55>0,"Graduado","En Proceso") -> Graduado
A56: ERIKA GAVILANEZ | B56: QUITO | C56: 86 | D56: 408 | E56: 339 | F56: 298 | G56: 62 | H56: =+G56/F56 -> 0.20805369 | I56: 66 | J56: 65 | K56: 54 | L56: =+K56/J56 -> 0.83076923 | M56: 10 | N56: 48 | O56: 11 | P56: =+O56+N56 -> 59 | Q56: 10 | R56: 56 | S56: 9 | T56: =+P56-R56 -> 3 | U56: =+Q56-S56 -> 1 | V56: 58 | W56: 25 | X56: =+W56+V56 -> 83 | Y56: 59 | Z56: 10 | AA56: =+R56-Y56 -> -3 | AB56: =+S56-Z56 -> -1 | AC56: 48 | AD56: 9 | AE56: =+Y56-AC56 -> 11 | AF56: =+Z56-AD56 -> 1 | AG56: 62 | AH56: 32 | AI56: =+AH56+AG56 -> 94 | AJ56: 48 | AK56: 9 | AL56: =+AC56-AJ56 -> 0 | AM56: =+AD56-AK56 -> 0 | AN56: 42 | AO56: 9 | AP56: =+AJ56-AN56 -> 6 | AQ56: =+AK56-AO56 -> 0 | AR56: 62 | AS56: 32 | AT56: =+AS56+AR56 -> 94 | AU56: 37 | AV56: 9 | AW56: =+AN56-AU56 -> 5 | AX56: =+AO56-AV56 -> 0 | AY56: =+P56-AU56 -> 22 | AZ56: =+Q56-AV56 -> 1 | BA56: =+(AY56+AZ56)/(P56+Q56) -> 0.33333333 | BB56: =+(AU56+AV56)/E56 -> 0.13569322 | BC56: =+AU56/D56 -> 0.090686275 | BD56: =IF(AU56>0,"Graduado","En Proceso") -> Graduado
A57: MAURICIO RAMIREZ | B57: QUITO | C57: 87 | D57: 373 | E57: 269 | F57: 241 | G57: 64 | H57: =+G57/F57 -> 0.26556017 | I57: 72 | J57: 66 | K57: 64 | L57: =+K57/J57 -> 0.96969697 | M57: 13 | N57: 43 | O57: 9 | P57: =+O57+N57 -> 52 | Q57: 13 | R57: 42 | S57: 13 | T57: =+P57-R57 -> 10 | U57: =+Q57-S57 -> 0 | V57: 82 | W57: 47 | X57: =+W57+V57 -> 129 | Y57: 34 | Z57: 13 | AA57: =+R57-Y57 -> 8 | AB57: =+S57-Z57 -> 0 | AC57: 34 | AD57: 13 | AE57: =+Y57-AC57 -> 0 | AF57: =+Z57-AD57 -> 0 | AG57: 63 | AH57: 39 | AI57: =+AH57+AG57 -> 102 | AJ57: 32 | AK57: 13 | AL57: =+AC57-AJ57 -> 2 | AM57: =+AD57-AK57 -> 0 | AN57: 32 | AO57: 13 | AP57: =+AJ57-AN57 -> 0 | AQ57: =+AK57-AO57 -> 0 | AR57: 54 | AS57: 43 | AT57: =+AS57+AR57 -> 97 | AU57: 31 | AV57: 13 | AW57: =+AN57-AU57 -> 1 | AX57: =+AO57-AV57 -> 0 | AY57: =+P57-AU57 -> 21 | AZ57: =+Q57-AV57 -> 0 | BA57: =+(AY57+AZ57)/(P57+Q57) -> 0.32307692 | BB57: =+(AU57+AV57)/E57 -> 0.16356877 | BC57: =+AU57/D57 -> 0.08310992 | BD57: =IF(AU57>0,"Graduado","En Proceso") -> Graduado
A58: MELINA MACHADO | B58: QUITO | C58: 88 | D58: 341 | E58: 302 | F58: 258 | G58: 64 | H58: =+G58/F58 -> 0.24806202 | I58: 84 | J58: 82 | K58: 80 | L58: =+K58/J58 -> 0.97560976 | M58: 13 | N58: 70 | O58: 4 | P58: =+O58+N58 -> 74 | Q58: 12 | R58: 70 | S58: 12 | T58: =+P58-R58 -> 4 | U58: =+Q58-S58 -> 0 | V58: 108 | W58: 37 | X58: =+W58+V58 -> 145 | Y58: 70 | Z58: 12 | AA58: =+R58-Y58 -> 0 | AB58: =+S58-Z58 -> 0 | AC58: 70 | AD58: 10 | AE58: =+Y58-AC58 -> 0 | AF58: =+Z58-AD58 -> 2 | AG58: 85 | AH58: 29 | AI58: =+AH58+AG58 -> 114 | AJ58: 58 | AK58: 10 | AL58: =+AC58-AJ58 -> 12 | AM58: =+AD58-AK58 -> 0 | AN58: 54 | AO58: 10 | AP58: =+AJ58-AN58 -> 4 | AQ58: =+AK58-AO58 -> 0 | AR58: 110 | AS58: 55 | AT58: =+AS58+AR58 -> 165 | AU58: 51 | AV58: 10 | AW58: =+AN58-AU58 -> 3 | AX58: =+AO58-AV58 -> 0 | AY58: =+P58-AU58 -> 23 | AZ58: =+Q58-AV58 -> 2 | BA58: =+(AY58+AZ58)/(P58+Q58) -> 0.29069767 | BB58: =+(AU58+AV58)/E58 -> 0.20198675 | BC58: =+AU58/D58 -> 0.14956012 | BD58: =IF(AU58>0,"Graduado","En Proceso") -> Graduado
A59: ERIKA GAVILANEZ | B59: QUITO | C59: 89 | D59: 409 | E59: 281 | F59: 256 | G59: 75 | H59: =+G59/F59 -> 0.29296875 | I59: 52 | J59: 51 | K59: 45 | L59: =+K59/J59 -> 0.88235294 | M59: 12 | N59: 20 | O59: 6 | P59: =+O59+N59 -> 26 | Q59: 9 | R59: 24 | S59: 9 | T59: =+P59-R59 -> 2 | U59: =+Q59-S59 -> 0 | V59: 39 | W59: 26 | X59: =+W59+V59 -> 65 | Y59: 22 | Z59: 9 | AA59: =+R59-Y59 -> 2 | AB59: =+S59-Z59 -> 0 | AC59: 21 | AD59: 6 | AE59: =+Y59-AC59 -> 1 | AF59: =+Z59-AD59 -> 3 | AG59: 36 | AH59: 20 | AI59: =+AH59+AG59 -> 56 | AJ59: 18 | AK59: 6 | AL59: =+AC59-AJ59 -> 3 | AM59: =+AD59-AK59 -> 0 | AN59: 18 | AO59: 6 | AP59: =+AJ59-AN59 -> 0 | AQ59: =+AK59-AO59 -> 0 | AR59: 47 | AS59: 30 | AT59: =+AS59+AR59 -> 77 | AU59: 18 | AV59: 6 | AW59: =+AN59-AU59 -> 0 | AX59: =+AO59-AV59 -> 0 | AY59: =+P59-AU59 -> 8 | AZ59: =+Q59-AV59 -> 3 | BA59: =+(AY59+AZ59)/(P59+Q59) -> 0.31428571 | BB59: =+(AU59+AV59)/E59 -> 0.085409253 | BC59: =+AU59/D59 -> 0.04400978 | BD59: =IF(AU59>0,"Graduado","En Proceso") -> Graduado
A60: MELINA MACHADO | B60: QUITO | C60: 90 | D60: 399 | E60: 332 | F60: 318 | G60: 94 | H60: =+G60/F60 -> 0.29559748 | I60: 92 | J60: 91 | K60: 87 | L60: =+K60/J60 -> 0.95604396 | M60: 24 | N60: 80 | O60: 4 | P60: =+O60+N60 -> 84 | Q60: 16 | R60: 73 | S60: 16 | T60: =+P60-R60 -> 11 | U60: =+Q60-S60 -> 0 | V60: 120 | W60: 41 | X60: =+W60+V60 -> 161 | Y60: 68 | Z60: 13 | AA60: =+R60-Y60 -> 5 | AB60: =+S60-Z60 -> 3 | AC60: 63 | AD60: 13 | AE60: =+Y60-AC60 -> 5 | AF60: =+Z60-AD60 -> 0 | AG60: 87 | AH60: 32 | AI60: =+AH60+AG60 -> 119 | AJ60: 61 | AK60: 11 | AL60: =+AC60-AJ60 -> 2 | AM60: =+AD60-AK60 -> 2 | AN60: 59 | AO60: 11 | AP60: =+AJ60-AN60 -> 2 | AQ60: =+AK60-AO60 -> 0 | AR60: 104 | AS60: 32 | AT60: =+AS60+AR60 -> 136 | AU60: 57 | AV60: 11 | AW60: =+AN60-AU60 -> 2 | AX60: =+AO60-AV60 -> 0 | AY60: =+P60-AU60 -> 27 | AZ60: =+Q60-AV60 -> 5 | BA60: =+(AY60+AZ60)/(P60+Q60) -> 0.32 | BB60: =+(AU60+AV60)/E60 -> 0.20481928 | BC60: =+AU60/D60 -> 0.14285714 | BD60: =IF(AU60>0,"Graduado","En Proceso") -> Graduado
A61: LISSETTE ACOSTA | B61: QUITO | C61: 91 | D61: 255 | E61: 202 | F61: 180 | G61: 71 | H61: =+G61/F61 -> 0.39444444 | I61: 58 | J61: 57 | K61: 56 | L61: =+K61/J61 -> 0.98245614 | M61: 11 | N61: 46 | O61: 2 | P61: =+O61+N61 -> 48 | Q61: 7 | R61: 45 | S61: 7 | T61: =+P61-R61 -> 3 | U61: =+Q61-S61 -> 0 | V61: 64 | W61: 23 | X61: =+W61+V61 -> 87 | Y61: 43 | Z61: 7 | AA61: =+R61-Y61 -> 2 | AB61: =+S61-Z61 -> 0 | AC61: 42 | AD61: 6 | AE61: =+Y61-AC61 -> 1 | AF61: =+Z61-AD61 -> 1 | AG61: 101 | AH61: 25 | AI61: =+AH61+AG61 -> 126 | AJ61: 40 | AK61: 6 | AL61: =+AC61-AJ61 -> 2 | AM61: =+AD61-AK61 -> 0 | AN61: 40 | AO61: 6 | AP61: =+AJ61-AN61 -> 0 | AQ61: =+AK61-AO61 -> 0 | AR61: 89 | AS61: 23 | AT61: =+AS61+AR61 -> 112 | AU61: 40 | AV61: 6 | AW61: =+AN61-AU61 -> 0 | AX61: =+AO61-AV61 -> 0 | AY61: =+P61-AU61 -> 8 | AZ61: =+Q61-AV61 -> 1 | BA61: =+(AY61+AZ61)/(P61+Q61) -> 0.16363636 | BB61: =+(AU61+AV61)/E61 -> 0.22772277 | BC61: =+AU61/D61 -> 0.15686275 | BD61: =IF(AU61>0,"Graduado","En Proceso") -> Graduado
A62: KATHY FELIX | B62: QUITO | C62: 92 | D62: 391 | E62: 272 | F62: 242 | G62: 62 | H62: =+G62/F62 -> 0.25619835 | I62: 40 | J62: 40 | K62: 40 | L62: =+K62/J62 -> 1 | M62: 8 | N62: 40 | O62: 8 | P62: =+O62+N62 -> 48 | Q62: 6 | R62: 42 | S62: 5 | T62: =+P62-R62 -> 6 | U62: =+Q62-S62 -> 1 | V62: 112 | W62: 25 | X62: =+W62+V62 -> 137 | Y62: 40 | Z62: 5 | AA62: =+R62-Y62 -> 2 | AB62: =+S62-Z62 -> 0 | AC62: 34 | AD62: 5 | AE62: =+Y62-AC62 -> 6 | AF62: =+Z62-AD62 -> 0 | AG62: 104 | AH62: 32 | AI62: =+AH62+AG62 -> 136 | AJ62: 30 | AK62: 5 | AL62: =+AC62-AJ62 -> 4 | AM62: =+AD62-AK62 -> 0 | AN62: 27 | AO62: 5 | AP62: =+AJ62-AN62 -> 3 | AQ62: =+AK62-AO62 -> 0 | AR62: 88 | AS62: 26 | AT62: =+AS62+AR62 -> 114 | AU62: 27 | AV62: 5 | AW62: =+AN62-AU62 -> 0 | AX62: =+AO62-AV62 -> 0 | AY62: =+P62-AU62 -> 21 | AZ62: =+Q62-AV62 -> 1 | BA62: =+(AY62+AZ62)/(P62+Q62) -> 0.40740741 | BB62: =+(AU62+AV62)/E62 -> 0.11764706 | BC62: =+AU62/D62 -> 0.069053708 | BD62: =IF(AU62>0,"Graduado","En Proceso") -> Graduado
A63: ERIKA GAVILANEZ | B63: QUITO | C63: 93 | D63: 239 | E63: 216 | F63: 190 | G63: 71 | H63: =+G63/F63 -> 0.37368421 | I63: 94 | J63: 84 | K63: 76 | L63: =+K63/J63 -> 0.9047619 | M63: 13 | N63: 61 | O63: 5 | P63: =+O63+N63 -> 66 | Q63: 11 | R63: 62 | S63: 11 | T63: =+P63-R63 -> 4 | U63: =+Q63-S63 -> 0 | V63: 97 | W63: 29 | X63: =+W63+V63 -> 126 | Y63: 56 | Z63: 11 | AA63: =+R63-Y63 -> 6 | AB63: =+S63-Z63 -> 0 | AC63: 54 | AD63: 11 | AE63: =+Y63-AC63 -> 2 | AF63: =+Z63-AD63 -> 0 | AG63: 74 | AH63: 31 | AI63: =+AH63+AG63 -> 105 | AJ63: 50 | AK63: 11 | AL63: =+AC63-AJ63 -> 4 | AM63: =+AD63-AK63 -> 0 | AN63: 49 | AO63: 11 | AP63: =+AJ63-AN63 -> 1 | AQ63: =+AK63-AO63 -> 0 | AR63: 69 | AS63: 52 | AT63: =+AS63+AR63 -> 121 | AU63: 48 | AV63: 10 | AW63: =+AN63-AU63 -> 1 | AX63: =+AO63-AV63 -> 1 | AY63: =+P63-AU63 -> 18 | AZ63: =+Q63-AV63 -> 1 | BA63: =+(AY63+AZ63)/(P63+Q63) -> 0.24675325 | BB63: =+(AU63+AV63)/E63 -> 0.26851852 | BC63: =+AU63/D63 -> 0.20083682 | BD63: =IF(AU63>0,"Graduado","En Proceso") -> Graduado
A64: ADRIANA PUPIALES | B64: QUITO | C64: 94 | D64: 421 | E64: 328 | F64: 300 | G64: 125 | H64: =+G64/F64 -> 0.41666667 | I64: 94 | J64: 91 | K64: 78 | L64: =+K64/J64 -> 0.85714286 | M64: 7 | N64: 66 | O64: 1 | P64: =+O64+N64 -> 67 | Q64: 6 | R64: 62 | S64: 6 | T64: =+P64-R64 -> 5 | U64: =+Q64-S64 -> 0 | V64: 75 | W64: 20 | X64: =+W64+V64 -> 95 | Y64: 60 | Z64: 6 | AA64: =+R64-Y64 -> 2 | AB64: =+S64-Z64 -> 0 | AC64: 55 | AD64: 6 | AE64: =+Y64-AC64 -> 5 | AF64: =+Z64-AD64 -> 0 | AG64: 96 | AH64: 25 | AI64: =+AH64+AG64 -> 121 | AJ64: 47 | AK64: 4 | AL64: =+AC64-AJ64 -> 8 | AM64: =+AD64-AK64 -> 2 | AN64: 45 | AO64: 4 | AP64: =+AJ64-AN64 -> 2 | AQ64: =+AK64-AO64 -> 0 | AR64: 93 | AS64: 15 | AT64: =+AS64+AR64 -> 108 | AU64: 40 | AV64: 3 | AW64: =+AN64-AU64 -> 5 | AX64: =+AO64-AV64 -> 1 | AY64: =+P64-AU64 -> 27 | AZ64: =+Q64-AV64 -> 3 | BA64: =+(AY64+AZ64)/(P64+Q64) -> 0.4109589 | BB64: =+(AU64+AV64)/E64 -> 0.13109756 | BC64: =+AU64/D64 -> 0.095011876 | BD64: =IF(AU64>0,"Graduado","En Proceso") -> Graduado
A65: LISSETTE ACOSTA | B65: QUITO | C65: 95 | D65: 330 | E65: 241 | F65: 209 | G65: 75 | H65: =+G65/F65 -> 0.35885167 | I65: 75 | J65: 71 | K65: 65 | L65: =+K65/J65 -> 0.91549296 | M65: 11 | N65: 53 | O65: 8 | P65: =+O65+N65 -> 61 | Q65: 9 | R65: 58 | S65: 9 | T65: =+P65-R65 -> 3 | U65: =+Q65-S65 -> 0 | V65: 76 | W65: 31 | X65: =+W65+V65 -> 107 | Y65: 53 | Z65: 9 | AA65: =+R65-Y65 -> 5 | AB65: =+S65-Z65 -> 0 | AC65: 52 | AD65: 9 | AE65: =+Y65-AC65 -> 1 | AF65: =+Z65-AD65 -> 0 | AG65: 68 | AH65: 34 | AI65: =+AH65+AG65 -> 102 | AJ65: 46 | AK65: 9 | AL65: =+AC65-AJ65 -> 6 | AM65: =+AD65-AK65 -> 0 | AN65: 44 | AO65: 8 | AP65: =+AJ65-AN65 -> 2 | AQ65: =+AK65-AO65 -> 1 | AR65: 55 | AS65: 21 | AT65: =+AS65+AR65 -> 76 | AU65: 37 | AV65: 8 | AW65: =+AN65-AU65 -> 7 | AX65: =+AO65-AV65 -> 0 | AY65: =+P65-AU65 -> 24 | AZ65: =+Q65-AV65 -> 1 | BA65: =+(AY65+AZ65)/(P65+Q65) -> 0.35714286 | BB65: =+(AU65+AV65)/E65 -> 0.18672199 | BC65: =+AU65/D65 -> 0.11212121 | BD65: =IF(AU65>0,"Graduado","En Proceso") -> Graduado
A66: JULIO NARVAEZ | B66: QUITO | C66: 96 | D66: 302 | E66: 231 | F66: 206 | G66: 56 | H66: =+G66/F66 -> 0.27184466 | I66: 61 | J66: 57 | K66: 53 | L66: =+K66/J66 -> 0.92982456 | M66: 4 | N66: 44 | O66: 10 | P66: =+O66+N66 -> 54 | Q66: 5 | R66: 51 | S66: 5 | T66: =+P66-R66 -> 3 | U66: =+Q66-S66 -> 0 | V66: 69 | W66: 15 | X66: =+W66+V66 -> 84 | Y66: 43 | Z66: 5 | AA66: =+R66-Y66 -> 8 | AB66: =+S66-Z66 -> 0 | AC66: 43 | AD66: 4 | AE66: =+Y66-AC66 -> 0 | AF66: =+Z66-AD66 -> 1 | AG66: 57 | AH66: 19 | AI66: =+AH66+AG66 -> 76 | AJ66: 39 | AK66: 3 | AL66: =+AC66-AJ66 -> 4 | AM66: =+AD66-AK66 -> 1 | AN66: 36 | AO66: 3 | AP66: =+AJ66-AN66 -> 3 | AQ66: =+AK66-AO66 -> 0 | AR66: 63 | AS66: 14 | AT66: =+AS66+AR66 -> 77 | AU66: 36 | AV66: 3 | AW66: =+AN66-AU66 -> 0 | AX66: =+AO66-AV66 -> 0 | AY66: =+P66-AU66 -> 18 | AZ66: =+Q66-AV66 -> 2 | BA66: =+(AY66+AZ66)/(P66+Q66) -> 0.33898305 | BB66: =+(AU66+AV66)/E66 -> 0.16883117 | BC66: =+AU66/D66 -> 0.1192053 | BD66: =IF(AU66>0,"Graduado","En Proceso") -> Graduado
... A73: ERIKA GAVILANEZ | B73: QUITO | C73: 103 | D73: 276 | E73: 249 | F73: 231 | G73: 88 | H73: =+G73/F73 -> 0.38095238 | I73: 89 | J73: 79 | K73: 69 | L73: =+K73/J73 -> 0.87341772 | M73: 13 | N73: 55 | O73: 9 | P73: =+O73+N73 -> 64 | Q73: 9 | R73: 54 | S73: 9 | T73: =+P73-R73 -> 10 | U73: =+Q73-S73 -> 0 | V73: 99 | W73: 34 | X73: =+W73+V73 -> 133 | Y73: 48 | Z73: 9 | AA73: =+R73-Y73 -> 6 | AB73: =+S73-Z73 -> 0 | AC73: 41 | AD73: 7 | AE73: =+Y73-AC73 -> 7 | AF73: =+Z73-AD73 -> 2 | AG73: 69 | AH73: 27 | AI73: =+AH73+AG73 -> 96 | AJ73: 37 | AK73: 7 | AL73: =+AC73-AJ73 -> 4 | AM73: =+AD73-AK73 -> 0 | AN73: 33 | AO73: 7 | AP73: =+AJ73-AN73 -> 4 | AQ73: =+AK73-AO73 -> 0 | AR73: 103 | AS73: 30 | AT73: =+AS73+AR73 -> 133 | AU73: 33 | AV73: 7 | AW73: =+AN73-AU73 -> 0 | AX73: =+AO73-AV73 -> 0 | AY73: =+P73-AU73 -> 31 | AZ73: =+Q73-AV73 -> 2 | BA73: =+(AY73+AZ73)/(P73+Q73) -> 0.45205479 | BB73: =+(AU73+AV73)/E73 -> 0.16064257 | BC73: =+AU73/D73 -> 0.11956522 | BD73: =IF(AU73>0,"Graduado","En Proceso") -> Graduado
A74: ROBERTO RODRIGUEZ | B74: QUITO | C74: 104 | D74: 282 | E74: 200 | F74: 167 | G74: =36+9 -> 45 | H74: =+G74/F74 -> 0.26946108 | I74: 47 | J74: 46 | K74: 35 | L74: =+K74/J74 -> 0.76086957 | M74: 10 | N74: 18 | O74: 5 | P74: =+O74+N74 -> 23 | Q74: 9 | R74: 19 | S74: 9 | T74: =+P74-R74 -> 4 | U74: =+Q74-S74 -> 0 | V74: 53 | W74: 35 | X74: =+W74+V74 -> 88 | Y74: 19 | Z74: 9 | AA74: =+R74-Y74 -> 0 | AB74: =+S74-Z74 -> 0 | AC74: 19 | AD74: 9 | AE74: =+Y74-AC74 -> 0 | AF74: =+Z74-AD74 -> 0 | AG74: 41 | AH74: 32 | AI74: =+AH74+AG74 -> 73 | AJ74: 19 | AK74: 9 | AL74: =+AC74-AJ74 -> 0 | AM74: =+AD74-AK74 -> 0 | AN74: 19 | AO74: 5 | AP74: =+AJ74-AN74 -> 0 | AQ74: =+AK74-AO74 -> 4 | AR74: 39 | AS74: 26 | AT74: =+AS74+AR74 -> 65 | AU74: 18 | AV74: 5 | AW74: =+AN74-AU74 -> 1 | AX74: =+AO74-AV74 -> 0 | AY74: =+P74-AU74 -> 5 | AZ74: =+Q74-AV74 -> 4 | BA74: =+(AY74+AZ74)/(P74+Q74) -> 0.28125 | BB74: =+(AU74+AV74)/E74 -> 0.115 | BC74: =+AU74/D74 -> 0.063829787 | BD74: =IF(AU74>0,"Graduado","En Proceso") -> Graduado
A75: ERIKA GAVILANEZ | B75: QUITO | C75: 105 | D75: 288 | E75: 249 | F75: 208 | G75: =74+15 -> 89 | H75: =+G75/F75 -> 0.42788462 | I75: 67 | J75: 65 | K75: 60 | L75: =+K75/J75 -> 0.92307692 | M75: 18 | N75: 51 | O75: 3 | P75: =+O75+N75 -> 54 | Q75: 15 | R75: 51 | S75: 15 | T75: =+P75-R75 -> 3 | U75: =+Q75-S75 -> 0 | V75: 84 | W75: 44 | X75: =+W75+V75 -> 128 | Y75: 51 | Z75: 11 | AA75: =+R75-Y75 -> 0 | AB75: =+S75-Z75 -> 4 | AC75: 48 | AD75: 9 | AE75: =+Y75-AC75 -> 3 | AF75: =+Z75-AD75 -> 2 | AG75: 93 | AH75: 31 | AI75: =+AH75+AG75 -> 124 | AJ75: 47 | AK75: 8 | AL75: =+AC75-AJ75 -> 1 | AM75: =+AD75-AK75 -> 1 | AN75: 45 | AO75: 6 | AP75: =+AJ75-AN75 -> 2 | AQ75: =+AK75-AO75 -> 2 | AR75: 123 | AS75: 26 | AT75: =+AS75+AR75 -> 149 | AU75: 45 | AV75: 6 | AW75: =+AN75-AU75 -> 0 | AX75: =+AO75-AV75 -> 0 | AY75: =+P75-AU75 -> 9 | AZ75: =+Q75-AV75 -> 9 | BA75: =+(AY75+AZ75)/(P75+Q75) -> 0.26086957 | BB75: =+(AU75+AV75)/E75 -> 0.20481928 | BC75: =+AU75/D75 -> 0.15625 | BD75: =IF(AU75>0,"Graduado","En Proceso") -> Graduado
A76: ALEJANDRO DIAZ | B76: QUITO | C76: 106 | D76: 310 | E76: 267 | F76: 228 | G76: 74 | H76: =+G76/F76 -> 0.3245614 | I76: 61 | J76: 59 | K76: 53 | L76: =+K76/J76 -> 0.89830508 | M76: 10 | N76: 46 | O76: 0 | P76: =+O76+N76 -> 46 | Q76: 5 | R76: 44 | S76: 5 | T76: =+P76-R76 -> 2 | U76: =+Q76-S76 -> 0 | V76: 58 | W76: 18 | X76: =+W76+V76 -> 76 | Y76: 40 | Z76: 5 | AA76: =+R76-Y76 -> 4 | AB76: =+S76-Z76 -> 0 | AC76: 38 | AD76: 5 | AE76: =+Y76-AC76 -> 2 | AF76: =+Z76-AD76 -> 0 | AG76: 45 | AH76: 14 | AI76: =+AH76+AG76 -> 59 | AJ76: 40 | AK76: 4 | AL76: =+AC76-AJ76 -> -2 | AM76: =+AD76-AK76 -> 1 | AN76: 33 | AO76: 3 | AP76: =+AJ76-AN76 -> 7 | AQ76: =+AK76-AO76 -> 1 | AR76: 58 | AS76: 15 | AT76: =+AS76+AR76 -> 73 | AU76: 33 | AV76: 3 | AW76: =+AN76-AU76 -> 0 | AX76: =+AO76-AV76 -> 0 | AY76: =+P76-AU76 -> 13 | AZ76: =+Q76-AV76 -> 2 | BA76: =+(AY76+AZ76)/(P76+Q76) -> 0.29411765 | BB76: =+(AU76+AV76)/E76 -> 0.13483146 | BC76: =+AU76/D76 -> 0.10645161 | BD76: =IF(AU76>0,"Graduado","En Proceso") -> Graduado
A77: ISAAC BETANCOURT | B77: QUITO | C77: 107 | D77: 284 | E77: 208 | F77: 189 | G77: 54 | H77: =+G77/F77 -> 0.28571429 | I77: 67 | J77: 63 | K77: 57 | L77: =+K77/J77 -> 0.9047619 | M77: 12 | N77: 37 | O77: 15 | P77: =+O77+N77 -> 52 | Q77: 12 | R77: 47 | S77: 11 | T77: =+P77-R77 -> 5 | U77: =+Q77-S77 -> 1 | V77: 88 | W77: 22 | X77: =+W77+V77 -> 110 | Y77: 43 | Z77: 8 | AA77: =+R77-Y77 -> 4 | AB77: =+S77-Z77 -> 3 | AC77: 39 | AD77: 6 | AE77: =+Y77-AC77 -> 4 | AF77: =+Z77-AD77 -> 2 | AG77: 66 | AH77: 22 | AI77: =+AH77+AG77 -> 88 | AJ77: 33 | AK77: 4 | AL77: =+AC77-AJ77 -> 6 | AM77: =+AD77-AK77 -> 2 | AN77: 33 | AO77: 4 | AP77: =+AJ77-AN77 -> 0 | AQ77: =+AK77-AO77 -> 0 | AR77: 95 | AS77: 15 | AT77: =+AS77+AR77 -> 110 | AU77: 33 | AV77: 4 | AW77: =+AN77-AU77 -> 0 | AX77: =+AO77-AV77 -> 0 | AY77: =+P77-AU77 -> 19 | AZ77: =+Q77-AV77 -> 8 | BA77: =+(AY77+AZ77)/(P77+Q77) -> 0.421875 | BB77: =+(AU77+AV77)/E77 -> 0.17788462 | BC77: =+AU77/D77 -> 0.11619718 | BD77: =IF(AU77>0,"Graduado","En Proceso") -> Graduado
A78: ROBERTO RODRIGUEZ | B78: QUITO | C78: 108 | D78: 218 | E78: 223 | F78: 189 | G78: 58 | H78: =+G78/F78 -> 0.30687831 | I78: 70 | J78: 66 | K78: 62 | L78: =+K78/J78 -> 0.93939394 | M78: 9 | N78: 50 | O78: 9 | P78: =+O78+N78 -> 59 | Q78: 6 | R78: 53 | S78: 6 | T78: =+P78-R78 -> 6 | U78: =+Q78-S78 -> 0 | V78: 79 | W78: 10 | X78: =+W78+V78 -> 89 | Y78: 46 | Z78: 4 | AA78: =+R78-Y78 -> 7 | AB78: =+S78-Z78 -> 2 | AC78: 42 | AD78: 3 | AE78: =+Y78-AC78 -> 4 | AF78: =+Z78-AD78 -> 1 | AG78: 87 | AH78: 11 | AI78: =+AH78+AG78 -> 98 | AJ78: 38 | AK78: 3 | AL78: =+AC78-AJ78 -> 4 | AM78: =+AD78-AK78 -> 0 | AN78: 38 | AO78: 3 | AP78: =+AJ78-AN78 -> 0 | AQ78: =+AK78-AO78 -> 0 | AR78: 90 | AS78: 14 | AT78: =+AS78+AR78 -> 104 | AU78: 38 | AV78: 3 | AW78: =+AN78-AU78 -> 0 | AX78: =+AO78-AV78 -> 0 | AY78: =+P78-AU78 -> 21 | AZ78: =+Q78-AV78 -> 3 | BA78: =+(AY78+AZ78)/(P78+Q78) -> 0.36923077 | BB78: =+(AU78+AV78)/E78 -> 0.1838565 | BC78: =+AU78/D78 -> 0.17431193 | BD78: =IF(AU78>0,"Graduado","En Proceso") -> Graduado
A79: ERIKA GAVILANEZ | B79: QUITO | C79: 109 | D79: 367 | E79: 226 | F79: 185 | G79: 47 | H79: =+G79/F79 -> 0.25405405 | I79: 39 | J79: 37 | K79: 36 | L79: =+K79/J79 -> 0.97297297 | M79: 8 | N79: 29 | O79: 4 | P79: =+O79+N79 -> 33 | Q79: 8 | R79: 33 | S79: 6 | T79: =+P79-R79 -> 0 | U79: =+Q79-S79 -> 2 | V79: 85 | W79: 13 | X79: =+W79+V79 -> 98 | Y79: 30 | Z79: 5 | AA79: =+R79-Y79 -> 3 | AB79: =+S79-Z79 -> 1 | AC79: 25 | AD79: 4 | AE79: =+Y79-AC79 -> 5 | AF79: =+Z79-AD79 -> 1 | AG79: 53 | AH79: 14 | AI79: =+AH79+AG79 -> 67 | AJ79: 23 | AK79: 3 | AL79: =+AC79-AJ79 -> 2 | AM79: =+AD79-AK79 -> 1 | AN79: 23 | AO79: 3 | AP79: =+AJ79-AN79 -> 0 | AQ79: =+AK79-AO79 -> 0 | AR79: 37 | AS79: 12 | AT79: =+AS79+AR79 -> 49 | AU79: 23 | AV79: 3 | AW79: =+AN79-AU79 -> 0 | AX79: =+AO79-AV79 -> 0 | AY79: =+P79-AU79 -> 10 | AZ79: =+Q79-AV79 -> 5 | BA79: =+(AY79+AZ79)/(P79+Q79) -> 0.36585366 | BB79: =+(AU79+AV79)/E79 -> 0.11504425 | BC79: =+AU79/D79 -> 0.0626703 | BD79: =IF(AU79>0,"Graduado","En Proceso") -> Graduado
A80: ALEJANDRO DIAZ | B80: QUITO | C80: 110 | D80: 208 | E80: 202 | F80: 171 | G80: 63 | H80: =+G80/F80 -> 0.36842105 | I80: 45 | J80: 43 | K80: 40 | L80: =+K80/J80 -> 0.93023256 | M80: 6 | N80: 33 | O80: 4 | P80: =+O80+N80 -> 37 | Q80: 4 | R80: 36 | S80: 4 | T80: =+P80-R80 -> 1 | U80: =+Q80-S80 -> 0 | V80: 61 | W80: 16 | X80: =+W80+V80 -> 77 | Y80: 30 | Z80: 4 | AA80: =+R80-Y80 -> 6 | AB80: =+S80-Z80 -> 0 | AC80: 25 | AD80: 3 | AE80: =+Y80-AC80 -> 5 | AF80: =+Z80-AD80 -> 1 | AG80: 54 | AH80: 16 | AI80: =+AH80+AG80 -> 70 | AJ80: 24 | AK80: 2 | AL80: =+AC80-AJ80 -> 1 | AM80: =+AD80-AK80 -> 1 | AN80: 24 | AO80: 2 | AP80: =+AJ80-AN80 -> 0 | AQ80: =+AK80-AO80 -> 0 | AR80: 70 | AS80: 10 | AT80: =+AS80+AR80 -> 80 | AU80: 24 | AV80: 2 | AW80: =+AN80-AU80 -> 0 | AX80: =+AO80-AV80 -> 0 | AY80: =+P80-AU80 -> 13 | AZ80: =+Q80-AV80 -> 2 | BA80: =+(AY80+AZ80)/(P80+Q80) -> 0.36585366 | BB80: =+(AU80+AV80)/E80 -> 0.12871287 | BC80: =+AU80/D80 -> 0.11538462 | BD80: =IF(AU80>0,"Graduado","En Proceso") -> Graduado
A81: ISAAC BETANCOURT | B81: QUITO | C81: 111 | D81: 335 | E81: 254 | F81: 220 | G81: 63 | H81: =+G81/F81 -> 0.28636364 | I81: 69 | J81: 68 | K81: 61 | L81: =+K81/J81 -> 0.89705882 | M81: 7 | N81: 42 | O81: 1 | P81: =+O81+N81 -> 43 | Q81: 7 | R81: 40 | S81: 6 | T81: =+P81-R81 -> 3 | U81: =+Q81-S81 -> 1 | V81: 57 | W81: 22 | X81: =+W81+V81 -> 79 | Y81: 32 | Z81: 6 | AA81: =+R81-Y81 -> 8 | AB81: =+S81-Z81 -> 0 | AC81: 28 | AD81: 5 | AE81: =+Y81-AC81 -> 4 | AF81: =+Z81-AD81 -> 1 | AG81: 39 | AH81: 18 | AI81: =+AH81+AG81 -> 57 | AJ81: 25 | AK81: 5 | AL81: =+AC81-AJ81 -> 3 | AM81: =+AD81-AK81 -> 0 | AN81: 25 | AO81: 5 | AP81: =+AJ81-AN81 -> 0 | AQ81: =+AK81-AO81 -> 0 | AR81: 79 | AS81: 24 | AT81: =+AS81+AR81 -> 103 | AU81: 25 | AV81: 5 | AW81: =+AN81-AU81 -> 0 | AX81: =+AO81-AV81 -> 0 | AY81: =+P81-AU81 -> 18 | AZ81: =+Q81-AV81 -> 2 | BA81: =+(AY81+AZ81)/(P81+Q81) -> 0.4 | BB81: =+(AU81+AV81)/E81 -> 0.11811024 | BC81: =+AU81/D81 -> 0.074626866 | BD81: =IF(AU81>0,"Graduado","En Proceso") -> Graduado
A82: ROBERTO RODRIGUEZ | B82: QUITO | C82: 112 | D82: 249 | E82: 240 | F82: 182 | G82: 54 | H82: =+G82/F82 -> 0.2967033 | I82: 33 | J82: 31 | K82: 28 | L82: =+K82/J82 -> 0.90322581 | M82: 3 | N82: 22 | O82: 13 | P82: =+O82+N82 -> 35 | Q82: 4 | R82: 31 | S82: 4 | T82: =+P82-R82 -> 4 | U82: =+Q82-S82 -> 0 | V82: 45 | W82: 15 | X82: =+W82+V82 -> 60 | Y82: 28 | Z82: 4 | AA82: =+R82-Y82 -> 3 | AB82: =+S82-Z82 -> 0 | AC82: 25 | AD82: 4 | AE82: =+Y82-AC82 -> 3 | AF82: =+Z82-AD82 -> 0 | AG82: 35 | AH82: 18 | AI82: =+AH82+AG82 -> 53 | AJ82: 21 | AK82: 3 | AL82: =+AC82-AJ82 -> 4 | AM82: =+AD82-AK82 -> 1 | AN82: 20 | AO82: 3 | AP82: =+AJ82-AN82 -> 1 | AQ82: =+AK82-AO82 -> 0 | AR82: 53 | AS82: 15 | AT82: =+AS82+AR82 -> 68 | AU82: 20 | AV82: 3 | AW82: =+AN82-AU82 -> 0 | AX82: =+AO82-AV82 -> 0 | AY82: =+P82-AU82 -> 15 | AZ82: =+Q82-AV82 -> 1 | BA82: =+(AY82+AZ82)/(P82+Q82) -> 0.41025641 | BB82: =+(AU82+AV82)/E82 -> 0.095833333 | BC82: =+AU82/D82 -> 0.080321285 | BD82: =IF(AU82>0,"Graduado","En Proceso") -> Graduado
A83: ERIKA GAVILANEZ | B83: QUITO | C83: 113 | D83: 256 | E83: 218 | F83: 182 | G83: 78 | H83: =+G83/F83 -> 0.42857143 | I83: 80 | J83: 75 | K83: 72 | L83: =+K83/J83 -> 0.96 | M83: 11 | N83: 58 | O83: 7 | P83: =+O83+N83 -> 65 | Q83: 9 | R83: 61 | S83: 9 | T83: =+P83-R83 -> 4 | U83: =+Q83-S83 -> 0 | V83: 86 | W83: 24 | X83: =+W83+V83 -> 110 | Y83: 54 | Z83: 8 | AA83: =+R83-Y83 -> 7 | AB83: =+S83-Z83 -> 1 | AC83: 48 | AD83: 7 | AE83: =+Y83-AC83 -> 6 | AF83: =+Z83-AD83 -> 1 | AG83: 83 | AH83: 32 | AI83: =+AH83+AG83 -> 115 | AJ83: 44 | AK83: 7 | AL83: =+AC83-AJ83 -> 4 | AM83: =+AD83-AK83 -> 0 | AN83: 43 | AO83: 7 | AP83: =+AJ83-AN83 -> 1 | AQ83: =+AK83-AO83 -> 0 | AR83: 126 | AS83: 32 | AT83: =+AS83+AR83 -> 158 | AU83: 43 | AV83: 7 | AW83: =+AN83-AU83 -> 0 | AX83: =+AO83-AV83 -> 0 | AY83: =+P83-AU83 -> 22 | AZ83: =+Q83-AV83 -> 2 | BA83: =+(AY83+AZ83)/(P83+Q83) -> 0.32432432 | BB83: =+(AU83+AV83)/E83 -> 0.2293578 | BC83: =+AU83/D83 -> 0.16796875 | BD83: =IF(AU83>0,"Graduado","En Proceso") -> Graduado
A84: ALEJANDRO DIAZ | B84: QUITO | C84: 114 | D84: 235 | E84: 205 | F84: 184 | G84: 76 | H84: =+G84/F84 -> 0.41304348 | I84: 74 | J84: 68 | K84: 49 | L84: =+K84/J84 -> 0.72058824 | M84: 9 | N84: 31 | O84: 5 | P84: =+O84+N84 -> 36 | Q84: 6 | R84: 34 | S84: 5 | T84: =+P84-R84 -> 2 | U84: =+Q84-S84 -> 1 | V84: 31 | W84: 20 | X84: =+W84+V84 -> 51 | Y84: 31 | Z84: 4 | AA84: =+R84-Y84 -> 3 | AB84: =+S84-Z84 -> 1 | AC84: 31 | AD84: 3 | AE84: =+Y84-AC84 -> 0 | AF84: =+Z84-AD84 -> 1 | AG84: 52 | AH84: 10 | AI84: =+AH84+AG84 -> 62 | AL84: =+AC84-AJ84 -> 31 | AM84: =+AD84-AK84 -> 3 | AP84: =+AJ84-AN84 -> 0 | AQ84: =+AK84-AO84 -> 0 | AT84: =+AS84+AR84 -> 0 | AW84: =+AN84-AU84 -> 0 | AX84: =+AO84-AV84 -> 0 | AY84: =+P84-AU84 -> 36 | AZ84: =+Q84-AV84 -> 6 | BA84: =+(AY84+AZ84)/(P84+Q84) -> 1 | BB84: =+(AU84+AV84)/E84 -> 0 | BC84: =+AU84/D84 -> 0 | BD84: =IF(AU84>0,"Graduado","En Proceso") -> En Proceso
A85: ISAAC BETANCOURT | B85: QUITO | C85: 115 | D85: 216 | E85: 188 | F85: 160 | G85: 56 | H85: =+G85/F85 -> 0.35 | I85: 50 | J85: 47 | K85: 47 | L85: =+K85/J85 -> 1 | M85: 9 | N85: 41 | O85: 10 | P85: =+O85+N85 -> 51 | Q85: 9 | R85: 49 | S85: 8 | T85: =+P85-R85 -> 2 | U85: =+Q85-S85 -> 1 | V85: 80 | W85: 24 | X85: =+W85+V85 -> 104 | Y85: 41 | Z85: 7 | AA85: =+R85-Y85 -> 8 | AB85: =+S85-Z85 -> 1 | AC85: 41 | AD85: 5 | AE85: =+Y85-AC85 -> 0 | AF85: =+Z85-AD85 -> 2 | AG85: 82 | AH85: 15 | AI85: =+AH85+AG85 -> 97 | AL85: =+AC85-AJ85 -> 41 | AM85: =+AD85-AK85 -> 5 | AP85: =+AJ85-AN85 -> 0 | AQ85: =+AK85-AO85 -> 0 | AT85: =+AS85+AR85 -> 0 | AW85: =+AN85-AU85 -> 0 | AX85: =+AO85-AV85 -> 0 | AY85: =+P85-AU85 -> 51 | AZ85: =+Q85-AV85 -> 9 | BA85: =+(AY85+AZ85)/(P85+Q85) -> 1 | BB85: =+(AU85+AV85)/E85 -> 0 | BC85: =+AU85/D85 -> 0 | BD85: =IF(AU85>0,"Graduado","En Proceso") -> En Proceso
A86: ROBERTO RODRIGUEZ | B86: QUITO | C86: 116 | D86: 184 | E86: 167 | F86: 141 | G86: 45 | H86: =+G86/F86 -> 0.31914894 | I86: 41 | J86: 40 | K86: 34 | L86: =+K86/J86 -> 0.85 | M86: 5 | N86: 28 | O86: 5 | P86: =+O86+N86 -> 33 | Q86: 3 | R86: 30 | S86: 2 | T86: =+P86-R86 -> 3 | U86: =+Q86-S86 -> 1 | V86: 38 | W86: 11 | X86: =+W86+V86 -> 49 | AA86: =+R86-Y86 -> 30 | AB86: =+S86-Z86 -> 2 | AE86: =+Y86-AC86 -> 0 | AF86: =+Z86-AD86 -> 0 | AI86: =+AH86+AG86 -> 0 | AL86: =+AC86-AJ86 -> 0 | AM86: =+AD86-AK86 -> 0 | AP86: =+AJ86-AN86 -> 0 | AQ86: =+AK86-AO86 -> 0 | AT86: =+AS86+AR86 -> 0 | AW86: =+AN86-AU86 -> 0 | AX86: =+AO86-AV86 -> 0 | AY86: =+P86-AU86 -> 33 | AZ86: =+Q86-AV86 -> 3 | BA86: =+(AY86+AZ86)/(P86+Q86) -> 1 | BB86: =+(AU86+AV86)/E86 -> 0 | BC86: =+AU86/D86 -> 0 | BD86: =IF(AU86>0,"Graduado","En Proceso") -> En Proceso
A87: ERIKA GAVILANEZ | B87: QUITO | C87: 117 | D87: 322 | E87: 222 | F87: 208 | G87: 94 | H87: =+G87/F87 -> 0.45192308 | I87: 98 | J87: 96 | K87: 90 | L87: =+K87/J87 -> 0.9375 | M87: 9 | N87: 80 | O87: 7 | P87: =+O87+N87 -> 87 | Q87: 9 | R87: 84 | S87: 9 | T87: =+P87-R87 -> 3 | U87: =+Q87-S87 -> 0 | V87: 114 | W87: 37 | X87: =+W87+V87 -> 151 | AA87: =+R87-Y87 -> 84 | AB87: =+S87-Z87 -> 9 | AE87: =+Y87-AC87 -> 0 | AF87: =+Z87-AD87 -> 0 | AI87: =+AH87+AG87 -> 0 | AL87: =+AC87-AJ87 -> 0 | AM87: =+AD87-AK87 -> 0 | AP87: =+AJ87-AN87 -> 0 | AQ87: =+AK87-AO87 -> 0 | AT87: =+AS87+AR87 -> 0 | AW87: =+AN87-AU87 -> 0 | AX87: =+AO87-AV87 -> 0 | AY87: =+P87-AU87 -> 87 | AZ87: =+Q87-AV87 -> 9 | BA87: =+(AY87+AZ87)/(P87+Q87) -> 1 | BB87: =+(AU87+AV87)/E87 -> 0 | BC87: =+AU87/D87 -> 0 | BD87: =IF(AU87>0,"Graduado","En Proceso") -> En Proceso
A88: ALEJANDRO DIAZ | B88: QUITO | C88: 118 | D88: 179 | E88: 240 | F88: 198 | G88: 77 | H88: =+G88/F88 -> 0.38888889 | L88: =+K88/J88 -> #DIV/0! | T88: =+P88-R88 -> 0 | U88: =+Q88-S88 -> 0 | AA88: =+R88-Y88 -> 0 | AB88: =+S88-Z88 -> 0 | AE88: =+Y88-AC88 -> 0 | AF88: =+Z88-AD88 -> 0 | AI88: =+AH88+AG88 -> 0 | AL88: =+AC88-AJ88 -> 0 | AM88: =+AD88-AK88 -> 0 | AP88: =+AJ88-AN88 -> 0 | AQ88: =+AK88-AO88 -> 0 | AT88: =+AS88+AR88 -> 0 | AW88: =+AN88-AU88 -> 0 | AX88: =+AO88-AV88 -> 0 | AY88: =+P88-AU88 -> 0 | AZ88: =+Q88-AV88 -> 0 | BA88: =+(AY88+AZ88)/(P88+Q88) -> #DIV/0! | BB88: =+(AU88+AV88)/E88 -> 0 | BC88: =+AU88/D88 -> 0 | BD88: =IF(AU88>0,"Graduado","En Proceso") -> En Proceso
A89: ISAAC BETANCOURT | B89: QUITO | C89: 119 | D89: 402 | E89: 250 | F89: 196 | G89: 57 | H89: =+G89/F89 -> 0.29081633 | L89: =+K89/J89 -> #DIV/0! | T89: =+P89-R89 -> 0 | U89: =+Q89-S89 -> 0 | AA89: =+R89-Y89 -> 0 | AB89: =+S89-Z89 -> 0 | AE89: =+Y89-AC89 -> 0 | AF89: =+Z89-AD89 -> 0 | AI89: =+AH89+AG89 -> 0 | AL89: =+AC89-AJ89 -> 0 | AM89: =+AD89-AK89 -> 0 | AP89: =+AJ89-AN89 -> 0 | AQ89: =+AK89-AO89 -> 0 | AT89: =+AS89+AR89 -> 0 | AW89: =+AN89-AU89 -> 0 | AX89: =+AO89-AV89 -> 0 | AY89: =+P89-AU89 -> 0 | AZ89: =+Q89-AV89 -> 0 | BA89: =+(AY89+AZ89)/(P89+Q89) -> #DIV/0! | BB89: =+(AU89+AV89)/E89 -> 0 | BC89: =+AU89/D89 -> 0 | BD89: =IF(AU89>0,"Graduado","En Proceso") -> En Proceso

Sheet Hoja2
C1: CREACION | E1: C A R | G1: RELACION | I1: R A G | K1: GRATITUD | M1: G A V
A2: SEDE | B2: E.# | C2: DESERTORES PX | D2: DESERTORES MG | E2: DESERTORES PX | F2: DESERTORES MG | G2: DESERTORES PX | H2: DESERTORES MG | I2: DESERTORES PX | J2: DESERTORES MG | K2: DESERTORES PX | L2: DESERTORES MG | M2: DESERTORES PX | N2: DESERTORES MG
A3: =+Hoja1!B12 -> CUENCA | B3: =+Hoja1!C12 -> 5 | C3: =+Hoja1!T12 -> 1 | D3: =+Hoja1!U12 -> 0 | E3: =+Hoja1!AA12 -> 4 | F3: =+Hoja1!AB12 -> 0 | G3: =+Hoja1!AE12 -> 2 | H3: =+Hoja1!AF12 -> 0 | I3: =+Hoja1!AL12 -> 2 | J3: =+Hoja1!AM12 -> 0 | K3: =+Hoja1!AP12 -> 0 | L3: =+Hoja1!AQ12 -> 0 | M3: =+Hoja1!AW12 -> 1 | N3: =+Hoja1!AX12 -> 0
A4: =+Hoja1!B13 -> MEDELLIN | B4: =+Hoja1!C13 -> 5 | C4: =+Hoja1!T13 -> 0 | D4: =+Hoja1!U13 -> 0 | E4: =+Hoja1!AA13 -> 0 | F4: =+Hoja1!AB13 -> 0 | G4: =+Hoja1!AE13 -> 0 | H4: =+Hoja1!AF13 -> 0 | I4: =+Hoja1!AL13 -> 0 | J4: =+Hoja1!AM13 -> 0 | K4: =+Hoja1!AP13 -> 0 | L4: =+Hoja1!AQ13 -> 0 | M4: =+Hoja1!AW13 -> 0 | N4: =+Hoja1!AX13 -> 0
A5: =+Hoja1!B14 -> CUENCA | B5: =+Hoja1!C14 -> 6 | C5: =+Hoja1!T14 -> 1 | D5: =+Hoja1!U14 -> 0 | E5: =+Hoja1!AA14 -> 1 | F5: =+Hoja1!AB14 -> 0 | G5: =+Hoja1!AE14 -> 0 | H5: =+Hoja1!AF14 -> 1 | I5: =+Hoja1!AL14 -> 2 | J5: =+Hoja1!AM14 -> 0 | K5: =+Hoja1!AP14 -> 1 | L5: =+Hoja1!AQ14 -> 0 | M5: =+Hoja1!AW14 -> 0 | N5: =+Hoja1!AX14 -> 0
A6: =+Hoja1!B15 -> LIMA | B6: =+Hoja1!C15 -> 6 | C6: =+Hoja1!T15 -> 2 | D6: =+Hoja1!U15 -> 0 | E6: =+Hoja1!AA15 -> 2 | F6: =+Hoja1!AB15 -> 0 | G6: =+Hoja1!AE15 -> 0 | H6: =+Hoja1!AF15 -> 0 | I6: =+Hoja1!AL15 -> 3 | J6: =+Hoja1!AM15 -> 1 | K6: =+Hoja1!AP15 -> 0 | L6: =+Hoja1!AQ15 -> 0 | M6: =+Hoja1!AW15 -> 0 | N6: =+Hoja1!AX15 -> 0
A7: =+Hoja1!B16 -> CUENCA | B7: =+Hoja1!C16 -> 7 | C7: =+Hoja1!T16 -> 0 | D7: =+Hoja1!U16 -> 0 | E7: =+Hoja1!AA16 -> 8 | F7: =+Hoja1!AB16 -> 0 | G7: =+Hoja1!AE16 -> 3 | H7: =+Hoja1!AF16 -> 0 | I7: =+Hoja1!AL16 -> 0 | J7: =+Hoja1!AM16 -> 0 | K7: =+Hoja1!AP16 -> 4 | L7: =+Hoja1!AQ16 -> 0 | M7: =+Hoja1!AW16 -> -4 | N7: =+Hoja1!AX16 -> 0
A8: =+Hoja1!B17 -> LIMA | B8: =+Hoja1!C17 -> 7 | C8: =+Hoja1!T17 -> 1 | D8: =+Hoja1!U17 -> 0 | E8: =+Hoja1!AA17 -> 2 | F8: =+Hoja1!AB17 -> 1 | G8: =+Hoja1!AE17 -> 0 | H8: =+Hoja1!AF17 -> 0 | I8: =+Hoja1!AL17 -> 5 | J8: =+Hoja1!AM17 -> -1 | K8: =+Hoja1!AP17 -> 0 | L8: =+Hoja1!AQ17 -> 0 | M8: =+Hoja1!AW17 -> 1 | N8: =+Hoja1!AX17 -> 0
A9: =+Hoja1!B18 -> CUENCA | B9: =+Hoja1!C18 -> 8 | C9: =+Hoja1!T18 -> 0 | D9: =+Hoja1!U18 -> 0 | E9: =+Hoja1!AA18 -> 6 | F9: =+Hoja1!AB18 -> 1 | G9: =+Hoja1!AE18 -> 1 | H9: =+Hoja1!AF18 -> 0 | I9: =+Hoja1!AL18 -> 3 | J9: =+Hoja1!AM18 -> 0 | K9: =+Hoja1!AP18 -> 27 | L9: =+Hoja1!AQ18 -> 2 | M9: =+Hoja1!AW18 -> -23 | N9: =+Hoja1!AX18 -> -2
A10: =+Hoja1!B19 -> LIMA | B10: =+Hoja1!C19 -> 8 | C10: =+Hoja1!T19 -> 3 | D10: =+Hoja1!U19 -> 0 | E10: =+Hoja1!AA19 -> 4 | F10: =+Hoja1!AB19 -> 0 | G10: =+Hoja1!AE19 -> 0 | H10: =+Hoja1!AF19 -> 1 | I10: =+Hoja1!AL19 -> 1 | J10: =+Hoja1!AM19 -> 2 | K10: =+Hoja1!AP19 -> 2 | L10: =+Hoja1!AQ19 -> 0 | M10: =+Hoja1!AW19 -> 0 | N10: =+Hoja1!AX19 -> 0
A11: =+Hoja1!B20 -> CUENCA | B11: =+Hoja1!C20 -> 9 | C11: =+Hoja1!T20 -> 9 | D11: =+Hoja1!U20 -> 0 | E11: =+Hoja1!AA20 -> 3 | F11: =+Hoja1!AB20 -> 0 | G11: =+Hoja1!AE20 -> 3 | H11: =+Hoja1!AF20 -> 0 | I11: =+Hoja1!AL20 -> 32 | J11: =+Hoja1!AM20 -> 2 | K11: =+Hoja1!AP20 -> 0 | L11: =+Hoja1!AQ20 -> 0 | M11: =+Hoja1!AW20 -> 0 | N11: =+Hoja1!AX20 -> 0
A12: =+Hoja1!B21 -> LIMA | B12: =+Hoja1!C21 -> 9 | C12: =+Hoja1!T21 -> 3 | D12: =+Hoja1!U21 -> 1 | E12: =+Hoja1!AA21 -> 6 | F12: =+Hoja1!AB21 -> 0 | G12: =+Hoja1!AE21 -> 0 | H12: =+Hoja1!AF21 -> 0 | I12: =+Hoja1!AL21 -> 0 | J12: =+Hoja1!AM21 -> 0 | K12: =+Hoja1!AP21 -> 1 | L12: =+Hoja1!AQ21 -> 0 | M12: =+Hoja1!AW21 -> 1 | N12: =+Hoja1!AX21 -> 0
